month,holding_month,stock_label,1,2,3,4,5,q5_minus_q1
2010-01,2010-02,baseline,0.06465473971100262,0.07108985248297023,0.06080761319805134,0.05512952457425647,0.05946340703453217,-0.005191332676470449
2010-02,2010-03,baseline,0.025084954522087186,0.04384141728675529,0.035378709443017804,0.02933272540609852,0.043123856872718885,0.0180389023506317
2010-03,2010-04,baseline,-0.08533439638903886,-0.07261178941448085,-0.06180197630235811,-0.064501554879962,-0.059369557240661695,0.025964839148377168
2010-04,2010-05,baseline,-0.08499178017082651,-0.092503524901734,-0.0821378230980674,-0.08776501925952158,-0.08359248880018372,0.0013992913706427912
2010-05,2010-06,baseline,-0.0912069859326413,-0.1000714161013849,-0.09741742330818173,-0.09252321446289491,-0.09545952424272654,-0.004252538310085235
2010-06,2010-07,baseline,0.1707100897604601,0.1630343473982043,0.16155517802817534,0.1539253285021418,0.15018039293185437,-0.020529696828605726
2010-07,2010-08,baseline,0.0859786288316508,0.08461346554957407,0.0854365802654734,0.09595336004966071,0.1002294758388529,0.014250847007202097
2010-08,2010-09,baseline,0.005195538483001665,0.008741794825940202,0.014734625668343567,0.022525448345158967,0.02985856180757509,0.024663023324573423
2010-09,2010-10,baseline,0.07861093959494163,0.07865719436043278,0.09213125007528603,0.12313708473380876,0.12991587346756353,0.0513049338726219
2010-10,2010-11,baseline,-0.03287630818996796,-0.0036551365598021745,0.0018471694654602117,0.02332277560949563,0.0017442644118536937,0.03462057260182165
2010-11,2010-12,baseline,-0.027613768356180405,-0.019733802806494276,-0.015148730475785105,-0.021308692972868717,-0.015158500919292939,0.012455267436887466
2010-12,2011-01,baseline,-0.06581477265392179,-0.05689200173587674,-0.037106720592630295,-0.0411466887864941,-0.0393115373474671,0.026503235306454688
2011-01,2011-02,attention,0.025479024207220796,0.06822606656651121,0.08379046081096354,0.10436790082920651,0.07538952666964496,0.049910502462424164
2011-01,2011-02,baseline,0.10622714361858528,0.10271043319335788,0.0996203367065168,0.1036165043834974,0.09963046475311242,-0.006596678865472855
2011-01,2011-02,information,0.02945286940914029,0.10841305162743328,0.0891652780173315,0.07860467637616715,0.09503537421726334,0.06558250480812305
2011-02,2011-03,attention,-0.012482954364777053,0.010846463217897506,-0.01754231312738721,0.02457028206901678,0.002714003135374857,0.01519695750015191
2011-02,2011-03,baseline,-0.013312133518400533,-0.0004400002346487927,-0.009157920296992266,0.0011202363006858427,-0.016607748546073282,-0.0032956150276727495
2011-02,2011-03,information,-0.09393726604129876,-0.03144645649679256,0.0020093596636806175,-0.060680021500945834,-0.057632712327987355,0.036304553713311406
2011-03,2011-04,attention,-0.008436976247443724,-0.0344761811725125,-0.028409040865780718,-0.0015999674507277883,-0.0031168094165581585,0.0053201668308855655
2011-03,2011-04,baseline,-0.037140468214658454,-0.029660406279850792,-0.04217816503305714,-0.028674723275990393,-0.032397630357938974,0.00474283785671948
2011-03,2011-04,information,0.017359133090927358,-0.035645371752703846,-0.07521217617610734,-0.019228016552982362,0.012166804742935045,-0.005192328347992313
2011-04,2011-05,attention,-0.05381426832399838,-0.037419406311249355,-0.08103154979821958,-0.0499448061991679,-0.04810462362943348,0.005709644694564905
2011-04,2011-05,baseline,-0.07714530982633323,-0.07208426994239919,-0.07224410453794483,-0.06635742748397164,-0.06341108353240305,0.013734226293930188
2011-04,2011-05,information,-0.06859077750306729,-0.07951238190505802,-0.06191536526337962,-0.06170403814115715,-0.04134093314374822,0.02724984435931907
2011-05,2011-06,attention,-0.03308118777715601,-0.00264563980950318,0.005148829593537098,-0.03129748567709215,-0.009931089404176498,0.023150098372979513
2011-05,2011-06,baseline,0.04261344498935172,0.04443577807323682,0.027733830039485204,0.025789717189798077,0.030453218859076717,-0.012160226130275002
2011-05,2011-06,information,-0.01521222851298402,0.04407893671385131,0.041942878232044754,0.019014958399104182,-0.0012280497701339893,0.01398417874285003
2011-06,2011-07,attention,-0.09529702970297038,-0.048934490923441154,-0.053050397877984046,0.026120114394661664,-0.060975056689342444,0.03432197301362794
2011-06,2011-07,baseline,-0.0015569953161178555,0.009057586019812729,0.02389631480758547,0.015212471154749569,0.01715825779347546,0.018715253109593315
2011-06,2011-07,information,0.06535826455965743,0.05236268411208037,-0.025153576706203513,-0.05914822855111046,0.041522655813913956,-0.023835608745743475
2011-07,2011-08,attention,-0.02379836203474107,-0.0006335684132042441,-0.019079376609661403,-0.028641087684109844,-0.07740046566056784,-0.053602103625826764
2011-07,2011-08,baseline,-0.044438522390884604,-0.028417935623185783,-0.03235930913718682,-0.03743735335389981,-0.029610355380133426,0.014828167010751177
2011-07,2011-08,information,-0.038571258181033734,-0.04570023199556043,-0.012869538468453078,-0.05761584719662184,-0.009965760229084398,0.028605497951949336
2011-08,2011-09,attention,-0.13827097206797428,-0.14913128799080122,-0.13806240889948865,-0.12766198818421468,-0.11398670935731298,0.02428426271066131
2011-08,2011-09,baseline,-0.1322845783619472,-0.11938554245871344,-0.11454504118972693,-0.11528040749906861,-0.11199644467370887,0.02028813368823834
2011-08,2011-09,information,-0.13110688359151276,-0.12356181490398378,-0.10600627009948675,-0.11858229765197331,-0.10320472946376147,0.027902154127751294
2011-09,2011-10,attention,0.04320964374770148,0.07158164221087528,0.04383197514717758,0.061858062175999824,0.03675576452670686,-0.006453879220994621
2011-09,2011-10,baseline,0.0450741951335821,0.04005006423959522,0.041314662570268605,0.03764091949463507,0.04276327984692774,-0.0023109152866543636
2011-09,2011-10,information,,,-0.0425702811244979,,-0.017601760176017667,
2011-10,2011-11,attention,-0.10521759047524896,-0.03508837828301558,-0.03854471492424869,-0.06519905387189225,-0.057611813013945405,0.04760577746130356
2011-10,2011-11,baseline,-0.04599170699909875,-0.04270439052850521,-0.042564639037261584,-0.041844869012498405,-0.03503913702806079,0.01095256997103796
2011-10,2011-11,information,-0.04133816712653758,-0.049154906972926946,-0.05245993569638841,-0.03614264527617593,-0.059037839403616954,-0.017699672277079373
2011-11,2011-12,attention,-0.16436359416387536,-0.1736841965776188,-0.16214753595365752,-0.13890401286016898,-0.14675703507061907,0.017606559093256285
2011-11,2011-12,baseline,-0.1542208726182124,-0.14680028804933257,-0.1431268351697995,-0.14311695499989108,-0.1407343934004266,0.013486479217785813
2011-11,2011-12,information,-0.1320224719101123,-0.2610966057441254,-0.1996461306416058,-0.36652977412731,-0.14101245491433728,-0.008989983004224988
2011-12,2012-01,attention,-0.05604052833994866,-0.027035628743064956,-0.019229568191758622,0.020776768444995104,-0.026992969202259416,0.029047559137689243
2011-12,2012-01,baseline,-0.018900493537139604,-0.0008883775652606257,0.003504278691275683,0.012489564252039842,0.008888555210741984,0.027789048747881587
2012-01,2012-02,attention,0.14021153086633553,0.1150504199477986,0.10099761641626087,0.09361490791012503,0.0605214127812015,-0.07969011808513403
2012-01,2012-02,baseline,0.15028633154907312,0.13246578030410572,0.12863915412120372,0.11494714698462956,0.12263676066232763,-0.02764957088674548
2012-01,2012-02,information,0.23853035688038604,0.14581686853748735,0.15244927121479449,0.11460667611367226,0.09457069749139164,-0.1439596593889944
2012-02,2012-03,attention,-0.07348016142855775,-0.08546128310552366,-0.07633488491673336,-0.07866917871535786,-0.07487205290570699,-0.001391891477149243
2012-02,2012-03,baseline,-0.09688490244051617,-0.06878616811183594,-0.07022101092298531,-0.0681570463170932,-0.06579187494213806,0.031093027498378112
2012-02,2012-03,information,-0.021131881525167606,-0.06874573898083268,-0.07526969911698075,-0.028019436563297695,0.05591107604370501,0.07704295756887261
2012-03,2012-04,attention,0.05623509141676191,0.07755128944303416,0.037063791736528115,0.049488998255085306,0.06422884973577521,0.007993758319013299
2012-03,2012-04,baseline,0.06779688718280977,0.08513479945611477,0.08590064942384415,0.07630779107729344,0.06995574180323984,0.00215885462043007
2012-03,2012-04,information,0.06633444631933332,0.07072818237143738,0.06513798944234282,0.0423167470961741,0.045189070824269054,-0.02114537549506426
2012-04,2012-05,attention,-0.030131712590335962,0.00204519963258043,-0.016992218909373767,-0.0018699257271866053,-0.0033878113530580586,0.026743901237277903
2012-04,2012-05,baseline,0.015408290240473223,0.028217844182174476,0.025566352383014985,0.02316383111918845,0.028905615261232163,0.01349732502075894
2012-04,2012-05,information,0.023412710040440363,0.0074598793295150845,0.0189636611076562,0.04429317130076401,0.014469790789799403,-0.00894291925064096
2012-05,2012-06,attention,-0.05875405108618005,-0.06076842785442145,-0.04309962573481773,-0.035878251236583426,-0.05969492860008868,-0.0009408775139086306
2012-05,2012-06,baseline,-0.07393232279543788,-0.06413875617574245,-0.06149052803792389,-0.06336427225658278,-0.05575295024995532,0.018179372545482554
2012-05,2012-06,information,-0.06993500020888022,-0.0669426938653521,-0.056602751350010715,-0.05225761883126306,-0.06679937765838433,0.0031356225504958896
2012-06,2012-07,attention,-0.1266640521603293,-0.11359147652518585,-0.13587212739739035,-0.12724781425912227,-0.11706463418396355,0.009599417976365751
2012-06,2012-07,baseline,-0.09669451943303273,-0.08628231750934426,-0.09430895408264282,-0.0754045336304494,-0.09034995257018967,0.006344566862843057
2012-06,2012-07,information,-0.036052378274154306,-0.1241057416788506,-0.060219477254177395,-0.12172330246530778,-0.09197969012951362,-0.05592731185535932
2012-07,2012-08,attention,0.02892701297613457,0.05159807986470517,0.010546116713842401,-0.002515458995884214,0.02819390263241733,-0.0007331103437172408
2012-07,2012-08,baseline,0.019659169740705675,0.015263062905670645,0.012782686879558466,0.015607345603416546,0.015289915565487679,-0.004369254175217996
2012-07,2012-08,information,0.027281452710939378,-0.01403562827576567,-0.027395574440758238,0.03015899948540313,0.021482700146142484,-0.005798752564796894
2012-08,2012-09,attention,-0.025679340418434463,-0.010519527698963343,-0.007328233642452647,0.011352077135211875,-0.001633193426240414,0.02404614699219405
2012-08,2012-09,baseline,0.00814866962178572,0.02149105868460224,0.01928952536930121,0.01421421330232759,0.013266513987621412,0.005117844365835693
2012-08,2012-09,information,-0.010783178993647257,0.029182688448074912,0.009172498313192745,0.0036425335411373995,-0.0020974262773457548,0.008685752716301502
2012-09,2012-10,attention,-0.023350222170993883,-0.016149214991521454,-0.008352074493992074,-0.023445168473248772,-0.028917584187890217,-0.005567362016896334
2012-09,2012-10,baseline,-0.0039426071668683185,0.010350645881416761,0.002146509011876837,-0.006903176264542174,-0.007912701320732992,-0.003970094153864673
2012-09,2012-10,information,0.19958634953464305,0.10202702702702715,0.03673635168998479,0.0,-0.09509803921568638,-0.29468438875032943
2012-10,2012-11,attention,-0.11480982858513274,-0.07565874686351777,-0.0971662066637946,-0.08871571916714709,-0.10470869413032423,0.010101134454808508
2012-10,2012-11,baseline,-0.12650270000755737,-0.11784044972520397,-0.10956198923194055,-0.10324361476867526,-0.10633843771201215,0.020164262295545216
2012-10,2012-11,information,-0.10300480583315369,-0.06866734689957023,-0.1149294806296084,-0.07835414940186737,-0.08270303957613277,0.020301766257020917
2012-11,2012-12,attention,0.1404342965379819,0.1654243090281313,0.14180512974322076,0.14034092907112253,0.12150631909985654,-0.018927977438125354
2012-11,2012-12,baseline,0.1722425142742464,0.17246011870647998,0.17018764867231287,0.1643949912888938,0.15327412333374485,-0.01896839094050154
2012-11,2012-12,information,,0.2208201892744479,,0.09871244635193155,0.22254335260115599,
2012-12,2013-01,attention,0.05383100125275805,0.04893060899378,0.050625580712852426,0.04557001867009559,0.06863784263915472,0.014806841386396673
2012-12,2013-01,baseline,0.04819714671104882,0.06848252320652382,0.07051711558372084,0.06961556258462773,0.07762012539821969,0.02942297868717087
2012-12,2013-01,information,,,0.2239280042350451,,0.03353658536585358,
2013-01,2013-02,attention,0.039078997904627634,0.032110499104365794,0.027654099365561607,0.02779243135485673,0.04033484252013438,0.0012558446155067488
2013-01,2013-02,baseline,0.03747094798897529,0.0422754789111187,0.03640899291059692,0.030491397712079874,0.042441770236985886,0.004970822248010598
2013-01,2013-02,information,0.05062047104087364,0.08016142697989816,0.026904574033962535,0.02141491593925148,0.03438507685943937,-0.01623539418143427
2013-02,2013-03,attention,-0.0443604596797133,-0.047804695747974385,-0.04089276733596141,-0.06179187024249329,-0.04816827727209912,-0.003807817592385826
2013-02,2013-03,baseline,-0.04127637442096282,-0.02632185011424181,-0.03782760494044923,-0.03949229761597644,-0.026989261569627596,0.014287112851335222
2013-02,2013-03,information,0.017018804439940072,-0.0503316301857237,-0.045795917093481193,-0.018359136714223987,-0.015418205748951697,-0.032437010188891766
2013-03,2013-04,attention,-0.05500444609512978,-0.052622658187966284,-0.03438720581089015,-0.03490141061516438,-0.04792454155711726,0.0070799045380125145
2013-03,2013-04,baseline,-0.029258814038291205,-0.028345128215118264,-0.026662236221358455,-0.029105046472808302,-0.020570064806137486,0.008688749232153719
2013-03,2013-04,information,-0.007538723260312953,-0.0026610738663129844,-0.040710758038487914,-0.013467941653029327,-0.027005725760507224,-0.019467002500194272
2013-04,2013-05,attention,0.12019725378818265,0.15723114934719654,0.11598480700417321,0.13936459101294602,0.16632484120125826,0.04612758741307561
2013-04,2013-05,baseline,0.14897406333718116,0.1521916108820188,0.14374530451889328,0.13309070840441714,0.13784792385295397,-0.011126139484227193
2013-04,2013-05,information,0.18779791988255876,0.18939096173653525,0.10310095738481984,0.11874200058931919,0.1379709103707919,-0.04982700951176686
2013-05,2013-06,attention,-0.13058935475873146,-0.14970147062324823,-0.14276108051863926,-0.14621690566631357,-0.14923495455918623,-0.01864559980045477
2013-05,2013-06,baseline,-0.13789797613290886,-0.16318287138098128,-0.16404049522396388,-0.1737529407246307,-0.16499730712888105,-0.0270993309959722
2013-05,2013-06,information,-0.09264646070492621,-0.13224126458185614,-0.076472420931206,-0.1278374128826067,-0.13681477707614315,-0.04416831637121693
2013-06,2013-07,attention,0.11783475572794443,0.07519055479943233,0.049578272065832825,0.056946558419928656,0.028623331212921474,-0.08921142451502295
2013-06,2013-07,baseline,0.09523737485706031,0.09183156374555221,0.06852732462845139,0.06310402557229677,0.04560652878608148,-0.04963084607097883
2013-06,2013-07,information,0.11093585152116303,0.08409641855670016,0.047729332993516,0.018529895442848044,0.030777102716894645,-0.08015874880426839
2013-07,2013-08,attention,0.05610111813774891,0.0804148441344596,0.07401406281771326,0.10857458260793657,0.1001224613521579,0.04402134321440899
2013-07,2013-08,baseline,0.06446895580587038,0.08168516072906933,0.10019053612308673,0.09631881421600168,0.08783219474868098,0.023363238942810602
2013-07,2013-08,information,0.05245286863434584,0.06972023936834836,0.04015841872495845,0.10755316986003818,0.042975707577970354,-0.009477161056375485
2013-08,2013-09,attention,0.040637635715456547,0.022506937695088953,0.04221962586358494,0.05086262612777003,0.028473118371518065,-0.012164517343938482
2013-08,2013-09,baseline,0.06746639731962706,0.061631836678800594,0.0710676479687985,0.050232390056639785,0.06807416181657719,0.0006077644969501306
2013-08,2013-09,information,0.08718126019676603,0.030481936895958205,0.06800249200031719,0.0457079101147313,0.014889935268163734,-0.0722913249286023
2013-09,2013-10,attention,-0.017816751253657927,-0.02002384278809425,-0.03265406435065866,-0.006162137930770404,-0.014689547973654472,0.0031272032800034547
2013-09,2013-10,baseline,-0.045603656845860346,-0.03799229308275543,-0.017249654520713795,-0.019654447830191758,-0.014165503702139173,0.03143815314372117
2013-09,2013-10,information,0.03162539786433283,-0.10853547306881983,-0.03474002783780811,-0.012934714215261212,-0.0240245548695938,-0.05564995273392663
2013-10,2013-11,attention,0.05530012392381514,0.05885361376458585,0.10421122412451128,0.07253007420094641,0.07522374163258469,0.019923617708769548
2013-10,2013-11,baseline,0.09113300840367897,0.09151727387477554,0.08234778937209444,0.09804469953514174,0.09374553386506294,0.002612525461383977
2013-10,2013-11,information,0.06766994699906048,0.08320683290831074,0.06602550053603629,0.05901399265141279,0.07479094182745169,0.007120994828391208
2013-11,2013-12,attention,-0.060654613387620446,-0.020367425417891966,-0.01398382643481858,0.002053781580890807,-0.047915761517488935,0.012738851870131511
2013-11,2013-12,baseline,-0.054719408283618674,-0.029535951652995367,-0.021607882609530886,-0.02112585268222285,-0.0366195778653826,0.018099830418236075
2013-11,2013-12,information,,-0.19800332778702157,,-0.0732984293193718,0.012380952380952381,
2013-12,2014-01,attention,0.02535741378908011,0.028716443005785623,0.009523542196913896,-0.014432284013689754,-0.01743733325295145,-0.04279474704203156
2013-12,2014-01,baseline,0.08134820600850856,0.029824915631154438,0.008529844915678046,-0.0072164728808432246,0.00012117279055471582,-0.08122703321795384
2013-12,2014-01,information,,,,,0.046782823432569565,
2014-01,2014-02,attention,0.044496688406998906,0.03596763947848808,0.035357384354608765,0.023218579743559786,0.021779599974037,-0.022717088432961906
2014-01,2014-02,baseline,0.02439826567743082,0.0343048095818911,0.036639046347004524,0.03508386737997883,0.04425453327882126,0.019856267601390445
2014-01,2014-02,information,0.02765184003422845,0.013796733581824955,0.046611994276853586,0.035598775771576996,0.026859854911976094,-0.0007919851222523561
2014-02,2014-03,attention,-0.023429127503215557,-0.03236994176101301,-0.003528766512533356,-0.032851433389780284,-0.04606550996803941,-0.022636382464823853
2014-02,2014-03,baseline,-0.04958550377916927,-0.019548011681072983,-0.00972668777141386,-0.008339356575043703,-0.04204035905994168,0.007545144719227584
2014-02,2014-03,information,-0.07809802310828148,-0.026327831080486357,-0.016542622660013037,0.01237477825749067,-0.047317710309939885,0.0307803127983416
2014-03,2014-04,attention,-0.0074266420441420145,-0.026113140206252876,-0.03137117322525824,0.0035187355594887676,-0.029260164464099712,-0.021833522419957698
2014-03,2014-04,baseline,-0.022841775316128937,-0.01290793681860768,-0.007401008026166192,-0.01229790074453971,-0.006801589528792118,0.01604018578733682
2014-03,2014-04,information,-0.049497199297265905,0.012464919192184388,-0.037585656570586184,-0.0049085469930525835,-0.05069053295323777,-0.001193333655971865
2014-04,2014-05,attention,-0.0005240302202985191,0.015279014957332472,0.005121589566130212,0.014361686738905838,0.00943173264166207,0.00995576286196059
2014-04,2014-05,baseline,0.04174038558358563,0.026926558263309423,0.03244553538212102,0.025130713804555165,0.025275654041131607,-0.016464731542454022
2014-04,2014-05,information,0.0007202375164165644,0.0114895704869264,0.04093080229908182,0.01793385963309817,0.038887685891459724,0.038167448375043156
2014-05,2014-06,attention,0.0011741742064481126,0.029657639392802648,-0.005274276078653223,0.059099174942309304,0.047365059781812276,0.04619088557536416
2014-05,2014-06,baseline,0.05384345444708062,0.050051457016951774,0.04286429846587265,0.04269768821483537,0.05217025112711344,-0.0016732033199671828
2014-05,2014-06,information,-0.025322709831087042,0.024716505192765293,0.032026393628802975,0.09931104434786116,0.016707480414059117,0.04203019024514616
2014-06,2014-07,attention,0.10012125726595192,0.08103102428093042,0.057965365643821175,0.0768638710933984,0.064674691848599,-0.035446565417352915
2014-06,2014-07,baseline,0.071996155898315,0.08575871408865687,0.08536454819874874,0.07276684470612864,0.06575333986900163,-0.006242816029313369
2014-06,2014-07,information,0.16201859987320036,0.06638699626173931,0.10687561427338887,0.052551805181974554,0.03370995005273949,-0.12830864982046086
2014-07,2014-08,attention,0.0341918831891117,0.04821929652235577,0.03986168179021143,0.02566939566565948,0.029534728100826236,-0.004657155088285462
2014-07,2014-08,baseline,0.05242705367161467,0.06947373525154768,0.05988325032386157,0.05038228805734843,0.05980986419816408,0.007382810526549412
2014-07,2014-08,information,0.05960065298175194,0.07257967001129882,0.08823016705623031,0.015348912244530166,0.05528403163158844,-0.004316621350163502
2014-08,2014-09,attention,0.1368027759848036,0.15633994845989502,0.17375922078223247,0.1255935736775097,0.10187194162092475,-0.03493083436387884
2014-08,2014-09,baseline,0.13971381866800955,0.14807612674986823,0.1341537139412825,0.11894437780179397,0.12760437245167724,-0.012109446216332309
2014-08,2014-09,information,0.16091353746090747,0.11766408177476861,0.12160860461513182,0.16067303905277475,0.12909070661791322,-0.031822830842994254
2014-09,2014-10,attention,0.014649242595597925,0.033341712900124755,0.013328947666528706,0.039266791501469424,0.014236251957641017,-0.000412990637956908
2014-09,2014-10,baseline,0.0026299212056225497,0.012636751816004526,0.014217187031244232,0.019972177872611213,0.018970843214537795,0.016340922008915244
2014-09,2014-10,information,-0.10603290676416799,-0.01727176594994706,0.02065812764597924,-0.03967327887981331,-0.006858395559304731,0.09917451120486326
2014-10,2014-11,attention,0.0873893528677324,0.05228152323879985,0.08752043163018407,0.04667693312139407,0.05683188435341687,-0.030557468514315532
2014-10,2014-11,baseline,0.04598201182484613,0.06272529048801828,0.05787903166099857,0.05064805916743454,0.05826748494942865,0.012285473124582516
2014-10,2014-11,information,0.0905447161645183,0.05671044865606357,0.09855113685425891,0.08161035125630399,0.08688050519286775,-0.0036642109716505528
2014-11,2014-12,attention,0.002941757085565477,0.04527487045256277,0.026799864362758698,0.13160516490155394,0.19218584210101092,0.18924408501544543
2014-11,2014-12,baseline,-0.08320490197784605,-0.07948344800185063,-0.061617857113774405,-0.03791075392671574,-0.005660661142138406,0.07754424083570764
2014-11,2014-12,information,0.07325190497534739,0.10445004043820305,0.06450915802261475,0.05043723229849084,0.11974105747541408,0.04648915250006669
2014-12,2015-01,attention,0.009956132294970124,0.015510059885979496,0.018205323248957905,0.04003311036635733,0.01048063512386063,0.0005245028288905062
2014-12,2015-01,baseline,0.10055287300198616,0.08094428917282422,0.09451571609939617,0.08719955776998031,0.09736764075988417,-0.0031852322421019874
2014-12,2015-01,information,-0.06418485237483951,0.02195451607216309,0.0,0.12582744128205392,0.03416488983653165,0.09834974221137116
2015-01,2015-02,attention,0.036554217972784395,0.04454485888525295,0.05594395462239602,0.06236478507406804,0.07215145476008253,0.035597236787298134
2015-01,2015-02,baseline,0.07549911790335084,0.07835384266297424,0.074379721009997,0.08042135192368087,0.08127643883540142,0.005777320932050578
2015-01,2015-02,information,0.08132636636276759,0.05492209436378518,0.0830346907951311,0.07423143658943225,0.08294969768326801,0.0016233313205004235
2015-02,2015-03,attention,0.2568887553707182,0.2012018085312289,0.18582542657136372,0.18062622258159525,0.16208007617566184,-0.09480867919505637
2015-02,2015-03,baseline,0.225775511975769,0.2333884775757572,0.2348343712206222,0.2214753408802895,0.22177982939539945,-0.003995682580369558
2015-02,2015-03,information,0.15973370919873767,0.17043580574860434,0.16313770446303136,0.18166672038572773,0.3437989443914083,0.18406523519267062
2015-03,2015-04,attention,0.1773873922604422,0.1433321923111011,0.14987756680157388,0.16761886731498085,0.14454080610634776,-0.03284658615409444
2015-03,2015-04,baseline,0.16675866897375563,0.16675273602154056,0.16473834579905905,0.1671260073821577,0.18092528672092717,0.01416661774717154
2015-03,2015-04,information,0.15878084977628748,0.1466621335182922,0.16194881586915547,0.16629632535119163,0.1781380790883617,0.01935722931207423
2015-04,2015-05,attention,0.20704852889697298,0.19810907175920017,0.22270598577586612,0.1791524719529999,0.15975710481577865,-0.04729142408119433
2015-04,2015-05,baseline,0.24261497210755623,0.2595631857956684,0.22686731724869,0.23199382840257388,0.25975979654655323,0.01714482443899701
2015-04,2015-05,information,0.2752107780739253,0.28394929643625044,0.24324241996327522,0.22449782135303517,0.2261174056837891,-0.0490933723901362
2015-05,2015-06,attention,-0.09381523392618603,-0.05100753028881393,-0.02214987520278129,-0.034564637772544066,-0.1262939004553004,-0.03247866652911437
2015-05,2015-06,baseline,-0.13117704983396677,-0.08415004667497285,-0.08293536869188098,-0.09482930068503308,-0.1228696254121299,0.008307424421836879
2015-05,2015-06,information,-0.1136837820220173,-0.043181208041180454,-0.01628291938513388,-0.08134995408958844,-0.19835675711745324,-0.08467297509543593
2015-06,2015-07,attention,-0.23197667680758113,-0.19628651834473929,-0.20831949227791205,-0.18099345121871382,-0.11161440152005492,0.12036227528752622
2015-06,2015-07,baseline,-0.20994468610831435,-0.19006917528693792,-0.18712015311182645,-0.16276444704463816,-0.14265677105993202,0.06728791504838233
2015-06,2015-07,information,-0.18230774606064906,-0.2082222633031855,-0.20331043830282847,-0.19420135870582325,-0.1526265586850243,0.02968118737562475
2015-07,2015-08,attention,-0.1687408245751352,-0.07256827275623656,-0.07740547032461685,-0.1247312279246157,-0.1270680991368032,0.041672725438332
2015-07,2015-08,baseline,-0.12556350052277904,-0.1230847409047305,-0.12263079654025455,-0.13309401198445778,-0.1545358174528535,-0.02897231693007446
2015-07,2015-08,information,-0.1154268277320697,-0.1537189600606626,-0.08059542163316755,-0.13708956621772841,-0.1737424394912355,-0.05831561175916579
2015-08,2015-09,attention,-0.015715473803552704,-0.18361344484451483,0.012539963620782857,-0.076654392735516,-0.05672655077850863,-0.04101107697495593
2015-08,2015-09,baseline,-0.023074184841396863,-0.030548553435004826,-0.023992391557239385,-0.025826515412577123,-0.034225285711461176,-0.011151100870064313
2015-08,2015-09,information,-0.08262140622062285,-0.04494214589810354,-0.0669672245935752,-0.05660086199544375,-0.05988126087996217,0.022740145340660677
2015-09,2015-10,attention,0.4376996805111819,0.4061158798283262,0.20360360360360374,0.3694620253164558,0.18111753371868988,-0.256582146792492
2015-09,2015-10,baseline,0.2357862518854512,0.22339041086551664,0.21978266638386637,0.23792391784109235,0.2510247063367726,0.01523845445132141
2015-09,2015-10,information,0.10573317129436063,0.07787932400127655,0.09463157116707559,0.0774127836303327,0.08547663538356436,-0.020256535910796278
2015-10,2015-11,attention,-0.04230057410196038,0.13787194283236998,0.1343335390782867,0.1931679727025269,0.1329317955748513,0.17523236967681166
2015-10,2015-11,baseline,0.10742607232817826,0.10370721670360084,0.09260527649012852,0.09191520633530184,0.09825698907296435,-0.009169083255213914
2015-10,2015-11,information,0.03309517832476442,0.07748567060291356,0.03744567658347627,0.07245911547947473,0.11118098935433601,0.0780858110295716
2015-11,2015-12,attention,0.005869752334117605,0.07569260167480422,0.044612112326455865,0.04971150616624912,-0.014078851703468537,-0.01994860403758614
2015-11,2015-12,baseline,0.06685146119868265,0.07565836472984429,0.07997013934108352,0.07248862426974105,0.052133424237735156,-0.014718036960947499
2015-11,2015-12,information,0.09476439790575908,0.09846827133479197,0.13127753303964762,-0.16958041958041958,0.06417624521072796,-0.030588152695031123
2015-12,2016-01,attention,-0.3640651543281069,-0.38976976619309617,-0.3437963481784643,-0.2923363641266188,-0.2931561656743743,0.07090898865373257
2015-12,2016-01,baseline,-0.2971706800093235,-0.2945226440695108,-0.2940845301718102,-0.29345556197904243,-0.2956180597826477,0.0015526202266757938
2015-12,2016-01,information,,,-0.22707595434868166,,0.0,
2016-01,2016-02,attention,0.03346608397140305,-0.023078928747148595,0.006418709749161829,-0.0132278069788556,0.014798595948795876,-0.018667488022607173
2016-01,2016-02,baseline,-0.029451555755391892,-0.019161162312670704,-0.014353943576251768,-0.011266438516156316,-0.0156505382328473,0.013801017522544593
2016-01,2016-02,information,-0.07624427941595563,-0.12661999106211824,-0.06962909126459423,-0.05534368164755887,0.002317526720664431,0.07856180613662006
2016-02,2016-03,attention,0.02847064212076522,0.08646693190024483,0.07122278466087029,0.13977074818630414,0.1108963587374392,0.08242571661667397
2016-02,2016-03,baseline,0.20558191325282382,0.20562978694420347,0.2021496933448169,0.18606088279213803,0.18153790481316714,-0.024044008439656678
2016-02,2016-03,information,0.05393586268462325,0.1817422120195082,0.14093937152111963,0.07187075419650177,0.1293568532768217,0.07542099059219845
2016-03,2016-04,attention,-0.004101120273875852,0.031069432636409794,-0.008104644072540102,0.0016486861578993428,-0.08186764670711635,-0.0777665264332405
2016-03,2016-04,baseline,-0.020786758661501564,-0.010210096268553036,-0.0021057034800784457,0.003271861790758109,-0.00405240082563143,0.016734357835870135
2016-03,2016-04,information,0.09300699300699278,-0.07333333333333325,-0.031465848042977806,0.03653355989804585,-0.1285500747384155,-0.2215570677454083
2016-04,2016-05,attention,0.03092169173627603,-0.0830302140652186,-0.06219206766918985,0.09145458803434707,-0.025360490480994695,-0.05628218221727073
2016-04,2016-05,baseline,-0.020922577269080395,-0.025296016332575066,-0.010326449339174468,-0.012124961415097153,-0.009383480544983678,0.011539096724096717
2016-04,2016-05,information,0.0019735017350885897,-0.12252884729948943,-0.012910919160919057,0.016368686361137252,-0.002413043866224059,-0.004386545601312649
2016-05,2016-06,attention,-0.00631348961642988,0.04199807777324001,0.09098186838721184,0.12072945370823127,0.016498735568120888,0.02281222518455077
2016-05,2016-06,baseline,0.06910925106073418,0.06025722084582861,0.053566116795855157,0.0514309787434954,0.05887040471356517,-0.010238846347169005
2016-05,2016-06,information,,0.08082706766917291,,0.07964601769911495,0.0,
2016-06,2016-07,attention,-0.018415113566151997,0.02820730981224581,0.02114849713217575,-0.009311985169527026,-0.07185965868387696,-0.053444545117724965
2016-06,2016-07,baseline,-0.04388198417614026,-0.012221177404541659,0.007066715578442776,0.02396074226178745,0.0007543997743222759,0.04463638395046254
2016-06,2016-07,information,-0.0877192982456142,0.06842105263157894,-0.09897890295358647,-0.06184798807749625,-0.07094439410528441,0.016774904140329783
2016-07,2016-08,attention,0.0360825275312492,0.00324729995852423,0.0011129482214199515,0.029937432636216503,0.014944592918758381,-0.02113793461249082
2016-07,2016-08,baseline,0.05236003355618355,0.04708933088218489,0.04919370627518311,0.0499199220437115,0.05074801815308049,-0.0016120154031030592
2016-07,2016-08,information,0.0904650620804049,0.021078253879063553,0.04223238169298904,0.028965862540387983,0.014122648201809335,-0.07634241387859557
2016-08,2016-09,attention,-0.024095879489977497,0.024761114202175055,0.008350481019674323,-0.00939622295700446,-0.015998154278712637,0.00809772521126486
2016-08,2016-09,baseline,-0.014402739122444087,-0.011193128305730441,-0.008209926811250039,-0.007668040948886524,-0.00013038700287776125,0.014272352119566326
2016-08,2016-09,information,-0.010623974614842569,0.044004485671593895,-0.008764256743174225,-0.01985516215742622,-0.025223862030364214,-0.014599887415521645
2016-09,2016-10,attention,0.02103795353117115,0.014597726579218182,0.018437319398745117,0.03615093097985071,0.011439254518858563,-0.009598699012312587
2016-09,2016-10,baseline,0.04123055252846745,0.03644097213721018,0.0374372353066763,0.034071225818609094,0.031015389632867443,-0.010215162895600004
2016-09,2016-10,information,,,-0.08994708994708989,,-0.059885512989872325,
2016-10,2016-11,attention,0.009851365101272864,0.051307577051952484,0.054107765191112406,0.016182670028050634,0.01307055427548067,0.003219189174207805
2016-10,2016-11,baseline,0.026082991247027103,0.03701406825905837,0.03437427658178119,0.02211119826500298,0.02354723323286742,-0.002535758014159683
2016-10,2016-11,information,0.025072203148135297,-0.0026943732464183023,0.0004837866884266668,0.013537628352261815,-0.023742560929908882,-0.04881476407804418
2016-11,2016-12,attention,-0.023247991004943465,-0.0394641200763971,-0.036600746955316794,-0.046721153562135256,-0.04221628291138381,-0.018968291906440345
2016-11,2016-12,baseline,-0.03684353415117419,-0.04854289989868198,-0.04924866660035614,-0.052943036133801365,-0.048462974326225254,-0.011619440175051066
2016-11,2016-12,information,0.004824259131633424,-0.07300884955752218,0.04042806183115344,-0.07277628032345007,-0.09525896261980304,-0.10008322175143647
2016-12,2017-01,attention,-0.028012819755249246,0.001849808850679554,0.015042255017428093,-0.023819036220953976,-0.007348935108226402,0.020663884647022845
2016-12,2017-01,baseline,-0.032174754873151364,-0.022257038282923382,-0.02132498343154065,-0.019811252341721836,-0.019569606908804157,0.012605147964347207
2016-12,2017-01,information,,-0.040298507462686595,,-0.05067920585161978,-0.05675853018372701,
2017-01,2017-02,attention,0.051302634063726135,0.04619497552598142,0.012744773268270834,0.018000056388277123,0.023635308268311794,-0.02766732579541434
2017-01,2017-02,baseline,0.04194673712056326,0.04530041692245031,0.03862391752179832,0.03585990210450197,0.038800070802023294,-0.0031466663185399646
2017-01,2017-02,information,0.07718775063164977,0.01134849180180099,0.04923100949046682,0.06369052441291682,0.04500835876151703,-0.032179391870132745
2017-02,2017-03,attention,-0.03701813141939331,-0.02301227836263369,-0.012551071824661239,-0.005726501381020285,0.0019049381142126065,0.038923069533605914
2017-02,2017-03,baseline,-0.03215066863296566,-0.022868739175690832,-0.02126254099668596,-0.017124804190174397,-0.01617175209442339,0.01597891653854227
2017-02,2017-03,information,-0.02594842164969997,-0.013873825051040622,0.03860980177298878,-0.0019613387966496143,-0.02857171596445779,-0.0026232943147578187
2017-03,2017-04,attention,-0.050476031531978834,-0.042546413441224666,-0.04134612361238457,-0.033576973844135743,-0.061299617723756236,-0.010823586191777403
2017-03,2017-04,baseline,-0.08069344469682421,-0.05621455109580047,-0.05348504121973792,-0.05230384599147853,-0.050204772008798394,0.030488672688025818
2017-03,2017-04,information,-0.050275794312643576,-0.05329432176390655,-0.03688980553638798,-0.021796865001526545,-0.06279635805365318,-0.0125205637410096
2017-04,2017-05,attention,-0.09750187966718432,-0.07852042408183275,-0.06709771134697888,-0.04310703778525165,-0.05776931543650923,0.03973256423067509
2017-04,2017-05,baseline,-0.0896026568428327,-0.060795665562893945,-0.0672454770465899,-0.06976843622447201,-0.061977246115642225,0.02762541072719047
2017-04,2017-05,information,-0.05254435999995431,-0.05554612873644157,-0.01704576915082684,-0.021558617382692213,-0.04641846171068878,0.006125898289265533
2017-05,2017-06,attention,-0.0069530558964839935,0.029823160812220223,0.02629877956714951,0.04699281554818814,0.010498697525789226,0.01745175342227322
2017-05,2017-06,baseline,0.032361535209022935,0.05092215435178299,0.048714189344103494,0.05126355134463655,0.04353207093319918,0.011170535724176242
2017-05,2017-06,information,0.0046290522441094295,0.0532532303160921,0.05849473740646759,0.056860346536259626,0.020524989652198563,0.015895937408089134
2017-06,2017-07,attention,0.006309137904550287,-0.0022230628451763543,-0.006989076422536145,0.0018364469891535495,0.03013662720964093,0.02382748930509064
2017-06,2017-07,baseline,-0.019086031382382757,0.01252737769586406,0.01730803092764062,0.01509352428642516,-0.004806838463941146,0.01427919291844161
2017-06,2017-07,information,0.028551573292074583,0.0027394166314140453,0.07247521402673643,0.027505640677942752,-0.007974052368568851,-0.036525625660643435
2017-07,2017-08,attention,0.00041977323816667634,0.028229539868856606,0.01455890867138779,0.015528536129536648,0.028475046064191798,0.028055272826025122
2017-07,2017-08,baseline,0.03845694668066669,0.0434591557331205,0.03413855814330235,0.032099968925076945,0.03458699157853297,-0.0038699551021337195
2017-07,2017-08,information,0.03760983486652561,0.02583423698332485,0.028964260513865338,0.04197316991852163,0.051412981592023746,0.013803146725498136
2017-08,2017-09,attention,0.014644161885095978,0.005671707749089577,0.024825270391934644,0.005834776798009736,0.0167448066784532,0.0021006447933572224
2017-08,2017-09,baseline,0.006589173853710597,0.01827152112094677,0.012165333939267466,0.022990575705048286,0.02627503189801365,0.019685858044303055
2017-08,2017-09,information,0.009648790799982888,0.02129041407951403,0.03239155168293605,0.003021266827322816,0.018926927491752545,0.009278136691769657
2017-09,2017-10,attention,-0.06640954536839337,-0.04431039343107407,-0.014370368834707657,-0.020138421078905993,-0.023835112484608758,0.04257443288378461
2017-09,2017-10,baseline,-0.043267413826740264,-0.019758139291851974,-0.012467234348111197,-0.0015473151105901658,-0.0054650355414240116,0.037802378285316254
2017-09,2017-10,information,-0.2039180765805877,-0.09470047643778079,-0.0029235005253789303,-0.0827419952709823,0.2770625099159131,0.4809805864965008
2017-10,2017-11,attention,-0.09440926097478332,-0.07449626537568131,-0.05792649985409405,-0.07370935038012409,-0.04936211013360312,0.045047150841180196
2017-10,2017-11,baseline,-0.07555262550493465,-0.06633557378452917,-0.061340411189647184,-0.05815220543768205,-0.06147605825120092,0.014076567253733727
2017-10,2017-11,information,-0.08784784692579728,-0.05779026600621917,-0.06124235931013741,-0.038085332204272765,-0.012369392228618322,0.07547845469717895
2017-11,2017-12,attention,-0.005836861498818835,-0.012835839937305941,-0.006856691505398625,0.0030299223451469796,-0.012009941524652023,-0.006173080025833188
2017-11,2017-12,baseline,-0.019513120857005475,-0.021200109750885703,-0.01880262901601599,-0.015790734377589228,-0.019796666794417408,-0.00028354593741193243
2017-11,2017-12,information,,0.00588235294117645,-0.012068965517241237,-0.04858490566037732,-0.011566771819137678,
2017-12,2018-01,attention,-0.0725872538309385,-0.026221900534676913,-0.026780823180327387,-0.017037683289321728,-0.012659316296834663,0.05992793753410384
2017-12,2018-01,baseline,-0.03730361048962364,-0.01719646884951805,-0.016275782230741245,-0.021881883412132704,-0.023212083727987234,0.014091526761636407
2017-12,2018-01,information,0.12716378162450082,0.06357388316151202,-0.21865443425076458,-0.1347647327546826,-0.0718874071914044,-0.19905118881590522
2018-01,2018-02,attention,-0.0475200368373106,-0.05819351718923409,-0.04933379109100123,-0.059874405793731496,-0.04929474484562164,-0.0017747080083110392
2018-01,2018-02,baseline,-0.043430842854500974,-0.047229763719700515,-0.047420192768717555,-0.04573740081192701,-0.04083609841465759,0.002594744439843387
2018-01,2018-02,information,-0.06068708381026518,-0.017361166960067884,-0.03359596690983807,-0.009738244031607958,-6.487604466209884e-05,0.06062220776560308
2018-02,2018-03,attention,0.02459513870728572,-0.002424743150715202,0.029046975089363034,0.027796168411100552,0.030602706943170747,0.006007568235885028
2018-02,2018-03,baseline,0.05514520707276481,0.0425663435586579,0.04752262267150039,0.043959465553847166,0.04706200563867206,-0.008083201434092753
2018-02,2018-03,information,0.0498970070104221,0.048188073479278164,0.0366290154887486,0.0717716350143492,0.06489213308811645,0.014995126077694348
2018-03,2018-04,attention,-0.06113493523988063,-0.04260597964433778,-0.039117920174648,-0.03792844504683448,-0.03649124757568914,0.02464368766419149
2018-03,2018-04,baseline,-0.0633100094136332,-0.041844487750879414,-0.03981366787753379,-0.03260804257748563,-0.028114857974829807,0.03519515143880339
2018-03,2018-04,information,-0.06035655920236781,-0.02958932224139702,0.006425239372560781,-0.03162393071188492,-0.013906684638195704,0.0464498745641721
2018-04,2018-05,attention,-0.03522162209387413,-0.008728556812512335,-0.017124904904077205,-0.007872351010627516,0.0021366306466278867,0.037358252740502015
2018-04,2018-05,baseline,-0.029735252572225184,-0.014884374923387188,-0.0067289017229447325,-0.005141998647586494,0.002018192417032029,0.03175344498925721
2018-04,2018-05,information,0.013214004823216908,-0.01404792366162988,0.031549510197293136,0.0012050362196138345,0.0037612714762139225,-0.009452733347002985
2018-05,2018-06,attention,-0.11959828881780743,-0.11451586315791193,-0.11796151626609624,-0.11685939241870155,-0.11051594651027731,0.00908234230753012
2018-05,2018-06,baseline,-0.10735611996440857,-0.10603122938259472,-0.10431531932152036,-0.10330486496416534,-0.10375117037849367,0.003604949585914896
2018-05,2018-06,information,-0.10212412077012084,-0.1199229858652759,-0.09049477079836772,-0.15323910301428956,-0.10003984496863079,0.0020842758014900514
2018-06,2018-07,attention,-0.027641903364704252,0.01706266113468423,0.015010790220696686,0.01833558362637985,-0.02729391162846574,0.0003479917362385135
2018-06,2018-07,baseline,-0.016880035477698178,0.013108233979121413,0.014452321343207867,0.01784976831917542,0.006347799468504095,0.023227834946202272
2018-06,2018-07,information,0.014069384274149102,-0.007351619512900476,0.008578234131667884,0.02111951297117635,-0.03986261225158562,-0.05393199652573472
2018-07,2018-08,attention,-0.0930106840316454,-0.07168620058756282,-0.05527218772022057,-0.06416361132466526,-0.059137524143651865,0.03387315988799354
2018-07,2018-08,baseline,-0.10023878072279689,-0.07816402301041885,-0.07618468241985064,-0.07053647505703799,-0.07497331979632542,0.025265460926471472
2018-07,2018-08,information,-0.07391038181035872,-0.059886122695058795,-0.0702403312748432,-0.08287594049149115,-0.06988604328667893,0.004024338523679796
2018-08,2018-09,attention,0.0011243477761545446,0.0007477770145620264,-0.010595080892377585,-0.004250526918989901,0.01901003756639392,0.017885689790239374
2018-08,2018-09,baseline,-0.004266563231898288,-0.0020956526770838143,-0.0035593810442099095,-0.004541596228944565,-0.00013713334859921495,0.004129429883299073
2018-08,2018-09,information,0.026574055738056445,-0.010463041507199981,-0.0022032855463590562,-0.002520747477116811,0.03334533745986077,0.006771281721804325
2018-09,2018-10,attention,-0.11586534538758735,-0.10930232883691644,-0.08380476768134196,-0.08408956968156252,-0.08493708623712919,0.03092825915045816
2018-09,2018-10,baseline,-0.09920680559367412,-0.09482005145876354,-0.08780721684874464,-0.09757221803177493,-0.09026342476855789,0.008943380825116226
2018-09,2018-10,information,-0.11361227988156458,-0.05198105509738904,-0.08729135396374249,-0.09533059434604896,-0.11119122606927474,0.002421053812289839
2018-10,2018-11,attention,0.03780686057200528,0.030408066078436293,0.03577950901963369,0.06497192061144963,0.04439269932513073,0.0065858387531254475
2018-10,2018-11,baseline,0.04447806332350593,0.06377958679905371,0.06012744815507586,0.06962362188829298,0.07131359364273368,0.02683553031922775
2018-10,2018-11,information,0.030603169713293344,0.04484333281612369,0.06145795980435157,0.04791177941898999,0.04148969152653116,0.010886521813237817
2018-11,2018-12,attention,-0.060059821998609084,-0.041576171393406205,-0.039246897272010854,-0.045953559477450195,-0.049313031445885405,0.010746790552723678
2018-11,2018-12,baseline,-0.042762246286840035,-0.03812410986876992,-0.04278494094585675,-0.03551505136446076,-0.04365956071706746,-0.0008973144302274264
2018-11,2018-12,information,,-0.11860595840359756,-0.0781954887218046,-0.06236559139784936,-0.1134615384615385,
2018-12,2019-01,attention,-0.031303513052704686,-0.0014411714499569888,-0.02111267294151337,-0.010673975642746856,0.01188579082829854,0.04318930388100323
2018-12,2019-01,baseline,-0.0666738621266897,-0.01925809771082002,-0.00995429836348777,0.0008247160252382037,-0.012648026672286667,0.05402583545440304
2018-12,2019-01,information,,,0.028901734104046284,,0.168793749258487,
2019-01,2019-02,attention,0.24413628938843696,0.21124839308166976,0.2146870194619371,0.2048450002345239,0.21704048567593734,-0.027095803712499617
2019-01,2019-02,baseline,0.28156654156982797,0.2278920575032946,0.2136753837513428,0.20696256643957178,0.20760674399484977,-0.0739597975749782
2019-01,2019-02,information,0.2184519470067497,0.1829000279003379,0.16583844935082806,0.14799769131064747,0.1662215776414694,-0.052230369365280305
2019-02,2019-03,attention,0.08455207327710951,0.11252774868419799,0.08637672045802672,0.09557166718124653,0.09811608675173451,0.013564013474625006
2019-02,2019-03,baseline,0.09923807693603585,0.11050068969147228,0.09776264574245387,0.12000146261031414,0.11417007649011078,0.014931999554074926
2019-02,2019-03,information,0.04392741564515999,0.09928525491018797,0.11680680287534972,0.08480095218018088,0.07973192235503994,0.035804506709879946
2019-03,2019-04,attention,-0.04237313948452792,-0.02288387038011104,-0.030237853957979798,-0.02185103705727563,-0.03089834477204367,0.011474794712484252
2019-03,2019-04,baseline,-0.07586199944435021,-0.044697553570244054,-0.03170091944744465,-0.022309546482220666,-0.037722233303826985,0.038139766140523224
2019-03,2019-04,information,-0.04214980187906492,0.010989773691492729,-0.003802195725306549,-0.028384553387751484,-0.06149772907365654,-0.01934792719459162
2019-04,2019-05,attention,-0.0666571248999552,-0.04215212185525711,-0.06274759563301756,-0.06261537100146308,-0.05504379608377953,0.011613328816175675
2019-04,2019-05,baseline,-0.06528574388624846,-0.04590900137371495,-0.041659371286215933,-0.04030998217714875,-0.03837667998683707,0.02690906389941139
2019-04,2019-05,information,-0.05684216971278179,-0.0427855148286772,-0.04442312343809132,-0.06476245309536918,-0.06416843539668782,-0.0073262656839060275
2019-05,2019-06,attention,-0.02729953489227421,-0.014313474425135477,0.03183744995049,-0.006275516773959361,-0.060309731667727115,-0.0330101967754529
2019-05,2019-06,baseline,-0.0006501468563477369,0.012711427467107954,0.011239950511020336,0.01376930198329852,0.011936179546547108,0.012586326402894844
2019-05,2019-06,information,-0.011699536624433845,0.01882335558938966,0.023682597082094876,0.019741600260219767,0.0030521983076938586,0.014751734932127704
2019-06,2019-07,attention,-0.04054774442587185,-0.08241337019728426,-0.03447610922660476,-0.021033949767309268,0.04012431055661847,0.08067205498249032
2019-06,2019-07,baseline,-0.036074365138056584,-0.01157865323136423,-0.012973744955605016,-0.007795607599549617,-0.01086892739206327,0.025205437745993313
2019-06,2019-07,information,-0.024632433829560676,0.04106109230583312,-0.029297362722373224,0.027811741815297362,-0.0077811048097977675,0.01685132901976291
2019-07,2019-08,attention,-0.062176537874210756,-0.027738725123358853,0.002057276790854359,-0.014718339135704802,-0.005898265214443333,0.056278272659767425
2019-07,2019-08,baseline,-0.008911641791772486,-0.022503392271244125,-0.015376961236414455,-0.014324248246508216,0.002842453439258528,0.011754095231031013
2019-07,2019-08,information,0.016488418946993225,0.04740785952988683,0.0178073681757539,0.018517541302494406,-0.006351456907547453,-0.022839875854540677
2019-08,2019-09,attention,0.008762952310142813,0.014746919543769966,0.018759719672230973,0.018464705785898754,0.021067938113946427,0.012304985803803613
2019-08,2019-09,baseline,0.007155161451458611,0.016181206361480065,0.01412865299643595,0.01632121224080998,0.018278339300093458,0.011123177848634848
2019-08,2019-09,information,0.0004923385805366268,-0.0030548607637961873,0.026005688448383787,0.01688113808991175,0.016853622640713883,0.016361284060177256
2019-09,2019-10,attention,0.013929260302721527,-0.0026865834673754545,-0.000672314359625146,0.006642083901045392,0.007733280301392608,-0.006195980001328919
2019-09,2019-10,baseline,-0.015432176285482723,-0.000272430490509933,0.0008240198030362732,0.002346708436081455,0.003968547465379313,0.019400723750862037
2019-09,2019-10,information,-0.02485299401459984,-0.007286645567358511,-0.04127982632606031,-0.019415914863756784,-0.058470819240496096,-0.03361782522589626
2019-10,2019-11,attention,-0.07269691888855004,-0.004115395656344469,-0.00845393881547167,0.007675864725709714,-0.007478013791035707,0.06521890509751434
2019-10,2019-11,baseline,-0.031200233172499776,-0.017838207167835927,-0.01901277140690571,-0.023822265032189958,-0.027999199594294488,0.003201033578205288
2019-10,2019-11,information,-0.013922665875891752,-0.0018499876145876854,0.001083388545368981,0.016697418309344906,-0.003188208212230615,0.010734457663661138
2019-11,2019-12,attention,0.1461452069759426,0.08902855376896725,0.09590010330157223,0.06585890988442122,0.10032174122212575,-0.04582346575381685
2019-11,2019-12,baseline,0.08537556525542335,0.08215190164391756,0.08023577141757691,0.0730833736527386,0.08025887054852542,-0.005116694706897934
2019-11,2019-12,information,0.13637151273609427,0.1155988857938719,0.1315046741181014,-0.013961605584642212,0.10788431686237931,-0.028487195873714954
2019-12,2020-01,attention,0.020361264233586227,0.00324316463502637,-0.011729206181857806,0.021946396145102263,0.014333349886479935,-0.006027914347106292
2019-12,2020-01,baseline,0.012915340422389721,-0.002069600140963788,-0.0061368525215861015,0.0001765638179512148,0.014941923938693227,0.0020265835163035054
2019-12,2020-01,information,,,0.006628787878788067,,-0.00888099467140313,
2020-01,2020-02,attention,0.020408763572938318,0.007492655525096207,0.011417024142376941,0.01843160676058003,0.05645602849074715,0.03604726491780883
2020-01,2020-02,baseline,0.009795250779789474,-0.00705866960658691,-0.01714039706584187,-0.01726096739817056,0.010829197523359988,0.0010339467435705133
2020-01,2020-02,information,0.030281104731284945,-0.0193563741002006,0.0010039171944063072,0.13585791938854394,0.13851731080293514,0.10823620607165019
2020-02,2020-03,attention,-0.0613569657327195,-0.031896757730182655,-0.022921320333063964,-0.02583472100870765,-0.04241291435201825,0.01894405138070125
2020-02,2020-03,baseline,-0.0985780686337154,-0.036904612947565044,-0.01631636820252374,-0.0036782593692579533,-0.032880274292853735,0.06569779434086168
2020-02,2020-03,information,-0.019097779253671593,-0.061547335137745726,-0.0048265266739268824,-0.07492381470344023,-0.07424684939213286,-0.055149070138461265
2020-03,2020-04,attention,-0.012855704405285946,-0.009187688591957066,0.012656044671549828,0.028249927226337755,0.026507250299426754,0.039362954704712697
2020-03,2020-04,baseline,-0.0033504557557045493,0.0125979321993992,0.027985897914343076,0.029057723214920395,0.06279650306762606,0.0661469588233306
2020-03,2020-04,information,0.03499481051786797,0.010959265285478378,-0.014013642369459872,0.05860582402160846,0.0614526862155689,0.02645787569770093
2020-04,2020-05,attention,0.025651008879413358,0.041370765511213214,0.01871304878689729,0.03324433678521823,0.02770008267803493,0.0020490737986215736
2020-04,2020-05,baseline,-0.003504561730530413,0.021614659639652825,0.023655500418359815,0.017141884648711272,0.03205383091635205,0.03555839264688246
2020-04,2020-05,information,0.015443177547884553,0.046387255751831946,0.028388562845990322,0.029893211743278886,0.03062290190951009,0.015179724361625537
2020-05,2020-06,attention,0.058129930234171436,0.03447797951108877,0.05948759994765168,0.08653615131939442,0.08084382553905563,0.022713895304884192
2020-05,2020-06,baseline,0.05910292096813356,0.06137659216937617,0.06503214692941181,0.07289324085337148,0.08994033141260364,0.03083741044447008
2020-05,2020-06,information,-0.014585107708947553,0.14450842197279837,0.034796471064604456,0.032818792635305155,0.1515440767546188,0.16612918446356637
2020-06,2020-07,attention,0.1188973271130129,0.12401115400497294,0.14242664240385913,0.14746884601117927,0.17364765433044177,0.05475032721742887
2020-06,2020-07,baseline,0.11918184578945677,0.14868395429181278,0.15135368406819058,0.14223885519939009,0.13521069648288694,0.01602885069343017
2020-06,2020-07,information,0.11580870402378023,0.1248657547762521,0.1542008733648765,0.20132974892713326,0.12023963126221279,0.0044309272384325665
2020-07,2020-08,attention,0.009337054032950692,0.030331003091720786,0.029606742216598498,0.06173550049705204,0.03560309089056089,0.0262660368576102
2020-07,2020-08,baseline,0.025136466412968593,0.031414724380670875,0.05013598589191755,0.04141279587505699,0.02694606939247218,0.0018096029795035863
2020-07,2020-08,information,0.05505903812585794,0.06543602295479292,0.08246911981963793,0.08419869943547605,0.02496481825683525,-0.03009421986902269
2020-08,2020-09,attention,-0.05807636144279289,-0.04723870913161974,-0.06402786505417311,-0.05757488774282211,-0.07406110780755645,-0.01598474636476356
2020-08,2020-09,baseline,-0.06628948785114418,-0.0827490448928589,-0.0692764289200014,-0.06858175859626849,-0.07118739875786936,-0.004897910906725186
2020-08,2020-09,information,-0.0703036477333828,-0.05509418184989034,-0.07657981560765995,-0.04079049774814735,-0.04229334454950701,0.028010303183875783
2020-09,2020-10,attention,0.0965539309727275,0.04859958685590489,0.05235728715396058,0.014630997626206614,0.03595025781581717,-0.060603673156910336
2020-09,2020-10,baseline,0.002833095612624252,-0.016507567464894003,-0.014595692705126406,-0.0041223323399478375,0.0027644540413287004,-6.864157129555159e-05
2020-09,2020-10,information,0.03942822254481937,0.10536658108864243,-0.001771045298937864,0.1532410872410872,0.08500793932055495,0.04557971677573558
2020-10,2020-11,attention,-0.069359745809597,0.004569957577243232,-0.0014938528509709694,0.01910549994776938,0.05622411396960059,0.1255838597791976
2020-10,2020-11,baseline,0.01702941322924452,0.04457184147977734,0.044061976593586176,0.034995741726644165,0.017885924573210355,0.0008565113439658358
2020-10,2020-11,information,0.020440468033161734,0.0435348714649897,0.02172327342422497,0.06502982716168275,-0.0018115127687670439,-0.022251980801928778
2020-11,2020-12,attention,0.007730178820190589,-0.011237031711570295,-0.016928022692833413,-0.05318362562681731,-0.027175578428881828,-0.03490575724907242
2020-11,2020-12,baseline,-0.02887410334158336,-0.046139290159799555,-0.03862268064618428,-0.03327512337710596,-0.020289754705031682,0.008584348636551678
2020-11,2020-12,information,-0.04544504818674365,-0.11033348288590135,-0.013013564962427615,0.11591032430730987,0.017968024882253797,0.06341307306899745
2020-12,2021-01,attention,-0.1311228552330461,-0.1039829334462608,-0.04988407178718928,-0.06203745537556937,-0.019089972590848468,0.11203288264219763
2020-12,2021-01,baseline,-0.09616854175899893,-0.07609429666309414,-0.06167154779917314,-0.05267662168773471,-0.046892589308811655,0.049275952450187274
2020-12,2021-01,information,,,,,0.10030395136778125,
2021-01,2021-02,attention,0.022405428492508022,0.022823893075295674,0.02696675731701429,0.025424653503800746,0.00841557877116475,-0.013989849721343272
2021-01,2021-02,baseline,0.02889872071027064,0.03778302594865299,0.03990758003189019,0.04042787410873703,0.02874537252914481,-0.00015334818112583068
2021-01,2021-02,information,0.015948414565840067,0.013461701270457538,0.03648080787018064,0.038435991160960796,0.04312774650324773,0.027179331937407663
2021-02,2021-03,attention,0.0009513256349761714,0.030330045432532093,0.04489197906191341,0.031052941467412276,0.013281105544376557,0.012329779909400386
2021-02,2021-03,baseline,0.007409801690356153,0.017154935923637264,0.023608088581958456,0.027950398246620007,-0.001532128047793746,-0.008941929738149898
2021-02,2021-03,information,-0.02990736711001829,-0.029515742097569155,0.03766213365740594,-0.0581154796794594,-0.05190645913680488,-0.02199909202678659
2021-03,2021-04,attention,-0.06086678152192661,-0.024912120465955662,0.011467042453276122,-0.03587811678868332,-0.011932207717157431,0.04893457380476918
2021-03,2021-04,baseline,-0.010611864175775098,0.007584639261072514,0.010086809836500402,0.015437550020428145,0.03123152880404375,0.041843392979818844
2021-03,2021-04,information,-0.02249623196616312,-0.011377382125197167,-0.0450794112319306,-0.026749584627643666,0.039128335215569375,0.061624567181732495
2021-04,2021-05,attention,0.113560941239645,0.0351945840920248,0.03406143783918348,0.07048764461550999,0.049936491376003034,-0.06362444986364196
2021-04,2021-05,baseline,0.07630950125292425,0.05959501139179655,0.051051338589620215,0.05501273322263693,0.06148760511086371,-0.014821896142060545
2021-04,2021-05,information,0.05985807880288849,0.02472070619436546,0.10788362641909312,0.08333898059798457,0.03639997666236662,-0.023458102140521866
2021-05,2021-06,attention,0.027482812304675294,0.044069365005392123,0.016199702452642052,0.06908982558110671,0.08575052963579004,0.05826771733111474
2021-05,2021-06,baseline,0.010877356963450765,0.029982925054259393,0.02916185643476792,0.0237425778755251,0.032474930004073484,0.02159757304062272
2021-05,2021-06,information,0.07593807250939785,-0.0024356207372049354,0.01089019070513955,0.05404744633971933,0.11252625619000807,0.03658818368061022
2021-06,2021-07,attention,0.0031352446012079017,0.031207707677234953,0.03517689128595321,0.04510217891928985,0.06633064688878772,0.06319540228757982
2021-06,2021-07,baseline,0.015317175325291312,0.001198704447306879,-0.022209551089192595,-0.014292901019950687,0.004367249369939789,-0.010949925955351523
2021-06,2021-07,information,0.02370356336899734,-0.002521537541891705,0.06921977432316698,0.04684212007251281,-0.007426960751220735,-0.031130524120218075
2021-07,2021-08,attention,0.014200229290843948,0.041166222627496384,0.04756769519651712,0.02281667090454232,0.07990916209945033,0.06570893280860637
2021-07,2021-08,baseline,0.0404089578939664,0.05922147681196929,0.08601416038945267,0.08332481609256827,0.09691790300688677,0.056508945112920365
2021-07,2021-08,information,0.016849902307211437,0.07822042025785682,0.07846112671317981,0.09919090464166508,0.1219881083369641,0.10513820602975266
2021-08,2021-09,attention,-0.05538560227924488,-0.017074335560512376,-0.013215074725614182,-0.0020487225918310354,-0.030796882979043788,0.024588719300201095
2021-08,2021-09,baseline,-0.030017207539046405,-0.002963976215662237,0.004050236578783285,-0.00517016396401353,-0.026910233105414776,0.003106974433631629
2021-08,2021-09,information,-0.04910449223687613,-0.012997333071491656,0.0223383874474605,-0.0066308375177636545,-0.00444641487117988,0.04465807736569625
2021-09,2021-10,attention,-0.02190568354753118,-0.041254842795128206,-0.05490631965886367,-0.045574379328937854,-0.041178079977768386,-0.019272396430237208
2021-09,2021-10,baseline,-0.009714976414200866,-0.011508757990463175,-0.021465715744531284,-0.02303041642782125,-0.014237115604815723,-0.004522139190614857
2021-09,2021-10,information,-0.030093978578218345,0.011715528546245607,-0.0371961526944156,-0.0069884051194922525,-0.05755488102111753,-0.02746090244289918
2021-10,2021-11,attention,0.09663623577913437,0.09942250754992561,0.06265605685345904,0.05730999214382518,0.10596492594568309,0.00932869016654872
2021-10,2021-11,baseline,0.07485250357795449,0.09628841284515276,0.1082488144293203,0.09645310432114756,0.12468465133481486,0.04983214775686037
2021-10,2021-11,information,0.10858343285310199,0.14731303279226116,0.0979981539534946,0.12882910077970489,0.10598669830839666,-0.002596734544705326
2021-11,2021-12,attention,0.026400600892254773,0.05699934492835946,0.050248738735111674,0.054742796997327654,0.013883564392929855,-0.012517036499324919
2021-11,2021-12,baseline,0.007244569037393617,0.057947220863244275,0.0465547200975624,0.04600258096558534,0.02658677427487302,0.019342205237479405
2021-11,2021-12,information,0.048959638018370395,0.08867183433250865,0.05544894149838198,0.06063597284663775,0.09162542776527255,0.042665789746902154
2021-12,2022-01,attention,-0.08997335167030018,-0.06332948909664217,-0.06855688472441478,-0.07512928376289417,-0.09169465350769901,-0.0017213018373988254
2021-12,2022-01,baseline,-0.11263132854983907,-0.09708634045823633,-0.08216701198817476,-0.08779755244736498,-0.08908962879902964,0.023541699750809428
2021-12,2022-01,information,,,,,0.04088586030664376,
2022-01,2022-02,attention,0.051163226669078674,0.03986580764045917,0.06802800998223736,0.02337597251593013,0.052039364819409524,0.0008761381503308505
2022-01,2022-02,baseline,0.04696234134984845,0.04651459820412803,0.04878637695752778,0.05137595054423178,0.05401163465118435,0.007049293301335906
2022-01,2022-02,information,0.03187667800741347,0.03420980076309388,0.009939181615721953,0.0376119061419108,0.07114816455297492,0.039271486545561445
2022-02,2022-03,attention,-0.017768687354502228,-0.040969460816904835,-0.012129104719374237,-0.030549581199923265,-0.06487074941939971,-0.04710206206489749
2022-02,2022-03,baseline,-0.029063462234071878,-0.05517254062171976,-0.053867642055574524,-0.049658907068481466,-0.0662734575404746,-0.037209995306402725
2022-02,2022-03,information,-0.006967611037600142,0.11948122284564847,-0.07815057685303892,0.06442877663340067,-0.0908435039706817,-0.08387589293308155
2022-03,2022-04,attention,-0.18769175904508303,-0.14487449087560836,-0.12338365502185857,-0.13773196647253474,-0.1576158744519672,0.03007588459311583
2022-03,2022-04,baseline,-0.17929349998840424,-0.13726334407683435,-0.13389150559002644,-0.1396840300265859,-0.15959610301184166,0.019697396976562587
2022-03,2022-04,information,-0.14594657718659088,-0.11265728285344927,-0.10466969747992179,-0.03336247828428224,-0.06305658282148996,0.08288999436510092
2022-04,2022-05,attention,0.08579517426795996,0.06187189958920118,0.11995173258231456,0.07402539654652868,0.06850486676723995,-0.017290307500720012
2022-04,2022-05,baseline,0.10377461475589646,0.1164781399762806,0.11967844018005955,0.11399219048098506,0.11723515955564226,0.013460544799745802
2022-04,2022-05,information,0.05143230949348267,0.07418199673846278,0.08075667023012119,0.08654011772437499,0.10743815148612396,0.05600584199264129
2022-05,2022-06,attention,0.051763068750319746,0.08072942064971941,0.07167447210770542,0.06763191301421509,0.0779770388880448,0.026213970137725057
2022-05,2022-06,baseline,0.05913553997105249,0.0827998754105958,0.0865872043445151,0.09360228590404146,0.09726547877669461,0.038129938805642125
2022-05,2022-06,information,0.029253045119604772,0.05866590502171339,0.13476263355603546,0.03726421665484635,0.08611827798687037,0.056865232867265594
2022-06,2022-07,attention,0.03693294038847614,0.051259154154208016,0.01173298913460499,0.03192335467044616,0.05197427749061464,0.015041337102138501
2022-06,2022-07,baseline,0.018551829662333236,0.020956616708760197,0.01760916629549089,0.034646349583321835,0.049295201933362086,0.03074337227102885
2022-06,2022-07,information,-0.03319634894449421,0.013846809523246108,-0.014022764052127535,0.04018538196411934,0.05853824617284584,0.09173459511734006
2022-07,2022-08,attention,-0.07505021414379506,-0.04609437051417527,-0.03838377877267397,-0.0417381478464661,-0.04011195139890886,0.034938262744886206
2022-07,2022-08,baseline,-0.05604601992998771,-0.030334042694116936,-0.013738528574721865,-0.019312980290920607,-0.028121645977552696,0.02792437395243501
2022-07,2022-08,information,-0.03440923293573407,-0.0026325526471906334,-0.05133459133158265,-0.016214885660480384,-0.07374946185104911,-0.03934022891531504
2022-08,2022-09,attention,-0.1160828760604755,-0.09489979144354214,-0.07483872161234306,-0.094660400216907,-0.08216851127666178,0.033914364783813725
2022-08,2022-09,baseline,-0.09596244720455847,-0.08869153360482539,-0.083402275938393,-0.08322323547741868,-0.08391857170196622,0.012043875502592255
2022-08,2022-09,information,-0.10047379295834763,-0.08280060980956565,-0.07378069253423224,-0.08130947251172993,-0.06892339788066258,0.03155039507768505
2022-09,2022-10,attention,-0.015313046863571312,0.03296563759707624,0.035334436963194334,0.05827436768494546,0.06380538376303789,0.0791184306266092
2022-09,2022-10,baseline,0.012859241086956482,0.02958355178005294,0.041744824749880644,0.04452438464823652,0.051216699576388615,0.03835745848943213
2022-09,2022-10,information,0.0,-0.04155748949358723,0.08903805837768097,-0.05315053281126858,0.08346961422772536,0.08346961422772536
2022-10,2022-11,attention,-0.003772933668334814,0.029921535325521713,0.05928562730158494,0.012982836025113525,0.033978584781082774,0.03775151844941759
2022-10,2022-11,baseline,0.09034589278971088,0.0935194636775066,0.09278138818226017,0.08429955159222283,0.06995400748525406,-0.02039188530445682
2022-10,2022-11,information,0.02200816730229776,0.08981036649080495,0.053675712123767046,0.04612127208618362,0.027054454685818054,0.005046287383520295
2022-11,2022-12,attention,-0.05833538511027063,-0.0169693767026714,-0.03538905205441194,-0.042582666020436505,-0.053799691555735975,0.004535693554534655
2022-11,2022-12,baseline,-0.036081688708873794,-0.03288988313211292,-0.030128261634074806,-0.03917698762825734,-0.04789531818046635,-0.011813629471592556
2022-11,2022-12,information,0.034401210312267616,0.2554542623368534,-0.03715496450021616,0.07292838632197707,-0.0027569651232684325,-0.037158175435536046
2022-12,2023-01,attention,0.038289567186274326,0.07126850351337433,0.06437774497014545,0.05206949183268024,0.05022881023156047,0.011939243045286145
2022-12,2023-01,baseline,0.06647862329332818,0.08701870153838276,0.09061695742618622,0.09101231899603254,0.08331750160121726,0.016838878307889077
2022-12,2023-01,information,,0.10495626822157433,,0.07687074829931984,0.09864036256998143,
2023-01,2023-02,attention,0.025026820017777295,0.04574672962002585,0.03416033516556716,0.03479357914939867,0.019244731269830485,-0.00578208874794681
2023-01,2023-02,baseline,0.021852320089456444,0.043966517055050225,0.03536036623246306,0.03847684471002355,0.033057699956399574,0.01120537986694313
2023-01,2023-02,information,0.008076406407609107,0.08608830883992402,0.021940652220310317,0.05454655407042905,0.02465039559134322,0.016573989183734112
2023-02,2023-03,attention,0.03371882778011177,0.06134219940697808,0.028967592145964585,0.013449616974860594,0.04292986877545303,0.009211040995341264
2023-02,2023-03,baseline,-0.02431789967832983,-0.018102614865830015,-0.015354548152611914,-0.023472328573992243,-0.019249726153761238,0.005068173524568592
2023-02,2023-03,information,0.002887012858189908,0.026680104978393532,-0.02706066235822453,0.03551159114633987,-0.03385535903414496,-0.03674237189233487
2023-03,2023-04,attention,-0.019898331344399525,0.019669201053685283,-0.006755492629631572,-0.008635531702401923,-0.005020368695815826,0.014877962648583699
2023-03,2023-04,baseline,-0.04333476266413006,-0.03825862103795756,-0.03345575483805442,-0.026139968960362952,-0.027972657546128956,0.015362105118001106
2023-03,2023-04,information,0.016091879104532834,0.01940276900628244,0.08581357377733533,0.08077394024788481,-0.033317193154343755,-0.049409072258876585
2023-04,2023-05,attention,0.010579035217205912,0.010646556334966454,0.005034202758929354,-0.0008527799461526029,0.015147635945792248,0.004568600728586336
2023-04,2023-05,baseline,-0.00667436135028544,-0.009094395042164128,-0.0012607665641804248,2.15987171416995e-05,0.009833094198240992,0.01650745554852643
2023-04,2023-05,information,0.02290982679892919,-0.003873900096346844,0.00589216832112798,0.011683459302994782,0.009822272763464196,-0.013087554035464995
2023-05,2023-06,attention,0.03649986057411545,0.040148908739554075,0.03351011669511285,0.031609430747557114,0.016812387492791833,-0.01968747308132362
2023-05,2023-06,baseline,0.016542617082972867,0.02494380765598851,0.020293535786658948,0.02915973252401816,0.030737792026671793,0.014195174943698926
2023-05,2023-06,information,0.025188149598417302,0.00373938081897714,0.032422526511961654,0.021515658487726592,0.041160837658964416,0.015972688060547115
2023-06,2023-07,attention,-0.03385249287337849,0.009925562213300477,0.010836588431926914,-0.007381856018456258,-0.03760582909626795,-0.00375333622288946
2023-06,2023-07,baseline,-0.022043424337760652,0.02677163749592125,0.029546825610068658,0.034591169931564886,0.016385345147398464,0.038428769485159116
2023-06,2023-07,information,-0.01864687858726283,-0.017457318690352715,0.01121914940018995,0.04502677010475971,-0.02576423219992936,-0.0071173536126665285
2023-07,2023-08,attention,-0.0046781426185395015,-0.039374256510543576,-0.05410186951994662,-0.05156528725446503,-0.050180629714673054,-0.045502487096133554
2023-07,2023-08,baseline,-0.04717824822591425,-0.04940426528968047,-0.04859527243122222,-0.04116407132228077,-0.03663361643603438,0.010544631789879869
2023-07,2023-08,information,0.016601587291377565,-0.04411801396232436,-0.016177985759919626,-0.04529077701579206,-0.033740131173526054,-0.05034171846490362
2023-08,2023-09,attention,-0.056044488064025136,-0.014576479273638485,0.019546809882222974,0.005767490282993295,0.0053192545397894656,0.0613637426038146
2023-08,2023-09,baseline,-0.012806982655635178,0.0031280310115166794,0.009292457280776548,-0.0005560019377397602,0.007996841015331203,0.02080382367096638
2023-08,2023-09,information,-0.008408792381897163,0.006630165426508716,0.02214299390912779,0.012752768456778694,0.027194467256095613,0.035603259637992775
2023-09,2023-10,attention,0.01939190806525646,0.012199980657495375,0.04265025134403035,0.017595650954531257,-0.0011578378522441829,-0.020549745917500643
2023-09,2023-10,baseline,-0.01324904955699213,-0.013889645938121328,-0.007873752162889613,-0.016785001935175098,-0.0032841111576989305,0.009964938399293199
2023-09,2023-10,information,-0.01859944118414647,0.06806661859116289,-0.007188734158874577,-0.02894443580759436,-0.03435390610756741,-0.01575446492342094
2023-10,2023-11,attention,0.03449846623046891,0.023148315187800944,0.026483246467838294,0.052003153144456096,0.033039721568330654,-0.0014587446621382588
2023-10,2023-11,baseline,0.042062804180529434,0.03894978286417236,0.03475985566360217,0.03129896689894388,0.041152007078933024,-0.0009107971015964098
2023-10,2023-11,information,0.03519094366859682,0.034376554719094024,0.031136220145805988,0.020652670909652383,0.015860824009176412,-0.019330119659420407
2023-11,2023-12,attention,-0.02394971635802391,-0.028015488351609146,-0.029434033867001358,-0.02150346714985853,-0.0355137494114189,-0.011564033053394995
2023-11,2023-12,baseline,-0.021300830763716527,-0.02058433591745186,-0.019853121433979458,-0.01599517173754787,-0.01769610451568046,0.0036047262480360664
2023-11,2023-12,information,-0.06662072082250597,0.09130329064678233,-0.009269330341046786,-0.028901668820080106,-0.05337007627015881,0.013250644552347167
2023-12,2024-01,attention,-0.21012599579240754,-0.1691146459640879,-0.1727493846683379,-0.18513682229095973,-0.184774260992023,0.02535173480038455
2023-12,2024-01,baseline,-0.20439691735443188,-0.17002156356795203,-0.16260801297691072,-0.1699914940700674,-0.21331795836510387,-0.008921041010671982
2023-12,2024-01,information,,-0.19216417910447758,-0.21906802356722022,0.0253623188405796,-0.07928388746803061,
2024-01,2024-02,attention,0.04737094858602477,0.04924187074117674,0.037422104294743484,0.03511480306823089,-0.00562670545904096,-0.052997654045065734
2024-01,2024-02,baseline,0.08350362417046532,0.0855590711304407,0.07285535189279707,0.05935702243724291,0.019613457500383347,-0.06389016667008197
2024-01,2024-02,information,0.06643682459634112,0.059334113007736354,0.07689628014354648,0.08123798342544751,0.04117542198228089,-0.02526140261406023
2024-02,2024-03,attention,0.0405686234320467,0.022678021560136444,0.02307445259649589,0.024685009703687723,0.03979304214521116,-0.0007755812868355388
2024-02,2024-03,baseline,0.05611786381255215,0.056039014923343795,0.05426093927328283,0.05051837012075854,0.06767740451910267,0.011559540706550527
2024-02,2024-03,information,0.032833224374460006,0.05924065483747751,0.028631014727692805,0.013961382699227812,0.040643562475003746,0.00781033810054374
2024-03,2024-04,attention,-0.06797320066564518,-0.02939058657414708,0.009745237391308413,-0.009912069817746312,-0.0156953435526862,0.05227785711295897
2024-03,2024-04,baseline,-0.05561717436632079,-0.007711818673694342,0.002652009273352629,0.004013876717832965,-0.014367270447721323,0.041249903918599465
2024-03,2024-04,information,0.03340756035146165,0.05064252223414227,0.020608816442265167,0.02522064070266905,0.04768013538562315,0.014272575034161503
2024-04,2024-05,attention,-0.021806245470457224,0.010398506093280618,-0.005014116678085563,0.0015017878207994107,0.008059442128057544,0.029865687598514767
2024-04,2024-05,baseline,-0.03469878943958857,-0.027110083031338574,-0.02015057681883388,-0.012103983019794522,-0.007886910187928248,0.02681187925166032
2024-04,2024-05,information,0.0033523209945089684,-0.006650987200777543,-0.0042903064524163715,0.011929560627103363,0.011915468453250474,0.008563147458741505
2024-05,2024-06,attention,-0.09314375379093187,-0.0851728999263343,-0.07529099748362932,-0.09347698904145581,-0.0876819521639868,0.0054618016269450675
2024-05,2024-06,baseline,-0.08730413576889248,-0.08485022301148851,-0.07033224728587865,-0.08603748769890947,-0.08528148494398895,0.002022650824903535
2024-05,2024-06,information,-0.08974735645728567,-0.08803592328338576,-0.07096225458482701,-0.08912155475304362,-0.10017314469262499,-0.010425788235339323
2024-06,2024-07,attention,-0.0019149906997845449,-0.01859434795168201,-0.014684468338203808,-0.00397803783888836,0.010209489685221432,0.012124480385005977
2024-06,2024-07,baseline,0.003546096023520451,0.005671736241738783,0.005778233772020411,0.013398854294619851,0.008218948042212886,0.004672852018692435
2024-06,2024-07,information,-0.008987254895837531,-0.027101000344346846,0.008937123344572109,-0.015798292183762403,-0.009372535038396024,-0.0003852801425584928
2024-07,2024-08,attention,-0.0713455003079266,-0.03426973715673839,-0.04809839285879525,-0.053327533499788776,-0.05948493121381998,0.011860569094106613
2024-07,2024-08,baseline,-0.04969346968382737,-0.04130349358999086,-0.03127874084290457,-0.03473360500740399,-0.023725284378404016,0.02596818530542335
2024-07,2024-08,information,-0.04955171840957949,-0.052767141612903794,-0.04258370952480102,-0.009651843022922426,-0.017100747318456875,0.03245097109112262
2024-08,2024-09,attention,0.2794370587953171,0.2626327667174653,0.2679181458518726,0.23057598451321693,0.2269626938515137,-0.05247436494380339
2024-08,2024-09,baseline,0.23961698973356776,0.24205426607059025,0.22445012574208997,0.22555691103071257,0.22400262716774902,-0.015614362565818746
2024-08,2024-09,information,0.26456328040640026,0.2445549392539012,0.2355030099162662,0.2161693909830525,0.2636805809615215,-0.0008826994448787318
2024-09,2024-10,attention,0.1167096712825559,0.07415602754600668,0.05965421514399962,0.045790943625894504,0.06273154694841583,-0.053978124334140065
2024-09,2024-10,baseline,0.10295273472512824,0.05643282674781419,0.056921633053805,0.062133681836177804,0.07321174972164349,-0.02974098500348475
2024-09,2024-10,information,0.03054555068865376,0.04899373340800282,0.042585253016539634,0.0120563864508473,0.01351963321479932,-0.01702591747385444
2024-10,2024-11,attention,0.020597673118969803,0.04542713787894226,0.036621353308535616,0.04996943796462629,0.04793223876203467,0.027334565643064863
2024-10,2024-11,baseline,0.025976486411700722,0.06066665004380832,0.05986796401190507,0.06652415295866287,0.04117541176082693,0.015198925349126209
2024-10,2024-11,information,0.016428101334518993,0.022716082119794923,0.04437628630632049,0.023181445789601993,0.03436299583072024,0.01793489449620125
2024-11,2024-12,attention,-0.06098232051662084,-0.0380107822881019,-0.03592110221381779,-0.032478153120999595,-0.06597916938765552,-0.00499684887103468
2024-11,2024-12,baseline,-0.07208437469030343,-0.037853129152702544,-0.029204027436391625,-0.028613055240792225,-0.04850767566820094,0.023576699022102493
2024-11,2024-12,information,-0.06484404230689457,0.013898345371104332,-0.0063680295619495215,-0.018899060879965505,-0.09191396294544678,-0.02706992063855221
2024-12,2025-01,attention,-0.021865898699423646,-0.007571390556461615,0.005701750695421896,-0.00842655840655218,0.004842591345907149,0.026708490045330796
2024-12,2025-01,baseline,-0.02740061729044314,-0.019772862656243242,-0.011188393890948903,-0.01743451973706703,-0.011015761619706325,0.016384855670736817
2024-12,2025-01,information,-0.05732923814125873,0.05664190175675408,-0.03820925597609964,-0.039830665867331486,-0.03665897935598776,0.02067025878527097
2025-01,2025-02,attention,0.13506306244064378,0.07563947507489385,0.05608025523997095,0.05987109235968731,0.11177991089740769,-0.023283151543236097
2025-01,2025-02,baseline,0.0985141105612271,0.0739636880241102,0.062397541427240466,0.06035962014781591,0.08673074418883685,-0.011783366372390247
2025-01,2025-02,information,0.09777873098919887,0.054671638570971445,0.10891093461663968,0.06652358331965044,0.05421758673740353,-0.04356114425179534
2025-02,2025-03,attention,0.002958389362857542,0.009239231318568944,0.0008880307371255412,0.02663097783714037,-0.030956688483416598,-0.03391507784627414
2025-02,2025-03,baseline,-0.027851709649496525,0.008477172301687222,0.015293730968756978,0.011761541746760699,-0.003237402792221216,0.02461430685727531
2025-02,2025-03,information,0.024900169775448313,0.02344793908582225,-0.006610995349704095,-0.03386513260244544,-0.01654494965276089,-0.04144511942820921
2025-03,2025-04,attention,-0.03345267154294146,-0.03194446721614008,-0.03801464294926457,-0.01695171418737342,-0.011883361349751112,0.021569310193190347
2025-03,2025-04,baseline,-0.0399219476495719,-0.027943343328922846,-0.025146125441646745,-0.011382291841157207,-0.01844462579237872,0.02147732185719318
2025-03,2025-04,information,-0.046952173539736644,-0.03502971184338846,-0.05170386949724078,-0.04730841413776636,0.017843058714178506,0.06479523225391515
2025-04,2025-05,attention,0.06324469950902882,0.061820979379866234,0.075458226837399,0.05040620741423818,0.05629551386620514,-0.00694918564282368
2025-04,2025-05,baseline,0.06082442715952136,0.04118435623593042,0.04697285831751388,0.04552973744819658,0.05132218239563947,-0.009502244763881895
2025-04,2025-05,information,0.05757526288905625,0.03442492509778189,0.04809105487165884,0.041940818107279725,0.06791067783846409,0.010335414949407845
2025-05,2025-06,attention,0.04627699914899574,0.04767135126146134,0.05898856059722692,0.06053950064224991,0.07989422679247307,0.03361722764347733
2025-05,2025-06,baseline,0.05751878451949329,0.059655197467156584,0.05430938392009916,0.0676422838950396,0.07875861471078995,0.021239830191296653
2025-05,2025-06,information,0.05303617049050182,0.05824028664924718,0.05661738749167631,0.021009978204593254,0.054222818744323206,0.001186648253821386
2025-06,2025-07,attention,0.03687463119585326,0.06161692222003079,0.10507806428401749,0.06272794179869937,0.0865472910698772,0.04967265987402394
2025-06,2025-07,baseline,0.030877398119935354,0.049697607256630964,0.061809377247874886,0.059430015817099516,0.07250455992589179,0.041627161805956436
2025-06,2025-07,information,0.04004803323388911,0.08895402875312897,0.1300054143720099,0.0673732932284928,0.07277122433919246,0.03272319110530335
2025-07,2025-08,attention,0.09221571618791599,0.10874660765850482,0.07920066832813273,0.06998270083589295,0.09973837174162112,0.0075226555537051265
2025-07,2025-08,baseline,0.10451575380574317,0.10028248074743391,0.07888847268825469,0.07292562845112265,0.06965090189618092,-0.03486485190956225
2025-07,2025-08,information,0.07094293680811271,0.1477451864877479,0.09650723227364795,0.07370861236997592,0.13912239203231708,0.06817945522420436
2025-08,2025-09,attention,-0.0005758073485742262,0.034645320609872146,0.02322190217437921,0.0498040240734058,0.04221306519578507,0.0427888725443593
2025-08,2025-09,baseline,-0.014627928428129721,-0.001921582703300396,0.00585921528418063,0.013405262004266071,0.03419268075421556,0.04882060918234528
2025-08,2025-09,information,-0.035589768637074304,0.020137117754477157,0.03911416462341968,0.044839921029303155,0.06502853263071792,0.10061830126779223
2025-09,2025-10,attention,0.00523078094001339,-0.008539853427843884,0.007037726696503474,0.004346959287042323,0.007448631568820944,0.002217850628807554
2025-09,2025-10,baseline,0.006651316924507747,0.025497406442236,0.020742776085972362,0.02091947425618797,0.007470250637591484,0.000818933713083737
2025-09,2025-10,information,-0.014521940120417699,0.019482912136302273,0.013426912496549013,0.04546964563585614,0.020484775294889162,0.03500671541530686
2025-10,2025-11,attention,-0.016296797268445122,0.017146704804729747,0.018553728609039588,-0.007583685156716692,0.017883353091234636,0.03418015035967976
2025-10,2025-11,baseline,-0.012519500679471881,-0.009461167330462978,0.0004144968194374826,0.0019967259318534394,0.001945662873656066,0.014465163553127948
2025-10,2025-11,information,-0.013808491378388466,-0.00579031203939845,-0.02070494346971675,0.0023957936329648283,-0.009883049438021886,0.00392544194036658
2025-11,2025-12,attention,-0.010940158953346619,0.016200759581107137,0.04376827499636858,0.0019472006925472136,0.016571165952549573,0.02751132490589619
2025-11,2025-12,baseline,0.02928828926706739,0.02745304350602762,0.02047518779046595,0.01418740083439743,0.016517101710503034,-0.012771187556564357
2025-11,2025-12,information,0.0850434854692061,0.1456790915340632,0.1304526574173277,-0.017869841024205746,0.016260888342960116,-0.06878259712624599
2025-12,2026-01,attention,0.040506891862701996,0.0838861749642588,0.09977517294423643,0.0718006249921812,0.10930778254696537,0.06880089068426337
2025-12,2026-01,baseline,0.0669438688381773,0.0710960030290909,0.07227397769707501,0.08226721902011702,0.10933333432154574,0.042389465483368444
2025-12,2026-01,information,0.1348314606741574,0.08385305441781354,0.04961926547038775,0.14156626506024095,0.02368232019394817,-0.11114914048020924
2026-01,2026-02,attention,0.040467179194199385,0.03754483072770239,0.029161708720081475,0.0443554080665332,0.03900074313199767,-0.0014664360622017175
2026-01,2026-02,baseline,0.04448160850030794,0.039214794880158804,0.03617454374041131,0.044000538861823174,0.04620782915316872,0.0017262206528607799
2026-01,2026-02,information,0.0508188467961456,0.04306826759622706,0.03158588782130398,0.04809300165308965,0.03760089517261109,-0.013217951623534514
2026-02,2026-03,attention,-0.13133756738597333,-0.10139494490514253,-0.09748346509653177,-0.08468919956048618,-0.09873160140154266,0.03260596598443066
2026-02,2026-03,baseline,-0.11401898725502102,-0.09137294297326226,-0.0882796140820036,-0.08639272953209702,-0.09034784722487774,0.023671140030143284
2026-02,2026-03,information,-0.09725798063194845,-0.133312637609982,-0.09416913363821554,-0.12537805125191268,-0.07409505595635173,0.02316292467559672
2026-03,2026-04,attention,0.04294661933791874,0.059103455582447555,0.05387457788593849,0.05318745285954252,0.06958466836493611,0.02663804902701737
2026-03,2026-04,baseline,0.0833001390118904,0.07035421608030905,0.057095683074605025,0.06262707181344128,0.08485656106652359,0.0015564220546331886
2026-03,2026-04,information,0.09535876971267995,0.14297423372619214,0.050138437890510444,0.01638883033700528,0.05730429208349735,-0.038054477629182605
2026-04,2026-05,attention,-0.06485788182876394,-0.03372401295647775,0.014842408731961129,-0.018756302952306663,0.051088483992803024,0.11594636582156696
2026-04,2026-05,baseline,-0.05240538189562151,-0.049168253424613236,-0.038209138309129725,-0.041626083099988755,0.017503273860379556,0.06990865575600107
2026-04,2026-05,information,-0.03339668637267566,-0.0326754918927624,-0.047780121934440034,-0.02641148649430783,0.005719860975451738,0.0391165473481274
2026-05,2026-06,attention,0.005219629311508771,-0.03576530951464375,-0.012820305017695703,-0.010026085384460832,0.14931300872209355,0.14409337941058478
2026-05,2026-06,baseline,-0.04544733828045831,-0.06158561360898163,-0.06899539950877323,-0.05778157155168855,-0.012467326042677822,0.03298001223778049
2026-05,2026-06,information,0.013450533359428517,-0.08426624254420753,-0.05939750619455384,-0.02072608686510038,0.020499178245821002,0.007048644886392485
2026-06,2026-07,attention,-0.23244573379103084,-0.1462529502627638,-0.09558033446080663,-0.10268626849456668,-0.1838466374358287,0.048599096355202126
2026-06,2026-07,baseline,-0.13213903813257682,-0.08716664157856062,-0.04579309343214829,-0.05494927143595442,-0.11805393571564858,0.014085102416928244
2026-06,2026-07,information,-0.17229979395263947,-0.09560408619297704,-0.05126358505360506,-0.021369182580033334,-0.18503373649407454,-0.012733942541435062
