month,decile,stocks,overlap_with_prior_month,one_way_turnover
2010-02,1,144,25,0.8263888888888888
2010-03,1,143,34,0.7622377622377623
2010-04,1,143,31,0.7832167832167832
2010-05,1,141,35,0.75177304964539
2010-06,1,141,32,0.7730496453900709
2010-07,1,141,33,0.7659574468085106
2010-08,1,142,26,0.8169014084507042
2010-09,1,144,31,0.7847222222222222
2010-10,1,144,37,0.7430555555555556
2010-11,1,148,22,0.8513513513513513
2010-12,1,151,29,0.8079470198675497
2011-01,1,154,35,0.7727272727272727
2011-02,1,157,52,0.6687898089171975
2011-03,1,159,36,0.7735849056603774
2011-04,1,163,45,0.7239263803680982
2011-05,1,165,42,0.7454545454545455
2011-06,1,168,56,0.6666666666666667
2011-07,1,171,48,0.7192982456140351
2011-08,1,175,38,0.7828571428571429
2011-09,1,178,34,0.8089887640449438
2011-10,1,180,40,0.7777777777777778
2011-11,1,183,48,0.7377049180327868
2011-12,1,186,54,0.7096774193548387
2012-01,1,189,51,0.7301587301587302
2012-02,1,192,55,0.7135416666666667
2012-03,1,196,50,0.7448979591836735
2012-04,1,197,40,0.7969543147208122
2012-05,1,200,45,0.775
2012-06,1,204,36,0.8235294117647058
2012-07,1,207,55,0.7342995169082125
2012-08,1,211,58,0.7251184834123223
2012-09,1,214,36,0.8317757009345794
2012-10,1,215,61,0.7162790697674419
2012-11,1,218,54,0.7522935779816513
2012-12,1,219,73,0.6666666666666667
2013-01,1,220,57,0.740909090909091
2013-02,1,222,43,0.8063063063063063
2013-03,1,225,55,0.7555555555555555
2013-04,1,227,42,0.8149779735682819
2013-05,1,230,43,0.8130434782608695
2013-06,1,231,60,0.7402597402597403
2013-07,1,233,67,0.7124463519313304
2013-08,1,235,54,0.7702127659574468
2013-09,1,235,57,0.7574468085106383
2013-10,1,236,57,0.7584745762711864
2013-11,1,235,73,0.6893617021276596
2013-12,1,236,58,0.7542372881355932
2014-01,1,235,64,0.7276595744680852
2014-02,1,233,63,0.7296137339055794
2014-03,1,235,54,0.7702127659574468
2014-04,1,233,62,0.7339055793991416
2014-05,1,229,66,0.7117903930131004
2014-06,1,230,56,0.7565217391304347
2014-07,1,231,57,0.7532467532467533
2014-08,1,230,57,0.7521739130434782
2014-09,1,231,44,0.8095238095238095
2014-10,1,227,45,0.801762114537445
2014-11,1,227,51,0.775330396475771
2014-12,1,230,46,0.8
2015-01,1,231,50,0.7835497835497836
2015-02,1,229,42,0.8165938864628821
2015-03,1,231,56,0.7575757575757576
2015-04,1,232,56,0.7586206896551724
2015-05,1,228,55,0.7587719298245614
2015-06,1,225,45,0.8
2015-07,1,218,36,0.8348623853211009
2015-08,1,215,23,0.8930232558139535
2015-09,1,216,34,0.8425925925925926
2015-10,1,222,49,0.7792792792792793
2015-11,1,230,51,0.7782608695652173
2015-12,1,238,48,0.7983193277310925
2016-01,1,240,44,0.8166666666666667
2016-02,1,241,65,0.7302904564315353
2016-03,1,245,58,0.763265306122449
2016-04,1,247,51,0.7935222672064777
2016-05,1,247,42,0.8299595141700404
2016-06,1,252,67,0.7341269841269842
2016-07,1,255,57,0.7764705882352941
2016-08,1,256,72,0.71875
2016-09,1,258,63,0.7558139534883721
2016-10,1,257,66,0.7431906614785992
2016-11,1,260,73,0.7192307692307692
2016-12,1,262,75,0.7137404580152672
2017-01,1,262,81,0.6908396946564885
2017-02,1,261,103,0.6053639846743295
2017-03,1,263,87,0.6692015209125475
2017-04,1,265,73,0.7245283018867925
2017-05,1,262,58,0.7786259541984732
2017-06,1,262,82,0.6870229007633588
2017-07,1,264,52,0.803030303030303
2017-08,1,267,64,0.7602996254681648
2017-09,1,273,85,0.6886446886446886
2017-10,1,275,78,0.7163636363636363
2017-11,1,281,58,0.7935943060498221
2017-12,1,283,77,0.7279151943462898
2018-01,1,288,69,0.7604166666666666
2018-02,1,288,65,0.7743055555555556
2018-03,1,291,61,0.7903780068728522
2018-04,1,295,70,0.7627118644067796
2018-05,1,302,60,0.8013245033112583
2018-06,1,307,67,0.7817589576547231
2018-07,1,310,84,0.7290322580645161
2018-08,1,317,64,0.7981072555205048
2018-09,1,323,82,0.7461300309597523
2018-10,1,328,80,0.7560975609756098
2018-11,1,334,81,0.7574850299401198
2018-12,1,337,92,0.7270029673590505
2019-01,1,339,98,0.7109144542772861
2019-02,1,340,85,0.75
2019-03,1,341,89,0.7390029325513197
2019-04,1,342,109,0.6812865497076024
2019-05,1,338,75,0.7781065088757396
2019-06,1,338,66,0.8047337278106509
2019-07,1,338,74,0.7810650887573964
2019-08,1,339,87,0.7433628318584071
2019-09,1,340,90,0.7352941176470589
2019-10,1,340,88,0.7411764705882353
2019-11,1,341,99,0.7096774193548387
2019-12,1,341,117,0.6568914956011731
2020-01,1,342,93,0.7280701754385965
2020-02,1,343,81,0.7638483965014577
2020-03,1,344,45,0.8691860465116279
2020-04,1,345,108,0.6869565217391305
2020-05,1,340,91,0.7323529411764707
2020-06,1,342,87,0.7456140350877193
2020-07,1,344,75,0.7819767441860466
2020-08,1,345,76,0.7797101449275362
2020-09,1,346,96,0.7225433526011561
2020-10,1,346,126,0.6358381502890174
2020-11,1,350,92,0.7371428571428571
2020-12,1,353,82,0.7677053824362606
2021-01,1,354,110,0.6892655367231638
2021-02,1,356,71,0.800561797752809
2021-03,1,358,88,0.7541899441340782
2021-04,1,363,104,0.7134986225895317
2021-05,1,362,117,0.6767955801104972
2021-06,1,366,110,0.6994535519125683
2021-07,1,371,110,0.7035040431266846
2021-08,1,377,109,0.7108753315649867
2021-09,1,384,101,0.7369791666666667
2021-10,1,386,96,0.7512953367875648
2021-11,1,388,98,0.7474226804123711
2021-12,1,394,88,0.7766497461928934
2022-01,1,397,110,0.7229219143576826
2022-02,1,399,105,0.736842105263158
2022-03,1,404,127,0.6856435643564356
2022-04,1,410,119,0.7097560975609756
2022-05,1,413,128,0.6900726392251816
2022-06,1,420,98,0.7666666666666666
2022-07,1,422,102,0.7582938388625593
2022-08,1,427,117,0.7259953161592505
2022-09,1,431,69,0.839907192575406
2022-10,1,434,79,0.8179723502304148
2022-11,1,438,123,0.7191780821917808
2022-12,1,442,126,0.7149321266968326
2023-01,1,445,133,0.701123595505618
2023-02,1,447,102,0.7718120805369127
2023-03,1,450,111,0.7533333333333333
2023-04,1,454,123,0.7290748898678414
2023-05,1,451,117,0.7405764966740577
2023-06,1,456,139,0.6951754385964912
2023-07,1,459,131,0.7145969498910676
2023-08,1,462,131,0.7164502164502164
2023-09,1,466,144,0.6909871244635193
2023-10,1,469,164,0.6503198294243071
2023-11,1,471,155,0.6709129511677283
2023-12,1,474,133,0.7194092827004219
2024-01,1,475,119,0.7494736842105263
2024-02,1,476,98,0.7941176470588236
2024-03,1,478,111,0.7677824267782427
2024-04,1,481,97,0.7983367983367984
2024-05,1,477,118,0.7526205450733753
2024-06,1,482,114,0.7634854771784232
2024-07,1,486,129,0.7345679012345678
2024-08,1,488,136,0.7213114754098361
2024-09,1,489,140,0.7137014314928425
2024-10,1,490,120,0.7551020408163265
2024-11,1,490,151,0.6918367346938776
2024-12,1,491,170,0.6537678207739308
2025-01,1,492,149,0.6971544715447154
2025-02,1,493,153,0.6896551724137931
2025-03,1,493,129,0.7383367139959431
2025-04,1,493,111,0.7748478701825557
2025-05,1,486,111,0.7716049382716049
2025-06,1,489,147,0.6993865030674846
2025-07,1,490,151,0.6918367346938776
2025-08,1,489,157,0.6789366053169734
2025-09,1,490,123,0.7489795918367347
2025-10,1,490,111,0.773469387755102
2025-11,1,491,126,0.7433808553971486
2025-12,1,492,141,0.7134146341463414
2026-01,1,492,151,0.693089430894309
2026-02,1,492,112,0.7723577235772358
2026-03,1,494,120,0.757085020242915
2026-04,1,495,94,0.8101010101010101
2026-05,1,487,97,0.8008213552361396
2026-06,1,492,124,0.7479674796747968
2026-07,1,492,110,0.7764227642276422
2010-02,2,144,19,0.8680555555555556
2010-03,2,144,17,0.8819444444444444
2010-04,2,144,20,0.8611111111111112
2010-05,2,141,22,0.8439716312056738
2010-06,2,142,18,0.8732394366197183
2010-07,2,142,18,0.8732394366197183
2010-08,2,143,23,0.8391608391608392
2010-09,2,144,18,0.875
2010-10,2,144,14,0.9027777777777778
2010-11,2,148,19,0.8716216216216216
2010-12,2,152,16,0.8947368421052632
2011-01,2,155,22,0.8580645161290322
2011-02,2,157,20,0.8726114649681529
2011-03,2,160,20,0.875
2011-04,2,163,25,0.8466257668711656
2011-05,2,165,25,0.8484848484848485
2011-06,2,168,26,0.8452380952380952
2011-07,2,171,22,0.8713450292397661
2011-08,2,175,29,0.8342857142857143
2011-09,2,178,24,0.8651685393258427
2011-10,2,180,25,0.8611111111111112
2011-11,2,183,18,0.9016393442622951
2011-12,2,186,23,0.8763440860215054
2012-01,2,190,19,0.9
2012-02,2,193,27,0.8601036269430051
2012-03,2,196,31,0.8418367346938775
2012-04,2,198,27,0.8636363636363636
2012-05,2,201,26,0.8706467661691543
2012-06,2,204,24,0.8823529411764706
2012-07,2,207,32,0.8454106280193237
2012-08,2,212,34,0.839622641509434
2012-09,2,214,26,0.8785046728971962
2012-10,2,216,23,0.8935185185185185
2012-11,2,218,27,0.8761467889908257
2012-12,2,220,35,0.8409090909090909
2013-01,2,221,36,0.8371040723981901
2013-02,2,222,22,0.9009009009009009
2013-03,2,225,33,0.8533333333333333
2013-04,2,227,31,0.8634361233480177
2013-05,2,231,30,0.8701298701298701
2013-06,2,231,31,0.8658008658008658
2013-07,2,234,43,0.8162393162393162
2013-08,2,235,37,0.8425531914893617
2013-09,2,235,29,0.8765957446808511
2013-10,2,236,30,0.8728813559322034
2013-11,2,236,22,0.9067796610169492
2013-12,2,236,33,0.8601694915254238
2014-01,2,236,35,0.8516949152542372
2014-02,2,234,31,0.8675213675213675
2014-03,2,235,32,0.8638297872340426
2014-04,2,233,32,0.8626609442060086
2014-05,2,229,35,0.8471615720524017
2014-06,2,231,30,0.8701298701298701
2014-07,2,231,38,0.8354978354978355
2014-08,2,230,35,0.8478260869565217
2014-09,2,232,32,0.8620689655172413
2014-10,2,228,34,0.8508771929824561
2014-11,2,228,33,0.8552631578947368
2014-12,2,230,33,0.8565217391304347
2015-01,2,232,25,0.8922413793103449
2015-02,2,229,32,0.8602620087336245
2015-03,2,232,29,0.875
2015-04,2,232,31,0.8663793103448276
2015-05,2,228,22,0.9035087719298246
2015-06,2,226,32,0.8584070796460177
2015-07,2,219,34,0.8447488584474886
2015-08,2,215,27,0.8744186046511628
2015-09,2,216,30,0.8611111111111112
2015-10,2,222,23,0.8963963963963963
2015-11,2,230,42,0.817391304347826
2015-12,2,238,35,0.8529411764705882
2016-01,2,240,33,0.8625
2016-02,2,241,42,0.8257261410788381
2016-03,2,245,25,0.8979591836734694
2016-04,2,247,39,0.8421052631578947
2016-05,2,248,30,0.8790322580645161
2016-06,2,252,38,0.8492063492063492
2016-07,2,256,33,0.87109375
2016-08,2,257,29,0.8871595330739299
2016-09,2,258,35,0.8643410852713178
2016-10,2,258,35,0.8643410852713178
2016-11,2,260,27,0.8961538461538462
2016-12,2,262,34,0.8702290076335878
2017-01,2,262,41,0.8435114503816794
2017-02,2,261,44,0.8314176245210728
2017-03,2,264,45,0.8295454545454546
2017-04,2,265,37,0.8603773584905661
2017-05,2,263,45,0.8288973384030418
2017-06,2,263,41,0.844106463878327
2017-07,2,265,45,0.8301886792452831
2017-08,2,268,39,0.8544776119402985
2017-09,2,273,46,0.8315018315018314
2017-10,2,276,26,0.9057971014492754
2017-11,2,281,30,0.8932384341637011
2017-12,2,284,42,0.852112676056338
2018-01,2,288,42,0.8541666666666666
2018-02,2,289,37,0.8719723183391004
2018-03,2,292,41,0.8595890410958904
2018-04,2,296,41,0.8614864864864865
2018-05,2,303,35,0.8844884488448845
2018-06,2,307,41,0.8664495114006514
2018-07,2,311,37,0.8810289389067524
2018-08,2,318,45,0.8584905660377359
2018-09,2,324,46,0.8580246913580247
2018-10,2,329,52,0.8419452887537994
2018-11,2,335,54,0.8388059701492537
2018-12,2,337,55,0.8367952522255193
2019-01,2,339,46,0.8643067846607669
2019-02,2,340,55,0.8382352941176471
2019-03,2,341,40,0.8826979472140762
2019-04,2,343,47,0.8629737609329446
2019-05,2,338,41,0.878698224852071
2019-06,2,338,38,0.8875739644970414
2019-07,2,339,53,0.8436578171091446
2019-08,2,339,43,0.8731563421828908
2019-09,2,340,44,0.8705882352941177
2019-10,2,341,38,0.8885630498533724
2019-11,2,342,45,0.868421052631579
2019-12,2,342,54,0.8421052631578947
2020-01,2,343,45,0.8688046647230321
2020-02,2,343,57,0.8338192419825072
2020-03,2,345,30,0.9130434782608696
2020-04,2,346,45,0.869942196531792
2020-05,2,341,45,0.8680351906158358
2020-06,2,342,48,0.8596491228070176
2020-07,2,344,46,0.8662790697674418
2020-08,2,345,34,0.9014492753623189
2020-09,2,346,38,0.8901734104046243
2020-10,2,347,50,0.8559077809798271
2020-11,2,350,47,0.8657142857142857
2020-12,2,353,51,0.8555240793201133
2021-01,2,355,58,0.8366197183098592
2021-02,2,357,47,0.8683473389355743
2021-03,2,359,48,0.8662952646239555
2021-04,2,363,50,0.862258953168044
2021-05,2,362,42,0.8839779005524862
2021-06,2,367,50,0.8637602179836512
2021-07,2,371,46,0.8760107816711591
2021-08,2,378,62,0.835978835978836
2021-09,2,384,61,0.8411458333333334
2021-10,2,386,49,0.8730569948186528
2021-11,2,388,44,0.8865979381443299
2021-12,2,394,47,0.8807106598984772
2022-01,2,397,45,0.8866498740554156
2022-02,2,400,61,0.8475
2022-03,2,404,51,0.8737623762376238
2022-04,2,411,68,0.8345498783454988
2022-05,2,414,60,0.855072463768116
2022-06,2,421,58,0.8622327790973872
2022-07,2,423,63,0.851063829787234
2022-08,2,427,69,0.8384074941451991
2022-09,2,431,55,0.8723897911832946
2022-10,2,435,50,0.8850574712643678
2022-11,2,438,59,0.865296803652968
2022-12,2,443,73,0.835214446952596
2023-01,2,446,58,0.8699551569506727
2023-02,2,447,54,0.8791946308724832
2023-03,2,451,63,0.8603104212860311
2023-04,2,455,58,0.8725274725274725
2023-05,2,452,63,0.8606194690265487
2023-06,2,457,64,0.8599562363238512
2023-07,2,459,70,0.8474945533769063
2023-08,2,462,76,0.8354978354978355
2023-09,2,466,78,0.8326180257510729
2023-10,2,469,76,0.837953091684435
2023-11,2,472,71,0.8495762711864407
2023-12,2,474,71,0.850210970464135
2024-01,2,475,83,0.8252631578947368
2024-02,2,476,62,0.8697478991596639
2024-03,2,479,65,0.8643006263048016
2024-04,2,482,55,0.8858921161825726
2024-05,2,478,64,0.8661087866108786
2024-06,2,483,81,0.8322981366459627
2024-07,2,486,76,0.8436213991769548
2024-08,2,488,62,0.8729508196721312
2024-09,2,489,66,0.8650306748466258
2024-10,2,490,49,0.9
2024-11,2,491,63,0.8716904276985743
2024-12,2,492,85,0.8272357723577236
2025-01,2,493,73,0.8519269776876268
2025-02,2,493,78,0.8417849898580122
2025-03,2,494,78,0.8421052631578947
2025-04,2,493,63,0.8722109533468559
2025-05,2,487,59,0.8788501026694046
2025-06,2,489,64,0.869120654396728
2025-07,2,490,72,0.8530612244897959
2025-08,2,490,78,0.8408163265306122
2025-09,2,491,64,0.869653767820774
2025-10,2,491,58,0.8818737270875764
2025-11,2,491,61,0.8757637474541752
2025-12,2,492,70,0.8577235772357723
2026-01,2,493,88,0.821501014198783
2026-02,2,493,64,0.8701825557809331
2026-03,2,494,73,0.8522267206477733
2026-04,2,495,52,0.8949494949494949
2026-05,2,488,49,0.8995901639344263
2026-06,2,492,66,0.8658536585365854
2026-07,2,492,55,0.8882113821138211
2010-02,3,144,19,0.8680555555555556
2010-03,3,144,14,0.9027777777777778
2010-04,3,144,15,0.8958333333333334
2010-05,3,141,23,0.8368794326241135
2010-06,3,141,14,0.900709219858156
2010-07,3,142,10,0.9295774647887324
2010-08,3,143,12,0.916083916083916
2010-09,3,144,19,0.8680555555555556
2010-10,3,144,19,0.8680555555555556
2010-11,3,148,24,0.8378378378378378
2010-12,3,151,22,0.8543046357615894
2011-01,3,155,16,0.896774193548387
2011-02,3,157,20,0.8726114649681529
2011-03,3,159,18,0.8867924528301887
2011-04,3,163,11,0.9325153374233128
2011-05,3,165,19,0.8848484848484849
2011-06,3,168,23,0.8630952380952381
2011-07,3,172,18,0.8953488372093024
2011-08,3,175,20,0.8857142857142857
2011-09,3,178,21,0.8820224719101124
2011-10,3,180,18,0.9
2011-11,3,183,23,0.8743169398907104
2011-12,3,187,23,0.8770053475935828
2012-01,3,190,29,0.8473684210526315
2012-02,3,193,22,0.8860103626943006
2012-03,3,196,25,0.8724489795918368
2012-04,3,198,26,0.8686868686868687
2012-05,3,200,17,0.915
2012-06,3,204,16,0.9215686274509804
2012-07,3,207,25,0.8792270531400966
2012-08,3,212,22,0.8962264150943396
2012-09,3,214,22,0.897196261682243
2012-10,3,215,13,0.9395348837209302
2012-11,3,218,27,0.8761467889908257
2012-12,3,220,24,0.8909090909090909
2013-01,3,221,23,0.8959276018099548
2013-02,3,222,15,0.9324324324324325
2013-03,3,225,24,0.8933333333333333
2013-04,3,228,22,0.9035087719298246
2013-05,3,231,22,0.9047619047619048
2013-06,3,231,29,0.8744588744588745
2013-07,3,233,31,0.8669527896995708
2013-08,3,235,35,0.851063829787234
2013-09,3,235,30,0.8723404255319149
2013-10,3,236,32,0.864406779661017
2013-11,3,235,30,0.8723404255319149
2013-12,3,236,29,0.8771186440677966
2014-01,3,236,26,0.8898305084745762
2014-02,3,234,28,0.8803418803418803
2014-03,3,235,19,0.9191489361702128
2014-04,3,233,28,0.8798283261802575
2014-05,3,229,27,0.8820960698689957
2014-06,3,230,25,0.8913043478260869
2014-07,3,231,29,0.8744588744588745
2014-08,3,231,18,0.922077922077922
2014-09,3,232,23,0.9008620689655172
2014-10,3,228,23,0.8991228070175439
2014-11,3,227,31,0.8634361233480177
2014-12,3,230,31,0.8652173913043478
2015-01,3,232,27,0.8836206896551724
2015-02,3,229,21,0.9082969432314411
2015-03,3,232,37,0.8405172413793103
2015-04,3,232,28,0.8793103448275862
2015-05,3,228,22,0.9035087719298246
2015-06,3,226,24,0.8938053097345133
2015-07,3,218,32,0.8532110091743119
2015-08,3,215,28,0.8697674418604651
2015-09,3,216,21,0.9027777777777778
2015-10,3,222,27,0.8783783783783784
2015-11,3,230,29,0.8739130434782609
2015-12,3,238,25,0.8949579831932774
2016-01,3,241,29,0.8796680497925311
2016-02,3,242,27,0.8884297520661157
2016-03,3,245,30,0.8775510204081632
2016-04,3,247,26,0.8947368421052632
2016-05,3,247,28,0.8866396761133604
2016-06,3,253,35,0.8616600790513834
2016-07,3,255,31,0.8784313725490196
2016-08,3,257,41,0.8404669260700389
2016-09,3,258,35,0.8643410852713178
2016-10,3,257,26,0.8988326848249028
2016-11,3,261,33,0.8735632183908046
2016-12,3,263,31,0.8821292775665399
2017-01,3,262,45,0.8282442748091603
2017-02,3,261,29,0.8888888888888888
2017-03,3,264,30,0.8863636363636364
2017-04,3,265,37,0.8603773584905661
2017-05,3,262,39,0.851145038167939
2017-06,3,262,37,0.8587786259541985
2017-07,3,265,28,0.8943396226415095
2017-08,3,268,30,0.8880597014925373
2017-09,3,274,35,0.8722627737226277
2017-10,3,275,35,0.8727272727272728
2017-11,3,281,34,0.8790035587188612
2017-12,3,283,31,0.8904593639575972
2018-01,3,289,37,0.8719723183391004
2018-02,3,289,30,0.8961937716262975
2018-03,3,291,38,0.8694158075601375
2018-04,3,295,36,0.8779661016949153
2018-05,3,302,40,0.8675496688741722
2018-06,3,307,32,0.8957654723127035
2018-07,3,311,33,0.8938906752411575
2018-08,3,318,37,0.8836477987421384
2018-09,3,323,38,0.8823529411764706
2018-10,3,328,38,0.8841463414634146
2018-11,3,334,44,0.8682634730538922
2018-12,3,337,40,0.8813056379821959
2019-01,3,339,48,0.8584070796460177
2019-02,3,340,47,0.861764705882353
2019-03,3,341,32,0.906158357771261
2019-04,3,342,52,0.847953216374269
2019-05,3,338,31,0.908284023668639
2019-06,3,338,35,0.8964497041420119
2019-07,3,339,48,0.8584070796460177
2019-08,3,339,33,0.9026548672566371
2019-09,3,340,36,0.8941176470588236
2019-10,3,341,35,0.8973607038123167
2019-11,3,341,36,0.8944281524926686
2019-12,3,342,40,0.8830409356725146
2020-01,3,343,34,0.9008746355685131
2020-02,3,344,38,0.8895348837209303
2020-03,3,344,40,0.8837209302325582
2020-04,3,346,42,0.8786127167630058
2020-05,3,340,46,0.8647058823529412
2020-06,3,342,48,0.8596491228070176
2020-07,3,344,47,0.8633720930232558
2020-08,3,346,41,0.8815028901734104
2020-09,3,346,38,0.8901734104046243
2020-10,3,347,50,0.8559077809798271
2020-11,3,351,39,0.8888888888888888
2020-12,3,353,55,0.8441926345609065
2021-01,3,355,42,0.8816901408450705
2021-02,3,357,36,0.8991596638655462
2021-03,3,359,40,0.8885793871866295
2021-04,3,364,36,0.9010989010989011
2021-05,3,362,46,0.8729281767955801
2021-06,3,366,49,0.8661202185792349
2021-07,3,372,33,0.9112903225806451
2021-08,3,377,43,0.8859416445623343
2021-09,3,384,43,0.8880208333333334
2021-10,3,386,48,0.8756476683937824
2021-11,3,388,38,0.9020618556701031
2021-12,3,394,42,0.8934010152284264
2022-01,3,397,48,0.8790931989924433
2022-02,3,400,50,0.875
2022-03,3,404,46,0.8861386138613861
2022-04,3,410,38,0.9073170731707317
2022-05,3,413,64,0.8450363196125907
2022-06,3,421,45,0.8931116389548693
2022-07,3,423,42,0.900709219858156
2022-08,3,427,59,0.8618266978922717
2022-09,3,431,51,0.8816705336426914
2022-10,3,434,49,0.8870967741935484
2022-11,3,438,56,0.8721461187214612
2022-12,3,442,49,0.8891402714932126
2023-01,3,446,48,0.8923766816143498
2023-02,3,447,35,0.9217002237136466
2023-03,3,451,52,0.8847006651884701
2023-04,3,454,60,0.8678414096916299
2023-05,3,452,52,0.8849557522123894
2023-06,3,456,66,0.8552631578947368
2023-07,3,459,56,0.8779956427015251
2023-08,3,463,63,0.8639308855291576
2023-09,3,466,57,0.8776824034334764
2023-10,3,469,52,0.8891257995735607
2023-11,3,472,70,0.8516949152542372
2023-12,3,474,59,0.8755274261603375
2024-01,3,475,56,0.8821052631578947
2024-02,3,477,54,0.8867924528301887
2024-03,3,479,64,0.8663883089770354
2024-04,3,481,51,0.8939708939708939
2024-05,3,477,62,0.870020964360587
2024-06,3,482,57,0.8817427385892116
2024-07,3,486,56,0.8847736625514403
2024-08,3,488,64,0.8688524590163934
2024-09,3,489,57,0.8834355828220859
2024-10,3,490,57,0.8836734693877552
2024-11,3,491,62,0.8737270875763747
2024-12,3,492,64,0.8699186991869918
2025-01,3,492,60,0.8780487804878049
2025-02,3,493,47,0.9046653144016227
2025-03,3,493,50,0.8985801217038539
2025-04,3,493,59,0.8803245436105477
2025-05,3,487,52,0.893223819301848
2025-06,3,490,71,0.8551020408163266
2025-07,3,490,64,0.8693877551020408
2025-08,3,490,65,0.8673469387755102
2025-09,3,490,69,0.8591836734693877
2025-10,3,491,58,0.8818737270875764
2025-11,3,491,61,0.8757637474541752
2025-12,3,492,73,0.8516260162601625
2026-01,3,493,66,0.8661257606490872
2026-02,3,492,60,0.8780487804878049
2026-03,3,494,71,0.8562753036437247
2026-04,3,496,50,0.8991935483870968
2026-05,3,487,53,0.891170431211499
2026-06,3,492,41,0.9166666666666666
2026-07,3,492,41,0.9166666666666666
2010-02,4,145,18,0.8758620689655172
2010-03,4,144,15,0.8958333333333334
2010-04,4,143,16,0.8881118881118881
2010-05,4,141,16,0.8865248226950355
2010-06,4,142,18,0.8732394366197183
2010-07,4,142,17,0.8802816901408451
2010-08,4,142,12,0.9154929577464789
2010-09,4,144,15,0.8958333333333334
2010-10,4,145,23,0.8413793103448276
2010-11,4,148,13,0.9121621621621622
2010-12,4,152,15,0.9013157894736842
2011-01,4,154,10,0.935064935064935
2011-02,4,157,15,0.9044585987261147
2011-03,4,160,18,0.8875
2011-04,4,163,21,0.8711656441717791
2011-05,4,165,15,0.9090909090909091
2011-06,4,169,20,0.8816568047337279
2011-07,4,171,12,0.9298245614035088
2011-08,4,175,16,0.9085714285714286
2011-09,4,178,16,0.9101123595505618
2011-10,4,180,21,0.8833333333333333
2011-11,4,183,15,0.9180327868852459
2011-12,4,186,21,0.8870967741935484
2012-01,4,190,16,0.9157894736842105
2012-02,4,193,19,0.9015544041450777
2012-03,4,197,21,0.8934010152284264
2012-04,4,197,17,0.9137055837563451
2012-05,4,201,18,0.9104477611940298
2012-06,4,205,20,0.9024390243902439
2012-07,4,207,18,0.9130434782608696
2012-08,4,212,27,0.8726415094339622
2012-09,4,214,23,0.8925233644859814
2012-10,4,216,20,0.9074074074074074
2012-11,4,218,21,0.9036697247706422
2012-12,4,220,32,0.8545454545454545
2013-01,4,220,19,0.9136363636363636
2013-02,4,223,39,0.8251121076233183
2013-03,4,226,27,0.8805309734513275
2013-04,4,227,26,0.8854625550660793
2013-05,4,230,31,0.8652173913043478
2013-06,4,231,24,0.8961038961038961
2013-07,4,234,34,0.8547008547008547
2013-08,4,236,30,0.8728813559322034
2013-09,4,235,29,0.8765957446808511
2013-10,4,236,30,0.8728813559322034
2013-11,4,236,34,0.8559322033898304
2013-12,4,236,29,0.8771186440677966
2014-01,4,235,30,0.8723404255319149
2014-02,4,234,24,0.8974358974358975
2014-03,4,235,37,0.8425531914893617
2014-04,4,233,31,0.8669527896995708
2014-05,4,229,25,0.8908296943231441
2014-06,4,231,19,0.9177489177489178
2014-07,4,231,24,0.8961038961038961
2014-08,4,230,25,0.8913043478260869
2014-09,4,232,23,0.9008620689655172
2014-10,4,228,26,0.8859649122807017
2014-11,4,228,23,0.8991228070175439
2014-12,4,230,33,0.8565217391304347
2015-01,4,232,28,0.8793103448275862
2015-02,4,229,26,0.8864628820960698
2015-03,4,231,26,0.8874458874458875
2015-04,4,232,25,0.8922413793103449
2015-05,4,228,31,0.8640350877192983
2015-06,4,226,26,0.8849557522123894
2015-07,4,219,25,0.8858447488584476
2015-08,4,216,22,0.8981481481481481
2015-09,4,216,18,0.9166666666666666
2015-10,4,222,30,0.8648648648648649
2015-11,4,230,27,0.8826086956521739
2015-12,4,238,37,0.8445378151260504
2016-01,4,240,27,0.8875
2016-02,4,241,33,0.8630705394190872
2016-03,4,246,31,0.8739837398373984
2016-04,4,247,33,0.8663967611336032
2016-05,4,248,28,0.8870967741935484
2016-06,4,252,39,0.8452380952380952
2016-07,4,256,33,0.87109375
2016-08,4,256,31,0.87890625
2016-09,4,258,38,0.8527131782945736
2016-10,4,258,28,0.8914728682170543
2016-11,4,260,33,0.8730769230769231
2016-12,4,262,28,0.8931297709923665
2017-01,4,262,36,0.8625954198473282
2017-02,4,261,31,0.8812260536398467
2017-03,4,264,38,0.8560606060606061
2017-04,4,265,27,0.8981132075471698
2017-05,4,263,27,0.8973384030418251
2017-06,4,263,18,0.9315589353612167
2017-07,4,265,26,0.9018867924528302
2017-08,4,267,33,0.8764044943820225
2017-09,4,273,35,0.8717948717948718
2017-10,4,276,26,0.9057971014492754
2017-11,4,281,29,0.896797153024911
2017-12,4,284,37,0.869718309859155
2018-01,4,288,36,0.875
2018-02,4,289,34,0.8823529411764706
2018-03,4,292,30,0.8972602739726028
2018-04,4,296,34,0.8851351351351351
2018-05,4,303,37,0.8778877887788779
2018-06,4,307,30,0.9022801302931596
2018-07,4,311,24,0.9228295819935691
2018-08,4,318,32,0.89937106918239
2018-09,4,324,36,0.8888888888888888
2018-10,4,329,33,0.8996960486322189
2018-11,4,335,37,0.8895522388059701
2018-12,4,338,40,0.8816568047337279
2019-01,4,339,37,0.8908554572271387
2019-02,4,340,27,0.9205882352941177
2019-03,4,341,45,0.8680351906158358
2019-04,4,343,39,0.8862973760932945
2019-05,4,338,40,0.8816568047337279
2019-06,4,339,30,0.911504424778761
2019-07,4,339,34,0.8997050147492626
2019-08,4,340,34,0.9
2019-09,4,340,40,0.8823529411764706
2019-10,4,341,36,0.8944281524926686
2019-11,4,342,38,0.8888888888888888
2019-12,4,342,44,0.8713450292397661
2020-01,4,343,30,0.9125364431486881
2020-02,4,343,34,0.9008746355685131
2020-03,4,345,31,0.9101449275362319
2020-04,4,346,50,0.8554913294797688
2020-05,4,341,44,0.8709677419354839
2020-06,4,342,31,0.9093567251461988
2020-07,4,345,33,0.9043478260869565
2020-08,4,345,32,0.9072463768115941
2020-09,4,346,40,0.8843930635838151
2020-10,4,347,38,0.8904899135446686
2020-11,4,350,48,0.8628571428571429
2020-12,4,353,46,0.8696883852691218
2021-01,4,355,34,0.9042253521126761
2021-02,4,356,47,0.8679775280898876
2021-03,4,358,34,0.9050279329608939
2021-04,4,363,30,0.9173553719008265
2021-05,4,362,44,0.8784530386740331
2021-06,4,367,45,0.8773841961852861
2021-07,4,371,44,0.8814016172506739
2021-08,4,378,38,0.8994708994708995
2021-09,4,384,40,0.8958333333333334
2021-10,4,386,49,0.8730569948186528
2021-11,4,389,38,0.9023136246786633
2021-12,4,394,44,0.8883248730964467
2022-01,4,397,36,0.9093198992443325
2022-02,4,400,38,0.905
2022-03,4,404,45,0.8886138613861386
2022-04,4,411,38,0.9075425790754258
2022-05,4,414,47,0.8864734299516908
2022-06,4,421,45,0.8931116389548693
2022-07,4,423,40,0.9054373522458629
2022-08,4,427,54,0.8735362997658079
2022-09,4,432,60,0.8611111111111112
2022-10,4,435,51,0.8827586206896552
2022-11,4,438,45,0.8972602739726028
2022-12,4,443,57,0.871331828442438
2023-01,4,445,53,0.8808988764044944
2023-02,4,447,54,0.8791946308724832
2023-03,4,450,73,0.8377777777777777
2023-04,4,455,59,0.8703296703296703
2023-05,4,452,35,0.922566371681416
2023-06,4,457,58,0.8730853391684902
2023-07,4,459,48,0.8954248366013072
2023-08,4,462,65,0.8593073593073592
2023-09,4,466,53,0.8862660944206009
2023-10,4,469,50,0.8933901918976546
2023-11,4,471,55,0.8832271762208068
2023-12,4,474,64,0.8649789029535865
2024-01,4,475,60,0.8736842105263158
2024-02,4,476,52,0.8907563025210083
2024-03,4,479,64,0.8663883089770354
2024-04,4,482,37,0.9232365145228216
2024-05,4,478,55,0.8849372384937239
2024-06,4,483,51,0.8944099378881988
2024-07,4,486,56,0.8847736625514403
2024-08,4,488,56,0.8852459016393442
2024-09,4,490,54,0.889795918367347
2024-10,4,490,53,0.8918367346938776
2024-11,4,490,65,0.8673469387755102
2024-12,4,492,61,0.8760162601626016
2025-01,4,493,73,0.8519269776876268
2025-02,4,493,56,0.8864097363083164
2025-03,4,494,41,0.917004048582996
2025-04,4,494,53,0.8927125506072875
2025-05,4,487,41,0.9158110882956879
2025-06,4,489,51,0.8957055214723927
2025-07,4,490,66,0.8653061224489795
2025-08,4,490,55,0.8877551020408163
2025-09,4,491,59,0.879837067209776
2025-10,4,490,62,0.8734693877551021
2025-11,4,491,63,0.8716904276985743
2025-12,4,493,63,0.8722109533468559
2026-01,4,493,59,0.8803245436105477
2026-02,4,493,51,0.896551724137931
2026-03,4,494,74,0.8502024291497976
2026-04,4,495,51,0.896969696969697
2026-05,4,488,47,0.9036885245901639
2026-06,4,492,63,0.8719512195121951
2026-07,4,492,61,0.8760162601626016
2010-02,5,144,17,0.8819444444444444
2010-03,5,144,16,0.8888888888888888
2010-04,5,144,11,0.9236111111111112
2010-05,5,141,17,0.8794326241134752
2010-06,5,142,19,0.8661971830985915
2010-07,5,142,12,0.9154929577464789
2010-08,5,143,17,0.8811188811188811
2010-09,5,145,19,0.8689655172413793
2010-10,5,144,16,0.8888888888888888
2010-11,5,149,12,0.9194630872483222
2010-12,5,151,21,0.8609271523178808
2011-01,5,155,18,0.8838709677419355
2011-02,5,157,16,0.8980891719745223
2011-03,5,159,13,0.9182389937106918
2011-04,5,164,21,0.8719512195121951
2011-05,5,165,17,0.896969696969697
2011-06,5,168,10,0.9404761904761905
2011-07,5,172,22,0.872093023255814
2011-08,5,175,20,0.8857142857142857
2011-09,5,178,24,0.8651685393258427
2011-10,5,180,20,0.8888888888888888
2011-11,5,183,15,0.9180327868852459
2011-12,5,187,19,0.8983957219251337
2012-01,5,190,22,0.8842105263157894
2012-02,5,193,18,0.9067357512953368
2012-03,5,196,23,0.8826530612244898
2012-04,5,198,27,0.8636363636363636
2012-05,5,201,17,0.9154228855721394
2012-06,5,204,28,0.8627450980392157
2012-07,5,207,20,0.9033816425120773
2012-08,5,212,28,0.8679245283018868
2012-09,5,215,25,0.8837209302325582
2012-10,5,215,23,0.8930232558139535
2012-11,5,219,18,0.9178082191780822
2012-12,5,220,12,0.9454545454545454
2013-01,5,221,26,0.8823529411764706
2013-02,5,222,25,0.8873873873873874
2013-03,5,225,28,0.8755555555555555
2013-04,5,228,26,0.8859649122807017
2013-05,5,231,24,0.8961038961038961
2013-06,5,231,23,0.9004329004329005
2013-07,5,234,37,0.8418803418803419
2013-08,5,235,20,0.9148936170212766
2013-09,5,235,33,0.8595744680851064
2013-10,5,236,25,0.8940677966101696
2013-11,5,235,32,0.8638297872340426
2013-12,5,236,22,0.9067796610169492
2014-01,5,236,22,0.9067796610169492
2014-02,5,234,20,0.9145299145299145
2014-03,5,235,27,0.8851063829787233
2014-04,5,233,31,0.8669527896995708
2014-05,5,230,22,0.9043478260869565
2014-06,5,230,23,0.9
2014-07,5,231,20,0.9134199134199135
2014-08,5,231,26,0.8874458874458875
2014-09,5,232,22,0.9051724137931034
2014-10,5,228,32,0.8596491228070176
2014-11,5,227,24,0.8942731277533039
2014-12,5,230,26,0.8869565217391304
2015-01,5,232,26,0.8879310344827587
2015-02,5,230,20,0.9130434782608696
2015-03,5,232,36,0.8448275862068966
2015-04,5,232,25,0.8922413793103449
2015-05,5,228,28,0.8771929824561404
2015-06,5,226,22,0.9026548672566371
2015-07,5,219,19,0.91324200913242
2015-08,5,215,28,0.8697674418604651
2015-09,5,217,25,0.8847926267281105
2015-10,5,223,22,0.9013452914798207
2015-11,5,230,24,0.8956521739130435
2015-12,5,238,25,0.8949579831932774
2016-01,5,241,21,0.9128630705394191
2016-02,5,242,33,0.8636363636363636
2016-03,5,245,29,0.8816326530612245
2016-04,5,247,31,0.8744939271255061
2016-05,5,248,22,0.9112903225806451
2016-06,5,253,29,0.8853754940711462
2016-07,5,255,34,0.8666666666666667
2016-08,5,257,25,0.9027237354085603
2016-09,5,258,32,0.875968992248062
2016-10,5,258,20,0.9224806201550387
2016-11,5,261,28,0.89272030651341
2016-12,5,263,25,0.9049429657794676
2017-01,5,262,28,0.8931297709923665
2017-02,5,262,30,0.8854961832061069
2017-03,5,264,40,0.8484848484848485
2017-04,5,266,30,0.887218045112782
2017-05,5,262,34,0.8702290076335878
2017-06,5,263,25,0.9049429657794676
2017-07,5,265,28,0.8943396226415095
2017-08,5,268,33,0.8768656716417911
2017-09,5,274,27,0.9014598540145985
2017-10,5,276,33,0.8804347826086957
2017-11,5,281,39,0.8612099644128114
2017-12,5,283,41,0.8551236749116607
2018-01,5,289,28,0.903114186851211
2018-02,5,289,37,0.8719723183391004
2018-03,5,291,36,0.8762886597938144
2018-04,5,296,38,0.8716216216216216
2018-05,5,302,27,0.9105960264900662
2018-06,5,307,54,0.8241042345276873
2018-07,5,311,34,0.8906752411575563
2018-08,5,318,42,0.8679245283018868
2018-09,5,324,32,0.9012345679012346
2018-10,5,329,34,0.8966565349544073
2018-11,5,335,40,0.8805970149253731
2018-12,5,337,35,0.8961424332344213
2019-01,5,339,32,0.9056047197640118
2019-02,5,341,33,0.9032258064516129
2019-03,5,341,33,0.9032258064516129
2019-04,5,343,35,0.8979591836734694
2019-05,5,338,42,0.8757396449704142
2019-06,5,338,35,0.8964497041420119
2019-07,5,339,30,0.911504424778761
2019-08,5,339,37,0.8908554572271387
2019-09,5,341,32,0.906158357771261
2019-10,5,341,45,0.8680351906158358
2019-11,5,341,33,0.9032258064516129
2019-12,5,342,44,0.8713450292397661
2020-01,5,343,42,0.8775510204081632
2020-02,5,344,39,0.8866279069767442
2020-03,5,345,42,0.8782608695652174
2020-04,5,346,44,0.8728323699421965
2020-05,5,340,41,0.8794117647058823
2020-06,5,342,50,0.8538011695906433
2020-07,5,344,39,0.8866279069767442
2020-08,5,346,28,0.9190751445086706
2020-09,5,346,44,0.8728323699421965
2020-10,5,347,55,0.8414985590778098
2020-11,5,351,36,0.8974358974358975
2020-12,5,353,38,0.8923512747875354
2021-01,5,355,41,0.8845070422535212
2021-02,5,357,48,0.865546218487395
2021-03,5,359,35,0.9025069637883009
2021-04,5,364,40,0.8901098901098901
2021-05,5,363,47,0.8705234159779615
2021-06,5,367,38,0.896457765667575
2021-07,5,372,48,0.8709677419354839
2021-08,5,377,50,0.8673740053050398
2021-09,5,384,48,0.875
2021-10,5,386,53,0.8626943005181347
2021-11,5,388,41,0.8943298969072165
2021-12,5,394,48,0.8781725888324873
2022-01,5,397,44,0.889168765743073
2022-02,5,400,47,0.8825000000000001
2022-03,5,404,52,0.8712871287128713
2022-04,5,410,41,0.9
2022-05,5,414,46,0.8888888888888888
2022-06,5,421,47,0.8883610451306413
2022-07,5,423,42,0.900709219858156
2022-08,5,427,50,0.882903981264637
2022-09,5,431,52,0.8793503480278422
2022-10,5,434,46,0.8940092165898618
2022-11,5,439,52,0.8815489749430524
2022-12,5,443,53,0.8803611738148984
2023-01,5,446,51,0.8856502242152466
2023-02,5,448,50,0.8883928571428571
2023-03,5,451,58,0.8713968957871396
2023-04,5,454,47,0.8964757709251101
2023-05,5,452,56,0.8761061946902655
2023-06,5,457,56,0.8774617067833698
2023-07,5,459,63,0.8627450980392157
2023-08,5,463,45,0.9028077753779697
2023-09,5,466,55,0.8819742489270386
2023-10,5,470,60,0.8723404255319149
2023-11,5,472,48,0.8983050847457628
2023-12,5,475,45,0.9052631578947369
2024-01,5,475,52,0.8905263157894737
2024-02,5,477,58,0.8784067085953878
2024-03,5,479,51,0.8935281837160751
2024-04,5,481,56,0.8835758835758836
2024-05,5,478,76,0.8410041841004184
2024-06,5,482,56,0.8838174273858921
2024-07,5,486,47,0.9032921810699588
2024-08,5,488,52,0.8934426229508197
2024-09,5,489,54,0.8895705521472392
2024-10,5,490,57,0.8836734693877552
2024-11,5,491,55,0.8879837067209776
2024-12,5,492,59,0.8800813008130082
2025-01,5,492,65,0.8678861788617886
2025-02,5,493,58,0.8823529411764706
2025-03,5,493,45,0.9087221095334685
2025-04,5,493,55,0.8884381338742393
2025-05,5,487,60,0.8767967145790554
2025-06,5,490,64,0.8693877551020408
2025-07,5,490,60,0.8775510204081632
2025-08,5,490,54,0.889795918367347
2025-09,5,490,61,0.8755102040816327
2025-10,5,491,51,0.8961303462321792
2025-11,5,491,62,0.8737270875763747
2025-12,5,492,56,0.8861788617886179
2026-01,5,493,63,0.8722109533468559
2026-02,5,492,56,0.8861788617886179
2026-03,5,494,63,0.8724696356275303
2026-04,5,496,67,0.8649193548387097
2026-05,5,488,72,0.8524590163934427
2026-06,5,492,71,0.8556910569105691
2026-07,5,492,76,0.8455284552845528
2010-02,6,144,14,0.9027777777777778
2010-03,6,144,15,0.8958333333333334
2010-04,6,144,15,0.8958333333333334
2010-05,6,141,21,0.851063829787234
2010-06,6,141,13,0.9078014184397163
2010-07,6,141,13,0.9078014184397163
2010-08,6,143,14,0.9020979020979021
2010-09,6,144,18,0.875
2010-10,6,144,13,0.9097222222222222
2010-11,6,148,17,0.8851351351351351
2010-12,6,152,14,0.9078947368421053
2011-01,6,155,22,0.8580645161290322
2011-02,6,157,20,0.8726114649681529
2011-03,6,160,18,0.8875
2011-04,6,163,14,0.9141104294478528
2011-05,6,165,17,0.896969696969697
2011-06,6,168,30,0.8214285714285714
2011-07,6,171,18,0.8947368421052632
2011-08,6,175,10,0.9428571428571428
2011-09,6,178,21,0.8820224719101124
2011-10,6,180,19,0.8944444444444445
2011-11,6,183,22,0.8797814207650273
2011-12,6,186,17,0.9086021505376344
2012-01,6,190,22,0.8842105263157894
2012-02,6,192,19,0.9010416666666666
2012-03,6,196,25,0.8724489795918368
2012-04,6,198,31,0.8434343434343434
2012-05,6,200,14,0.9299999999999999
2012-06,6,204,19,0.9068627450980392
2012-07,6,207,27,0.8695652173913043
2012-08,6,211,21,0.9004739336492891
2012-09,6,214,25,0.883177570093458
2012-10,6,216,27,0.875
2012-11,6,218,26,0.8807339449541285
2012-12,6,219,24,0.8904109589041096
2013-01,6,221,31,0.8597285067873304
2013-02,6,222,17,0.9234234234234234
2013-03,6,225,30,0.8666666666666667
2013-04,6,227,26,0.8854625550660793
2013-05,6,231,33,0.8571428571428572
2013-06,6,231,28,0.8787878787878788
2013-07,6,233,28,0.8798283261802575
2013-08,6,235,25,0.8936170212765957
2013-09,6,235,26,0.8893617021276596
2013-10,6,236,34,0.8559322033898304
2013-11,6,236,31,0.8686440677966102
2013-12,6,236,28,0.8813559322033898
2014-01,6,236,22,0.9067796610169492
2014-02,6,233,21,0.9098712446351931
2014-03,6,235,22,0.9063829787234042
2014-04,6,233,28,0.8798283261802575
2014-05,6,229,19,0.9170305676855895
2014-06,6,231,14,0.9393939393939394
2014-07,6,231,37,0.8398268398268398
2014-08,6,230,31,0.8652173913043478
2014-09,6,231,23,0.9004329004329005
2014-10,6,227,20,0.9118942731277533
2014-11,6,228,21,0.9078947368421053
2014-12,6,230,16,0.9304347826086956
2015-01,6,232,25,0.8922413793103449
2015-02,6,229,24,0.8951965065502183
2015-03,6,232,21,0.9094827586206896
2015-04,6,232,23,0.9008620689655172
2015-05,6,228,27,0.881578947368421
2015-06,6,225,25,0.8888888888888888
2015-07,6,218,16,0.926605504587156
2015-08,6,215,29,0.8651162790697674
2015-09,6,216,23,0.8935185185185185
2015-10,6,222,21,0.9054054054054054
2015-11,6,230,25,0.8913043478260869
2015-12,6,238,28,0.8823529411764706
2016-01,6,240,20,0.9166666666666666
2016-02,6,241,32,0.8672199170124482
2016-03,6,245,26,0.8938775510204082
2016-04,6,247,29,0.8825910931174089
2016-05,6,247,25,0.8987854251012146
2016-06,6,252,32,0.873015873015873
2016-07,6,256,39,0.84765625
2016-08,6,257,31,0.8793774319066148
2016-09,6,258,29,0.8875968992248062
2016-10,6,257,29,0.8871595330739299
2016-11,6,260,30,0.8846153846153846
2016-12,6,262,27,0.8969465648854962
2017-01,6,262,33,0.8740458015267176
2017-02,6,261,25,0.9042145593869731
2017-03,6,264,39,0.8522727272727273
2017-04,6,265,30,0.8867924528301887
2017-05,6,263,32,0.8783269961977186
2017-06,6,262,31,0.8816793893129771
2017-07,6,265,33,0.8754716981132076
2017-08,6,268,33,0.8768656716417911
2017-09,6,273,42,0.8461538461538461
2017-10,6,275,34,0.8763636363636363
2017-11,6,281,23,0.9181494661921709
2017-12,6,284,32,0.8873239436619719
2018-01,6,288,31,0.8923611111111112
2018-02,6,289,32,0.889273356401384
2018-03,6,292,30,0.8972602739726028
2018-04,6,295,31,0.8949152542372881
2018-05,6,303,44,0.8547854785478548
2018-06,6,307,37,0.8794788273615635
2018-07,6,311,39,0.8745980707395499
2018-08,6,318,41,0.8710691823899371
2018-09,6,323,33,0.8978328173374613
2018-10,6,328,34,0.8963414634146342
2018-11,6,334,43,0.8712574850299402
2018-12,6,337,37,0.8902077151335311
2019-01,6,339,45,0.8672566371681416
2019-02,6,340,38,0.888235294117647
2019-03,6,341,42,0.8768328445747801
2019-04,6,342,39,0.8859649122807017
2019-05,6,338,34,0.8994082840236687
2019-06,6,338,45,0.8668639053254438
2019-07,6,339,31,0.9085545722713865
2019-08,6,339,49,0.855457227138643
2019-09,6,340,36,0.8941176470588236
2019-10,6,341,36,0.8944281524926686
2019-11,6,342,41,0.8801169590643275
2019-12,6,342,43,0.8742690058479532
2020-01,6,342,36,0.8947368421052632
2020-02,6,343,42,0.8775510204081632
2020-03,6,344,44,0.872093023255814
2020-04,6,345,35,0.8985507246376812
2020-05,6,341,43,0.873900293255132
2020-06,6,342,46,0.8654970760233918
2020-07,6,344,43,0.875
2020-08,6,345,48,0.8608695652173913
2020-09,6,346,49,0.8583815028901733
2020-10,6,347,36,0.8962536023054755
2020-11,6,350,47,0.8657142857142857
2020-12,6,353,41,0.8838526912181304
2021-01,6,354,38,0.8926553672316384
2021-02,6,357,39,0.8907563025210083
2021-03,6,359,41,0.8857938718662952
2021-04,6,363,50,0.862258953168044
2021-05,6,362,43,0.8812154696132597
2021-06,6,366,40,0.8907103825136612
2021-07,6,371,43,0.8840970350404312
2021-08,6,378,40,0.8941798941798942
2021-09,6,384,36,0.90625
2021-10,6,386,37,0.9041450777202072
2021-11,6,388,39,0.8994845360824743
2021-12,6,394,52,0.868020304568528
2022-01,6,397,44,0.889168765743073
2022-02,6,400,55,0.8625
2022-03,6,404,53,0.8688118811881188
2022-04,6,411,53,0.8710462287104623
2022-05,6,413,51,0.8765133171912833
2022-06,6,421,52,0.8764845605700713
2022-07,6,422,62,0.8530805687203792
2022-08,6,427,45,0.8946135831381733
2022-09,6,431,51,0.8816705336426914
2022-10,6,435,63,0.8551724137931034
2022-11,6,438,55,0.8744292237442922
2022-12,6,442,66,0.8506787330316742
2023-01,6,446,40,0.9103139013452914
2023-02,6,447,60,0.8657718120805369
2023-03,6,451,52,0.8847006651884701
2023-04,6,455,50,0.8901098901098901
2023-05,6,451,50,0.8891352549889135
2023-06,6,456,63,0.8618421052631579
2023-07,6,459,55,0.8801742919389979
2023-08,6,462,58,0.8744588744588745
2023-09,6,466,66,0.8583690987124464
2023-10,6,469,51,0.8912579957356077
2023-11,6,472,50,0.8940677966101696
2023-12,6,474,66,0.8607594936708861
2024-01,6,475,70,0.8526315789473684
2024-02,6,476,49,0.8970588235294118
2024-03,6,479,50,0.8956158663883089
2024-04,6,482,60,0.8755186721991701
2024-05,6,477,55,0.8846960167714885
2024-06,6,483,64,0.8674948240165632
2024-07,6,486,56,0.8847736625514403
2024-08,6,488,60,0.8770491803278688
2024-09,6,489,32,0.934560327198364
2024-10,6,490,51,0.8959183673469387
2024-11,6,491,61,0.8757637474541752
2024-12,6,492,62,0.8739837398373984
2025-01,6,493,63,0.8722109533468559
2025-02,6,493,66,0.8661257606490872
2025-03,6,494,55,0.888663967611336
2025-04,6,493,57,0.8843813387423936
2025-05,6,486,62,0.8724279835390947
2025-06,6,489,52,0.8936605316973415
2025-07,6,490,69,0.8591836734693877
2025-08,6,489,61,0.8752556237218814
2025-09,6,491,47,0.9042769857433809
2025-10,6,491,66,0.8655804480651731
2025-11,6,491,56,0.8859470468431772
2025-12,6,492,60,0.8780487804878049
2026-01,6,492,68,0.8617886178861789
2026-02,6,493,66,0.8661257606490872
2026-03,6,494,66,0.8663967611336032
2026-04,6,495,61,0.8767676767676768
2026-05,6,487,59,0.8788501026694046
2026-06,6,492,67,0.8638211382113821
2026-07,6,492,65,0.8678861788617886
2010-02,7,145,13,0.9103448275862069
2010-03,7,144,12,0.9166666666666666
2010-04,7,143,13,0.9090909090909091
2010-05,7,141,17,0.8794326241134752
2010-06,7,142,14,0.9014084507042254
2010-07,7,142,19,0.8661971830985915
2010-08,7,142,17,0.8802816901408451
2010-09,7,144,15,0.8958333333333334
2010-10,7,145,19,0.8689655172413793
2010-11,7,148,12,0.9189189189189189
2010-12,7,151,21,0.8609271523178808
2011-01,7,154,21,0.8636363636363636
2011-02,7,157,19,0.8789808917197452
2011-03,7,159,19,0.8805031446540881
2011-04,7,163,15,0.9079754601226994
2011-05,7,165,21,0.8727272727272728
2011-06,7,169,21,0.8757396449704142
2011-07,7,171,21,0.8771929824561404
2011-08,7,175,26,0.8514285714285714
2011-09,7,178,19,0.8932584269662921
2011-10,7,180,28,0.8444444444444444
2011-11,7,183,13,0.9289617486338798
2011-12,7,186,24,0.8709677419354839
2012-01,7,190,30,0.8421052631578947
2012-02,7,193,17,0.9119170984455959
2012-03,7,197,25,0.8730964467005076
2012-04,7,197,23,0.883248730964467
2012-05,7,201,26,0.8706467661691543
2012-06,7,205,17,0.9170731707317074
2012-07,7,207,31,0.8502415458937198
2012-08,7,212,23,0.8915094339622641
2012-09,7,214,28,0.8691588785046729
2012-10,7,215,25,0.8837209302325582
2012-11,7,218,20,0.908256880733945
2012-12,7,220,32,0.8545454545454545
2013-01,7,220,25,0.8863636363636364
2013-02,7,223,29,0.8699551569506727
2013-03,7,226,33,0.8539823008849557
2013-04,7,227,31,0.8634361233480177
2013-05,7,230,26,0.8869565217391304
2013-06,7,231,35,0.8484848484848485
2013-07,7,234,26,0.8888888888888888
2013-08,7,236,24,0.8983050847457628
2013-09,7,235,26,0.8893617021276596
2013-10,7,236,38,0.8389830508474576
2013-11,7,235,27,0.8851063829787233
2013-12,7,236,21,0.9110169491525424
2014-01,7,235,24,0.8978723404255319
2014-02,7,234,28,0.8803418803418803
2014-03,7,235,21,0.9106382978723404
2014-04,7,233,33,0.8583690987124464
2014-05,7,229,27,0.8820960698689957
2014-06,7,230,29,0.8739130434782609
2014-07,7,231,27,0.8831168831168831
2014-08,7,230,31,0.8652173913043478
2014-09,7,232,26,0.8879310344827587
2014-10,7,228,27,0.881578947368421
2014-11,7,227,33,0.8546255506607929
2014-12,7,230,29,0.8739130434782609
2015-01,7,232,28,0.8793103448275862
2015-02,7,229,26,0.8864628820960698
2015-03,7,231,30,0.8701298701298701
2015-04,7,232,31,0.8663793103448276
2015-05,7,228,21,0.9078947368421053
2015-06,7,226,28,0.8761061946902655
2015-07,7,219,29,0.8675799086757991
2015-08,7,216,26,0.8796296296296297
2015-09,7,216,18,0.9166666666666666
2015-10,7,222,24,0.8918918918918919
2015-11,7,230,24,0.8956521739130435
2015-12,7,238,27,0.8865546218487395
2016-01,7,240,30,0.875
2016-02,7,241,26,0.892116182572614
2016-03,7,246,29,0.8821138211382114
2016-04,7,247,27,0.8906882591093117
2016-05,7,248,32,0.8709677419354839
2016-06,7,252,40,0.8412698412698413
2016-07,7,255,30,0.8823529411764706
2016-08,7,256,25,0.90234375
2016-09,7,258,23,0.9108527131782945
2016-10,7,258,30,0.8837209302325582
2016-11,7,260,33,0.8730769230769231
2016-12,7,262,31,0.8816793893129771
2017-01,7,262,40,0.8473282442748091
2017-02,7,261,35,0.8659003831417624
2017-03,7,264,33,0.875
2017-04,7,265,36,0.8641509433962264
2017-05,7,262,34,0.8702290076335878
2017-06,7,263,26,0.9011406844106464
2017-07,7,265,33,0.8754716981132076
2017-08,7,267,32,0.8801498127340824
2017-09,7,273,35,0.8717948717948718
2017-10,7,276,34,0.8768115942028986
2017-11,7,281,34,0.8790035587188612
2017-12,7,283,36,0.872791519434629
2018-01,7,288,38,0.8680555555555556
2018-02,7,289,32,0.889273356401384
2018-03,7,291,36,0.8762886597938144
2018-04,7,296,30,0.8986486486486487
2018-05,7,302,40,0.8675496688741722
2018-06,7,307,48,0.8436482084690554
2018-07,7,311,36,0.8842443729903537
2018-08,7,318,31,0.9025157232704403
2018-09,7,324,44,0.8641975308641976
2018-10,7,329,51,0.8449848024316109
2018-11,7,335,37,0.8895522388059701
2018-12,7,338,40,0.8816568047337279
2019-01,7,339,48,0.8584070796460177
2019-02,7,340,49,0.8558823529411765
2019-03,7,341,38,0.8885630498533724
2019-04,7,343,47,0.8629737609329446
2019-05,7,338,30,0.9112426035502958
2019-06,7,339,29,0.9144542772861357
2019-07,7,339,26,0.9233038348082596
2019-08,7,340,39,0.8852941176470588
2019-09,7,340,36,0.8941176470588236
2019-10,7,341,34,0.9002932551319648
2019-11,7,341,43,0.873900293255132
2019-12,7,342,58,0.8304093567251463
2020-01,7,343,42,0.8775510204081632
2020-02,7,343,47,0.8629737609329446
2020-03,7,345,42,0.8782608695652174
2020-04,7,346,49,0.8583815028901733
2020-05,7,340,36,0.8941176470588236
2020-06,7,342,47,0.8625730994152047
2020-07,7,345,42,0.8782608695652174
2020-08,7,345,46,0.8666666666666667
2020-09,7,346,53,0.846820809248555
2020-10,7,347,37,0.8933717579250721
2020-11,7,350,34,0.9028571428571428
2020-12,7,353,37,0.8951841359773371
2021-01,7,355,47,0.8676056338028169
2021-02,7,356,52,0.8539325842696629
2021-03,7,358,41,0.8854748603351955
2021-04,7,363,48,0.8677685950413223
2021-05,7,362,45,0.8756906077348067
2021-06,7,367,45,0.8773841961852861
2021-07,7,371,51,0.8625336927223719
2021-08,7,377,62,0.8355437665782494
2021-09,7,384,40,0.8958333333333334
2021-10,7,386,47,0.8782383419689119
2021-11,7,389,43,0.8894601542416453
2021-12,7,394,47,0.8807106598984772
2022-01,7,397,55,0.8614609571788413
2022-02,7,400,48,0.88
2022-03,7,404,35,0.9133663366336634
2022-04,7,410,44,0.8926829268292683
2022-05,7,414,46,0.8888888888888888
2022-06,7,421,59,0.8598574821852731
2022-07,7,423,43,0.8983451536643026
2022-08,7,427,49,0.8852459016393442
2022-09,7,432,48,0.8888888888888888
2022-10,7,434,49,0.8870967741935484
2022-11,7,438,45,0.8972602739726028
2022-12,7,443,49,0.8893905191873589
2023-01,7,445,57,0.8719101123595505
2023-02,7,447,42,0.9060402684563759
2023-03,7,450,54,0.88
2023-04,7,454,46,0.8986784140969163
2023-05,7,452,57,0.8738938053097345
2023-06,7,457,53,0.8840262582056893
2023-07,7,459,66,0.8562091503267975
2023-08,7,462,46,0.9004329004329005
2023-09,7,466,57,0.8776824034334764
2023-10,7,469,64,0.8635394456289979
2023-11,7,471,52,0.8895966029723992
2023-12,7,474,60,0.8734177215189873
2024-01,7,475,62,0.8694736842105263
2024-02,7,476,74,0.8445378151260504
2024-03,7,479,54,0.8872651356993737
2024-04,7,481,61,0.8731808731808732
2024-05,7,478,55,0.8849372384937239
2024-06,7,482,70,0.8547717842323651
2024-07,7,486,65,0.8662551440329218
2024-08,7,488,51,0.8954918032786885
2024-09,7,490,48,0.9020408163265307
2024-10,7,490,45,0.9081632653061225
2024-11,7,490,62,0.8734693877551021
2024-12,7,492,73,0.8516260162601625
2025-01,7,492,60,0.8780487804878049
2025-02,7,493,58,0.8823529411764706
2025-03,7,493,67,0.8640973630831643
2025-04,7,494,66,0.8663967611336032
2025-05,7,487,57,0.8829568788501027
2025-06,7,489,66,0.8650306748466258
2025-07,7,490,65,0.8673469387755102
2025-08,7,490,63,0.8714285714285714
2025-09,7,490,50,0.8979591836734694
2025-10,7,490,50,0.8979591836734694
2025-11,7,491,60,0.8778004073319756
2025-12,7,493,73,0.8519269776876268
2026-01,7,493,81,0.8356997971602433
2026-02,7,492,52,0.8943089430894309
2026-03,7,494,69,0.8603238866396761
2026-04,7,495,50,0.898989898989899
2026-05,7,488,52,0.8934426229508197
2026-06,7,492,58,0.8821138211382114
2026-07,7,492,48,0.9024390243902439
2010-02,8,144,19,0.8680555555555556
2010-03,8,144,18,0.875
2010-04,8,144,18,0.875
2010-05,8,141,23,0.8368794326241135
2010-06,8,141,11,0.9219858156028369
2010-07,8,142,16,0.8873239436619719
2010-08,8,143,21,0.8531468531468531
2010-09,8,144,22,0.8472222222222222
2010-10,8,144,19,0.8680555555555556
2010-11,8,148,13,0.9121621621621622
2010-12,8,152,15,0.9013157894736842
2011-01,8,155,15,0.9032258064516129
2011-02,8,157,15,0.9044585987261147
2011-03,8,160,21,0.86875
2011-04,8,163,26,0.8404907975460123
2011-05,8,165,23,0.8606060606060606
2011-06,8,168,14,0.9166666666666666
2011-07,8,172,22,0.872093023255814
2011-08,8,175,21,0.88
2011-09,8,178,14,0.9213483146067416
2011-10,8,180,16,0.9111111111111111
2011-11,8,183,19,0.8961748633879781
2011-12,8,187,26,0.8609625668449198
2012-01,8,190,20,0.8947368421052632
2012-02,8,193,19,0.9015544041450777
2012-03,8,196,28,0.8571428571428572
2012-04,8,198,33,0.8333333333333334
2012-05,8,200,26,0.87
2012-06,8,204,28,0.8627450980392157
2012-07,8,207,28,0.8647342995169083
2012-08,8,212,26,0.8773584905660378
2012-09,8,214,23,0.8925233644859814
2012-10,8,216,26,0.8796296296296297
2012-11,8,218,22,0.8990825688073394
2012-12,8,220,26,0.8818181818181818
2013-01,8,221,31,0.8597285067873304
2013-02,8,222,26,0.8828828828828829
2013-03,8,225,21,0.9066666666666666
2013-04,8,228,31,0.8640350877192983
2013-05,8,231,24,0.8961038961038961
2013-06,8,231,21,0.9090909090909091
2013-07,8,233,28,0.8798283261802575
2013-08,8,235,23,0.902127659574468
2013-09,8,235,29,0.8765957446808511
2013-10,8,236,32,0.864406779661017
2013-11,8,236,37,0.8432203389830508
2013-12,8,236,28,0.8813559322033898
2014-01,8,236,23,0.902542372881356
2014-02,8,234,23,0.9017094017094017
2014-03,8,235,20,0.9148936170212766
2014-04,8,233,27,0.8841201716738197
2014-05,8,229,22,0.9039301310043668
2014-06,8,231,24,0.8961038961038961
2014-07,8,231,25,0.8917748917748918
2014-08,8,231,26,0.8874458874458875
2014-09,8,232,30,0.8706896551724138
2014-10,8,228,25,0.8903508771929824
2014-11,8,228,28,0.8771929824561404
2014-12,8,230,24,0.8956521739130435
2015-01,8,232,30,0.8706896551724138
2015-02,8,229,22,0.9039301310043668
2015-03,8,232,38,0.8362068965517242
2015-04,8,232,33,0.8577586206896551
2015-05,8,228,21,0.9078947368421053
2015-06,8,226,29,0.8716814159292036
2015-07,8,218,14,0.9357798165137614
2015-08,8,215,18,0.9162790697674419
2015-09,8,216,21,0.9027777777777778
2015-10,8,222,18,0.9189189189189189
2015-11,8,230,34,0.8521739130434782
2015-12,8,238,31,0.8697478991596639
2016-01,8,241,26,0.892116182572614
2016-02,8,242,33,0.8636363636363636
2016-03,8,245,29,0.8816326530612245
2016-04,8,247,27,0.8906882591093117
2016-05,8,247,24,0.902834008097166
2016-06,8,253,43,0.8300395256916996
2016-07,8,256,45,0.82421875
2016-08,8,257,29,0.8871595330739299
2016-09,8,258,30,0.8837209302325582
2016-10,8,257,31,0.8793774319066148
2016-11,8,261,29,0.8888888888888888
2016-12,8,263,27,0.8973384030418251
2017-01,8,262,39,0.851145038167939
2017-02,8,261,22,0.9157088122605364
2017-03,8,264,33,0.875
2017-04,8,265,39,0.8528301886792453
2017-05,8,263,38,0.8555133079847909
2017-06,8,262,29,0.8893129770992366
2017-07,8,265,39,0.8528301886792453
2017-08,8,268,37,0.8619402985074627
2017-09,8,274,41,0.8503649635036497
2017-10,8,275,27,0.9018181818181819
2017-11,8,281,24,0.9145907473309609
2017-12,8,284,38,0.8661971830985915
2018-01,8,289,31,0.8927335640138409
2018-02,8,289,38,0.8685121107266436
2018-03,8,292,37,0.8732876712328768
2018-04,8,295,36,0.8779661016949153
2018-05,8,303,43,0.858085808580858
2018-06,8,307,39,0.8729641693811074
2018-07,8,311,29,0.9067524115755627
2018-08,8,318,44,0.8616352201257862
2018-09,8,323,34,0.8947368421052632
2018-10,8,328,43,0.8689024390243902
2018-11,8,334,47,0.8592814371257484
2018-12,8,337,45,0.8664688427299703
2019-01,8,339,42,0.8761061946902655
2019-02,8,340,36,0.8941176470588236
2019-03,8,341,35,0.8973607038123167
2019-04,8,342,43,0.8742690058479532
2019-05,8,338,47,0.8609467455621302
2019-06,8,338,36,0.893491124260355
2019-07,8,339,39,0.8849557522123894
2019-08,8,339,44,0.8702064896755162
2019-09,8,340,44,0.8705882352941177
2019-10,8,341,51,0.8504398826979472
2019-11,8,342,40,0.8830409356725146
2019-12,8,342,30,0.9122807017543859
2020-01,8,343,41,0.880466472303207
2020-02,8,344,39,0.8866279069767442
2020-03,8,344,34,0.9011627906976745
2020-04,8,346,42,0.8786127167630058
2020-05,8,341,44,0.8709677419354839
2020-06,8,342,40,0.8830409356725146
2020-07,8,344,43,0.875
2020-08,8,346,44,0.8728323699421965
2020-09,8,346,50,0.8554913294797688
2020-10,8,347,40,0.8847262247838616
2020-11,8,351,36,0.8974358974358975
2020-12,8,353,46,0.8696883852691218
2021-01,8,355,35,0.9014084507042254
2021-02,8,357,43,0.8795518207282913
2021-03,8,359,44,0.8774373259052924
2021-04,8,364,45,0.8763736263736264
2021-05,8,362,39,0.8922651933701657
2021-06,8,366,46,0.8743169398907104
2021-07,8,372,51,0.8629032258064516
2021-08,8,378,47,0.8756613756613757
2021-09,8,384,48,0.875
2021-10,8,386,41,0.8937823834196891
2021-11,8,388,46,0.8814432989690721
2021-12,8,394,44,0.8883248730964467
2022-01,8,397,45,0.8866498740554156
2022-02,8,400,33,0.9175
2022-03,8,404,47,0.8836633663366337
2022-04,8,411,45,0.8905109489051095
2022-05,8,413,54,0.8692493946731235
2022-06,8,421,49,0.8836104513064134
2022-07,8,423,49,0.884160756501182
2022-08,8,427,52,0.8782201405152225
2022-09,8,431,47,0.8909512761020881
2022-10,8,435,52,0.8804597701149426
2022-11,8,438,51,0.8835616438356164
2022-12,8,442,52,0.8823529411764706
2023-01,8,446,49,0.8901345291479821
2023-02,8,447,56,0.8747203579418344
2023-03,8,451,68,0.8492239467849224
2023-04,8,455,54,0.8813186813186813
2023-05,8,452,50,0.8893805309734513
2023-06,8,456,62,0.8640350877192983
2023-07,8,459,48,0.8954248366013072
2023-08,8,463,53,0.8855291576673866
2023-09,8,466,62,0.8669527896995708
2023-10,8,469,63,0.8656716417910448
2023-11,8,472,59,0.875
2023-12,8,474,52,0.890295358649789
2024-01,8,475,64,0.8652631578947368
2024-02,8,477,55,0.8846960167714885
2024-03,8,479,58,0.8789144050104384
2024-04,8,482,49,0.8983402489626556
2024-05,8,477,54,0.8867924528301887
2024-06,8,483,62,0.8716356107660456
2024-07,8,486,70,0.8559670781893004
2024-08,8,488,68,0.860655737704918
2024-09,8,489,59,0.8793456032719836
2024-10,8,490,45,0.9081632653061225
2024-11,8,491,49,0.90020366598778
2024-12,8,492,65,0.8678861788617886
2025-01,8,493,58,0.8823529411764706
2025-02,8,493,62,0.8742393509127789
2025-03,8,494,63,0.8724696356275303
2025-04,8,493,70,0.8580121703853956
2025-05,8,487,58,0.8809034907597536
2025-06,8,490,49,0.9
2025-07,8,490,62,0.8734693877551021
2025-08,8,490,50,0.8979591836734694
2025-09,8,491,63,0.8716904276985743
2025-10,8,491,46,0.9063136456211812
2025-11,8,491,67,0.8635437881873727
2025-12,8,492,72,0.8536585365853658
2026-01,8,493,70,0.8580121703853956
2026-02,8,493,65,0.8681541582150101
2026-03,8,494,48,0.902834008097166
2026-04,8,496,52,0.8951612903225806
2026-05,8,487,72,0.8521560574948666
2026-06,8,492,46,0.9065040650406504
2026-07,8,492,68,0.8617886178861789
2010-02,9,144,18,0.875
2010-03,9,144,15,0.8958333333333334
2010-04,9,144,16,0.8888888888888888
2010-05,9,141,21,0.851063829787234
2010-06,9,142,24,0.8309859154929577
2010-07,9,142,14,0.9014084507042254
2010-08,9,143,22,0.8461538461538461
2010-09,9,144,17,0.8819444444444444
2010-10,9,144,19,0.8680555555555556
2010-11,9,148,23,0.8445945945945946
2010-12,9,151,16,0.8940397350993378
2011-01,9,155,24,0.8451612903225807
2011-02,9,157,20,0.8726114649681529
2011-03,9,159,18,0.8867924528301887
2011-04,9,163,22,0.8650306748466258
2011-05,9,165,21,0.8727272727272728
2011-06,9,168,27,0.8392857142857143
2011-07,9,171,22,0.8713450292397661
2011-08,9,175,28,0.84
2011-09,9,178,19,0.8932584269662921
2011-10,9,180,10,0.9444444444444444
2011-11,9,183,22,0.8797814207650273
2011-12,9,186,35,0.8118279569892473
2012-01,9,190,37,0.8052631578947369
2012-02,9,193,28,0.8549222797927462
2012-03,9,196,23,0.8826530612244898
2012-04,9,198,27,0.8636363636363636
2012-05,9,201,33,0.835820895522388
2012-06,9,204,18,0.9117647058823529
2012-07,9,207,24,0.8840579710144928
2012-08,9,212,31,0.8537735849056604
2012-09,9,214,27,0.8738317757009346
2012-10,9,215,20,0.9069767441860466
2012-11,9,218,22,0.8990825688073394
2012-12,9,220,31,0.8590909090909091
2013-01,9,221,37,0.832579185520362
2013-02,9,222,22,0.9009009009009009
2013-03,9,225,30,0.8666666666666667
2013-04,9,227,33,0.8546255506607929
2013-05,9,231,35,0.8484848484848485
2013-06,9,231,34,0.8528138528138528
2013-07,9,234,31,0.8675213675213675
2013-08,9,235,37,0.8425531914893617
2013-09,9,235,29,0.8765957446808511
2013-10,9,236,47,0.8008474576271186
2013-11,9,235,24,0.8978723404255319
2013-12,9,236,30,0.8728813559322034
2014-01,9,236,24,0.8983050847457628
2014-02,9,234,31,0.8675213675213675
2014-03,9,235,31,0.8680851063829788
2014-04,9,233,22,0.9055793991416309
2014-05,9,229,35,0.8471615720524017
2014-06,9,230,31,0.8652173913043478
2014-07,9,231,42,0.8181818181818181
2014-08,9,230,34,0.8521739130434782
2014-09,9,232,23,0.9008620689655172
2014-10,9,228,22,0.9035087719298246
2014-11,9,227,33,0.8546255506607929
2014-12,9,230,29,0.8739130434782609
2015-01,9,232,29,0.875
2015-02,9,229,23,0.8995633187772926
2015-03,9,232,41,0.8232758620689655
2015-04,9,232,37,0.8405172413793103
2015-05,9,228,25,0.8903508771929824
2015-06,9,226,30,0.8672566371681416
2015-07,9,219,26,0.8812785388127854
2015-08,9,215,25,0.8837209302325582
2015-09,9,216,23,0.8935185185185185
2015-10,9,222,22,0.9009009009009009
2015-11,9,230,31,0.8652173913043478
2015-12,9,238,21,0.9117647058823529
2016-01,9,240,27,0.8875
2016-02,9,241,34,0.8589211618257262
2016-03,9,245,29,0.8816326530612245
2016-04,9,247,45,0.8178137651821862
2016-05,9,248,31,0.875
2016-06,9,252,40,0.8412698412698413
2016-07,9,255,30,0.8823529411764706
2016-08,9,257,35,0.8638132295719845
2016-09,9,258,32,0.875968992248062
2016-10,9,258,36,0.8604651162790697
2016-11,9,260,30,0.8846153846153846
2016-12,9,262,39,0.851145038167939
2017-01,9,262,44,0.83206106870229
2017-02,9,261,31,0.8812260536398467
2017-03,9,264,34,0.8712121212121212
2017-04,9,265,32,0.879245283018868
2017-05,9,262,40,0.8473282442748091
2017-06,9,263,48,0.8174904942965779
2017-07,9,265,31,0.8830188679245283
2017-08,9,268,33,0.8768656716417911
2017-09,9,273,34,0.8754578754578755
2017-10,9,276,28,0.8985507246376812
2017-11,9,281,32,0.8861209964412812
2017-12,9,283,28,0.901060070671378
2018-01,9,288,43,0.8506944444444444
2018-02,9,289,27,0.9065743944636678
2018-03,9,291,36,0.8762886597938144
2018-04,9,296,41,0.8614864864864865
2018-05,9,302,33,0.890728476821192
2018-06,9,307,35,0.8859934853420195
2018-07,9,311,45,0.8553054662379421
2018-08,9,318,45,0.8584905660377359
2018-09,9,324,46,0.8580246913580247
2018-10,9,329,37,0.8875379939209727
2018-11,9,335,39,0.8835820895522388
2018-12,9,337,39,0.884272997032641
2019-01,9,339,40,0.8820058997050148
2019-02,9,340,35,0.8970588235294118
2019-03,9,341,41,0.8797653958944281
2019-04,9,343,55,0.8396501457725948
2019-05,9,338,39,0.8846153846153846
2019-06,9,338,45,0.8668639053254438
2019-07,9,339,46,0.8643067846607669
2019-08,9,339,49,0.855457227138643
2019-09,9,340,44,0.8705882352941177
2019-10,9,341,36,0.8944281524926686
2019-11,9,341,42,0.8768328445747801
2019-12,9,342,43,0.8742690058479532
2020-01,9,343,45,0.8688046647230321
2020-02,9,343,30,0.9125364431486881
2020-03,9,345,42,0.8782608695652174
2020-04,9,346,53,0.846820809248555
2020-05,9,340,53,0.8441176470588235
2020-06,9,342,46,0.8654970760233918
2020-07,9,344,44,0.872093023255814
2020-08,9,345,48,0.8608695652173913
2020-09,9,346,44,0.8728323699421965
2020-10,9,347,51,0.8530259365994236
2020-11,9,350,48,0.8628571428571429
2020-12,9,353,57,0.8385269121813032
2021-01,9,355,46,0.8704225352112676
2021-02,9,357,54,0.8487394957983193
2021-03,9,359,42,0.883008356545961
2021-04,9,363,41,0.8870523415977961
2021-05,9,362,42,0.8839779005524862
2021-06,9,367,52,0.8583106267029973
2021-07,9,371,57,0.8463611859838275
2021-08,9,377,52,0.8620689655172413
2021-09,9,384,51,0.8671875
2021-10,9,386,57,0.8523316062176166
2021-11,9,388,46,0.8814432989690721
2021-12,9,394,55,0.8604060913705583
2022-01,9,397,55,0.8614609571788413
2022-02,9,400,47,0.8825000000000001
2022-03,9,404,51,0.8737623762376238
2022-04,9,410,40,0.9024390243902439
2022-05,9,414,56,0.8647342995169083
2022-06,9,421,65,0.8456057007125891
2022-07,9,423,42,0.900709219858156
2022-08,9,427,55,0.8711943793911007
2022-09,9,431,55,0.8723897911832946
2022-10,9,434,54,0.8755760368663594
2022-11,9,438,53,0.8789954337899544
2022-12,9,443,69,0.8442437923250564
2023-01,9,446,43,0.9035874439461884
2023-02,9,447,44,0.901565995525727
2023-03,9,451,63,0.8603104212860311
2023-04,9,454,59,0.8700440528634361
2023-05,9,452,56,0.8761061946902655
2023-06,9,457,69,0.8490153172866521
2023-07,9,459,55,0.8801742919389979
2023-08,9,462,70,0.8484848484848485
2023-09,9,466,74,0.8412017167381974
2023-10,9,469,56,0.8805970149253731
2023-11,9,472,59,0.875
2023-12,9,474,68,0.8565400843881856
2024-01,9,475,77,0.8378947368421052
2024-02,9,476,57,0.8802521008403361
2024-03,9,479,75,0.8434237995824635
2024-04,9,481,64,0.8669438669438669
2024-05,9,478,61,0.8723849372384938
2024-06,9,482,61,0.8734439834024896
2024-07,9,486,66,0.8641975308641976
2024-08,9,488,64,0.8688524590163934
2024-09,9,489,65,0.8670756646216768
2024-10,9,490,81,0.8346938775510204
2024-11,9,491,73,0.8513238289205702
2024-12,9,492,81,0.8353658536585366
2025-01,9,492,50,0.8983739837398375
2025-02,9,493,64,0.8701825557809331
2025-03,9,493,67,0.8640973630831643
2025-04,9,493,59,0.8803245436105477
2025-05,9,487,54,0.8891170431211499
2025-06,9,489,61,0.8752556237218814
2025-07,9,490,64,0.8693877551020408
2025-08,9,490,68,0.8612244897959184
2025-09,9,490,72,0.8530612244897959
2025-10,9,491,63,0.8716904276985743
2025-11,9,491,62,0.8737270875763747
2025-12,9,492,80,0.8373983739837398
2026-01,9,493,72,0.8539553752535497
2026-02,9,492,74,0.8495934959349594
2026-03,9,494,89,0.819838056680162
2026-04,9,495,59,0.8808080808080808
2026-05,9,488,72,0.8524590163934427
2026-06,9,492,53,0.8922764227642277
2026-07,9,492,63,0.8719512195121951
2010-02,10,145,19,0.8689655172413793
2010-03,10,144,24,0.8333333333333334
2010-04,10,144,22,0.8472222222222222
2010-05,10,142,24,0.8309859154929577
2010-06,10,142,36,0.7464788732394366
2010-07,10,142,20,0.8591549295774648
2010-08,10,143,20,0.8601398601398601
2010-09,10,145,20,0.8620689655172413
2010-10,10,145,25,0.8275862068965517
2010-11,10,149,20,0.8657718120805369
2010-12,10,152,24,0.8421052631578947
2011-01,10,155,36,0.7677419354838709
2011-02,10,157,20,0.8726114649681529
2011-03,10,160,23,0.85625
2011-04,10,164,22,0.8658536585365854
2011-05,10,165,25,0.8484848484848485
2011-06,10,169,29,0.8284023668639053
2011-07,10,172,23,0.8662790697674418
2011-08,10,175,27,0.8457142857142858
2011-09,10,178,29,0.8370786516853932
2011-10,10,180,29,0.8388888888888889
2011-11,10,184,30,0.8369565217391304
2011-12,10,187,32,0.8288770053475936
2012-01,10,190,34,0.8210526315789474
2012-02,10,193,18,0.9067357512953368
2012-03,10,197,26,0.868020304568528
2012-04,10,198,26,0.8686868686868687
2012-05,10,201,29,0.8557213930348259
2012-06,10,205,28,0.8634146341463415
2012-07,10,208,32,0.8461538461538461
2012-08,10,212,36,0.8301886792452831
2012-09,10,215,27,0.8744186046511628
2012-10,10,216,27,0.875
2012-11,10,219,30,0.863013698630137
2012-12,10,220,41,0.8136363636363636
2013-01,10,221,30,0.8642533936651584
2013-02,10,223,38,0.8295964125560538
2013-03,10,226,37,0.8362831858407079
2013-04,10,228,26,0.8859649122807017
2013-05,10,231,33,0.8571428571428572
2013-06,10,232,21,0.9094827586206896
2013-07,10,234,29,0.8760683760683761
2013-08,10,236,40,0.8305084745762712
2013-09,10,235,47,0.8
2013-10,10,236,35,0.8516949152542372
2013-11,10,236,28,0.8813559322033898
2013-12,10,236,28,0.8813559322033898
2014-01,10,236,24,0.8983050847457628
2014-02,10,234,38,0.8376068376068376
2014-03,10,236,28,0.8813559322033898
2014-04,10,234,44,0.811965811965812
2014-05,10,230,39,0.8304347826086956
2014-06,10,231,28,0.8787878787878788
2014-07,10,231,33,0.8571428571428572
2014-08,10,231,35,0.8484848484848485
2014-09,10,232,30,0.8706896551724138
2014-10,10,228,27,0.881578947368421
2014-11,10,228,26,0.8859649122807017
2014-12,10,231,39,0.8311688311688312
2015-01,10,232,28,0.8793103448275862
2015-02,10,230,17,0.9260869565217391
2015-03,10,232,25,0.8922413793103449
2015-04,10,232,25,0.8922413793103449
2015-05,10,228,30,0.868421052631579
2015-06,10,226,27,0.8805309734513275
2015-07,10,219,28,0.8721461187214612
2015-08,10,216,24,0.8888888888888888
2015-09,10,217,24,0.8894009216589862
2015-10,10,223,29,0.8699551569506727
2015-11,10,231,31,0.8658008658008658
2015-12,10,238,30,0.8739495798319328
2016-01,10,241,21,0.9128630705394191
2016-02,10,242,25,0.8966942148760331
2016-03,10,246,26,0.8943089430894309
2016-04,10,248,35,0.8588709677419355
2016-05,10,248,32,0.8709677419354839
2016-06,10,253,45,0.8221343873517787
2016-07,10,256,28,0.890625
2016-08,10,257,43,0.8326848249027238
2016-09,10,259,45,0.8262548262548263
2016-10,10,258,43,0.8333333333333334
2016-11,10,261,21,0.9195402298850575
2016-12,10,263,45,0.8288973384030418
2017-01,10,263,52,0.8022813688212928
2017-02,10,262,47,0.8206106870229007
2017-03,10,264,45,0.8295454545454546
2017-04,10,266,35,0.868421052631579
2017-05,10,263,46,0.8250950570342206
2017-06,10,263,52,0.8022813688212928
2017-07,10,265,50,0.8113207547169812
2017-08,10,268,47,0.8246268656716418
2017-09,10,274,39,0.8576642335766423
2017-10,10,276,35,0.8731884057971014
2017-11,10,281,42,0.8505338078291815
2017-12,10,284,42,0.852112676056338
2018-01,10,289,42,0.8546712802768166
2018-02,10,289,45,0.8442906574394464
2018-03,10,292,46,0.8424657534246576
2018-04,10,296,43,0.8547297297297297
2018-05,10,303,47,0.8448844884488449
2018-06,10,307,45,0.8534201954397393
2018-07,10,311,37,0.8810289389067524
2018-08,10,318,56,0.8238993710691824
2018-09,10,324,46,0.8580246913580247
2018-10,10,329,53,0.8389057750759878
2018-11,10,335,46,0.8626865671641791
2018-12,10,338,59,0.8254437869822485
2019-01,10,340,53,0.8441176470588235
2019-02,10,341,53,0.844574780058651
2019-03,10,342,42,0.8771929824561404
2019-04,10,343,51,0.8513119533527697
2019-05,10,339,45,0.8672566371681416
2019-06,10,339,54,0.8407079646017699
2019-07,10,339,39,0.8849557522123894
2019-08,10,340,55,0.8382352941176471
2019-09,10,341,46,0.8651026392961877
2019-10,10,341,50,0.8533724340175953
2019-11,10,342,52,0.847953216374269
2019-12,10,342,64,0.8128654970760234
2020-01,10,343,43,0.8746355685131195
2020-02,10,344,116,0.6627906976744187
2020-03,10,345,61,0.8231884057971015
2020-04,10,346,80,0.7687861271676301
2020-05,10,341,82,0.7595307917888563
2020-06,10,343,76,0.7784256559766763
2020-07,10,345,60,0.8260869565217391
2020-08,10,346,63,0.8179190751445087
2020-09,10,346,84,0.7572254335260116
2020-10,10,347,79,0.7723342939481268
2020-11,10,351,81,0.7692307692307692
2020-12,10,353,72,0.7960339943342776
2021-01,10,355,71,0.8
2021-02,10,357,61,0.8291316526610644
2021-03,10,359,49,0.8635097493036212
2021-04,10,364,70,0.8076923076923077
2021-05,10,363,67,0.8154269972451791
2021-06,10,367,59,0.8392370572207084
2021-07,10,372,71,0.8091397849462365
2021-08,10,378,68,0.8201058201058201
2021-09,10,384,57,0.8515625
2021-10,10,387,74,0.8087855297157622
2021-11,10,389,70,0.8200514138817481
2021-12,10,394,77,0.8045685279187818
2022-01,10,398,73,0.8165829145728644
2022-02,10,400,65,0.8375
2022-03,10,405,73,0.8197530864197531
2022-04,10,411,63,0.8467153284671532
2022-05,10,414,61,0.8526570048309179
2022-06,10,421,64,0.847980997624703
2022-07,10,423,69,0.8368794326241135
2022-08,10,427,84,0.8032786885245902
2022-09,10,432,86,0.8009259259259259
2022-10,10,435,78,0.8206896551724138
2022-11,10,439,77,0.8246013667425969
2022-12,10,443,69,0.8442437923250564
2023-01,10,446,52,0.8834080717488789
2023-02,10,448,55,0.8772321428571429
2023-03,10,451,82,0.8181818181818181
2023-04,10,455,61,0.865934065934066
2023-05,10,452,77,0.8296460176991151
2023-06,10,457,85,0.8140043763676149
2023-07,10,460,77,0.8326086956521739
2023-08,10,463,94,0.796976241900648
2023-09,10,467,93,0.8008565310492506
2023-10,10,470,82,0.825531914893617
2023-11,10,472,72,0.847457627118644
2023-12,10,475,104,0.7810526315789473
2024-01,10,475,134,0.7178947368421053
2024-02,10,477,69,0.8553459119496856
2024-03,10,479,86,0.8204592901878914
2024-04,10,482,88,0.8174273858921162
2024-05,10,478,77,0.8389121338912133
2024-06,10,483,93,0.8074534161490683
2024-07,10,487,95,0.8049281314168377
2024-08,10,488,91,0.8135245901639344
2024-09,10,490,75,0.846938775510204
2024-10,10,491,97,0.8024439918533605
2024-11,10,491,128,0.7393075356415479
2024-12,10,492,117,0.7621951219512195
2025-01,10,493,96,0.8052738336713996
2025-02,10,494,88,0.8218623481781376
2025-03,10,494,76,0.8461538461538461
2025-04,10,494,81,0.8360323886639676
2025-05,10,487,90,0.8151950718685832
2025-06,10,490,100,0.7959183673469388
2025-07,10,490,79,0.8387755102040817
2025-08,10,490,73,0.8510204081632653
2025-09,10,491,93,0.8105906313645621
2025-10,10,491,96,0.8044806517311609
2025-11,10,491,77,0.8431771894093687
2025-12,10,493,110,0.7768762677484787
2026-01,10,493,86,0.8255578093306288
2026-02,10,493,71,0.8559837728194726
2026-03,10,494,104,0.7894736842105263
2026-04,10,496,72,0.8548387096774194
2026-05,10,488,109,0.7766393442622951
2026-06,10,493,98,0.8012170385395537
2026-07,10,493,112,0.7728194726166329
