formation_month,holding_month,decile,n,below_30
2010-01,2010-02,1,143,False
2010-01,2010-02,2,144,False
2010-01,2010-02,3,144,False
2010-01,2010-02,4,143,False
2010-01,2010-02,5,144,False
2010-01,2010-02,6,144,False
2010-01,2010-02,7,143,False
2010-01,2010-02,8,144,False
2010-01,2010-02,9,144,False
2010-01,2010-02,10,144,False
2010-02,2010-03,1,143,False
2010-02,2010-03,2,144,False
2010-02,2010-03,3,144,False
2010-02,2010-03,4,145,False
2010-02,2010-03,5,143,False
2010-02,2010-03,6,144,False
2010-02,2010-03,7,145,False
2010-02,2010-03,8,144,False
2010-02,2010-03,9,144,False
2010-02,2010-03,10,145,False
2010-03,2010-04,1,143,False
2010-03,2010-04,2,144,False
2010-03,2010-04,3,144,False
2010-03,2010-04,4,144,False
2010-03,2010-04,5,144,False
2010-03,2010-04,6,144,False
2010-03,2010-04,7,144,False
2010-03,2010-04,8,144,False
2010-03,2010-04,9,144,False
2010-03,2010-04,10,144,False
2010-04,2010-05,1,143,False
2010-04,2010-05,2,144,False
2010-04,2010-05,3,144,False
2010-04,2010-05,4,143,False
2010-04,2010-05,5,144,False
2010-04,2010-05,6,144,False
2010-04,2010-05,7,143,False
2010-04,2010-05,8,144,False
2010-04,2010-05,9,144,False
2010-04,2010-05,10,144,False
2010-05,2010-06,1,141,False
2010-05,2010-06,2,141,False
2010-05,2010-06,3,141,False
2010-05,2010-06,4,141,False
2010-05,2010-06,5,141,False
2010-05,2010-06,6,141,False
2010-05,2010-06,7,141,False
2010-05,2010-06,8,141,False
2010-05,2010-06,9,141,False
2010-05,2010-06,10,142,False
2010-06,2010-07,1,141,False
2010-06,2010-07,2,142,False
2010-06,2010-07,3,141,False
2010-06,2010-07,4,142,False
2010-06,2010-07,5,142,False
2010-06,2010-07,6,141,False
2010-06,2010-07,7,142,False
2010-06,2010-07,8,141,False
2010-06,2010-07,9,142,False
2010-06,2010-07,10,142,False
2010-07,2010-08,1,141,False
2010-07,2010-08,2,142,False
2010-07,2010-08,3,142,False
2010-07,2010-08,4,142,False
2010-07,2010-08,5,142,False
2010-07,2010-08,6,141,False
2010-07,2010-08,7,142,False
2010-07,2010-08,8,142,False
2010-07,2010-08,9,142,False
2010-07,2010-08,10,142,False
2010-08,2010-09,1,142,False
2010-08,2010-09,2,143,False
2010-08,2010-09,3,143,False
2010-08,2010-09,4,142,False
2010-08,2010-09,5,143,False
2010-08,2010-09,6,143,False
2010-08,2010-09,7,142,False
2010-08,2010-09,8,143,False
2010-08,2010-09,9,143,False
2010-08,2010-09,10,143,False
2010-09,2010-10,1,144,False
2010-09,2010-10,2,144,False
2010-09,2010-10,3,144,False
2010-09,2010-10,4,144,False
2010-09,2010-10,5,145,False
2010-09,2010-10,6,144,False
2010-09,2010-10,7,144,False
2010-09,2010-10,8,144,False
2010-09,2010-10,9,144,False
2010-09,2010-10,10,145,False
2010-10,2010-11,1,144,False
2010-10,2010-11,2,144,False
2010-10,2010-11,3,144,False
2010-10,2010-11,4,145,False
2010-10,2010-11,5,144,False
2010-10,2010-11,6,144,False
2010-10,2010-11,7,145,False
2010-10,2010-11,8,144,False
2010-10,2010-11,9,144,False
2010-10,2010-11,10,145,False
2010-11,2010-12,1,148,False
2010-11,2010-12,2,148,False
2010-11,2010-12,3,148,False
2010-11,2010-12,4,148,False
2010-11,2010-12,5,149,False
2010-11,2010-12,6,148,False
2010-11,2010-12,7,148,False
2010-11,2010-12,8,148,False
2010-11,2010-12,9,148,False
2010-11,2010-12,10,149,False
2010-12,2011-01,1,151,False
2010-12,2011-01,2,152,False
2010-12,2011-01,3,151,False
2010-12,2011-01,4,152,False
2010-12,2011-01,5,151,False
2010-12,2011-01,6,152,False
2010-12,2011-01,7,151,False
2010-12,2011-01,8,152,False
2010-12,2011-01,9,151,False
2010-12,2011-01,10,152,False
2011-01,2011-02,1,154,False
2011-01,2011-02,2,155,False
2011-01,2011-02,3,155,False
2011-01,2011-02,4,154,False
2011-01,2011-02,5,155,False
2011-01,2011-02,6,155,False
2011-01,2011-02,7,154,False
2011-01,2011-02,8,155,False
2011-01,2011-02,9,155,False
2011-01,2011-02,10,155,False
2011-02,2011-03,1,156,False
2011-02,2011-03,2,157,False
2011-02,2011-03,3,157,False
2011-02,2011-03,4,157,False
2011-02,2011-03,5,157,False
2011-02,2011-03,6,157,False
2011-02,2011-03,7,157,False
2011-02,2011-03,8,157,False
2011-02,2011-03,9,157,False
2011-02,2011-03,10,157,False
2011-03,2011-04,1,159,False
2011-03,2011-04,2,160,False
2011-03,2011-04,3,159,False
2011-03,2011-04,4,160,False
2011-03,2011-04,5,159,False
2011-03,2011-04,6,160,False
2011-03,2011-04,7,159,False
2011-03,2011-04,8,160,False
2011-03,2011-04,9,159,False
2011-03,2011-04,10,160,False
2011-04,2011-05,1,163,False
2011-04,2011-05,2,163,False
2011-04,2011-05,3,163,False
2011-04,2011-05,4,163,False
2011-04,2011-05,5,164,False
2011-04,2011-05,6,163,False
2011-04,2011-05,7,163,False
2011-04,2011-05,8,163,False
2011-04,2011-05,9,163,False
2011-04,2011-05,10,164,False
2011-05,2011-06,1,165,False
2011-05,2011-06,2,165,False
2011-05,2011-06,3,165,False
2011-05,2011-06,4,165,False
2011-05,2011-06,5,165,False
2011-05,2011-06,6,165,False
2011-05,2011-06,7,165,False
2011-05,2011-06,8,165,False
2011-05,2011-06,9,165,False
2011-05,2011-06,10,165,False
2011-06,2011-07,1,168,False
2011-06,2011-07,2,168,False
2011-06,2011-07,3,168,False
2011-06,2011-07,4,169,False
2011-06,2011-07,5,168,False
2011-06,2011-07,6,168,False
2011-06,2011-07,7,169,False
2011-06,2011-07,8,168,False
2011-06,2011-07,9,168,False
2011-06,2011-07,10,169,False
2011-07,2011-08,1,171,False
2011-07,2011-08,2,171,False
2011-07,2011-08,3,172,False
2011-07,2011-08,4,171,False
2011-07,2011-08,5,172,False
2011-07,2011-08,6,171,False
2011-07,2011-08,7,171,False
2011-07,2011-08,8,172,False
2011-07,2011-08,9,171,False
2011-07,2011-08,10,172,False
2011-08,2011-09,1,175,False
2011-08,2011-09,2,175,False
2011-08,2011-09,3,175,False
2011-08,2011-09,4,175,False
2011-08,2011-09,5,175,False
2011-08,2011-09,6,175,False
2011-08,2011-09,7,175,False
2011-08,2011-09,8,175,False
2011-08,2011-09,9,174,False
2011-08,2011-09,10,175,False
2011-09,2011-10,1,178,False
2011-09,2011-10,2,178,False
2011-09,2011-10,3,178,False
2011-09,2011-10,4,178,False
2011-09,2011-10,5,178,False
2011-09,2011-10,6,178,False
2011-09,2011-10,7,178,False
2011-09,2011-10,8,178,False
2011-09,2011-10,9,178,False
2011-09,2011-10,10,178,False
2011-10,2011-11,1,180,False
2011-10,2011-11,2,180,False
2011-10,2011-11,3,180,False
2011-10,2011-11,4,180,False
2011-10,2011-11,5,180,False
2011-10,2011-11,6,180,False
2011-10,2011-11,7,180,False
2011-10,2011-11,8,180,False
2011-10,2011-11,9,180,False
2011-10,2011-11,10,180,False
2011-11,2011-12,1,183,False
2011-11,2011-12,2,183,False
2011-11,2011-12,3,183,False
2011-11,2011-12,4,183,False
2011-11,2011-12,5,183,False
2011-11,2011-12,6,183,False
2011-11,2011-12,7,183,False
2011-11,2011-12,8,183,False
2011-11,2011-12,9,183,False
2011-11,2011-12,10,184,False
2011-12,2012-01,1,186,False
2011-12,2012-01,2,186,False
2011-12,2012-01,3,187,False
2011-12,2012-01,4,186,False
2011-12,2012-01,5,187,False
2011-12,2012-01,6,186,False
2011-12,2012-01,7,186,False
2011-12,2012-01,8,187,False
2011-12,2012-01,9,186,False
2011-12,2012-01,10,187,False
2012-01,2012-02,1,189,False
2012-01,2012-02,2,190,False
2012-01,2012-02,3,190,False
2012-01,2012-02,4,190,False
2012-01,2012-02,5,190,False
2012-01,2012-02,6,190,False
2012-01,2012-02,7,190,False
2012-01,2012-02,8,190,False
2012-01,2012-02,9,190,False
2012-01,2012-02,10,190,False
2012-02,2012-03,1,192,False
2012-02,2012-03,2,193,False
2012-02,2012-03,3,193,False
2012-02,2012-03,4,193,False
2012-02,2012-03,5,193,False
2012-02,2012-03,6,192,False
2012-02,2012-03,7,193,False
2012-02,2012-03,8,193,False
2012-02,2012-03,9,192,False
2012-02,2012-03,10,193,False
2012-03,2012-04,1,196,False
2012-03,2012-04,2,196,False
2012-03,2012-04,3,196,False
2012-03,2012-04,4,197,False
2012-03,2012-04,5,196,False
2012-03,2012-04,6,196,False
2012-03,2012-04,7,197,False
2012-03,2012-04,8,196,False
2012-03,2012-04,9,196,False
2012-03,2012-04,10,196,False
2012-04,2012-05,1,197,False
2012-04,2012-05,2,198,False
2012-04,2012-05,3,198,False
2012-04,2012-05,4,197,False
2012-04,2012-05,5,198,False
2012-04,2012-05,6,198,False
2012-04,2012-05,7,197,False
2012-04,2012-05,8,198,False
2012-04,2012-05,9,198,False
2012-04,2012-05,10,198,False
2012-05,2012-06,1,200,False
2012-05,2012-06,2,201,False
2012-05,2012-06,3,200,False
2012-05,2012-06,4,201,False
2012-05,2012-06,5,201,False
2012-05,2012-06,6,200,False
2012-05,2012-06,7,201,False
2012-05,2012-06,8,200,False
2012-05,2012-06,9,201,False
2012-05,2012-06,10,201,False
2012-06,2012-07,1,204,False
2012-06,2012-07,2,204,False
2012-06,2012-07,3,204,False
2012-06,2012-07,4,205,False
2012-06,2012-07,5,204,False
2012-06,2012-07,6,204,False
2012-06,2012-07,7,205,False
2012-06,2012-07,8,204,False
2012-06,2012-07,9,204,False
2012-06,2012-07,10,205,False
2012-07,2012-08,1,207,False
2012-07,2012-08,2,207,False
2012-07,2012-08,3,207,False
2012-07,2012-08,4,207,False
2012-07,2012-08,5,207,False
2012-07,2012-08,6,207,False
2012-07,2012-08,7,207,False
2012-07,2012-08,8,207,False
2012-07,2012-08,9,207,False
2012-07,2012-08,10,208,False
2012-08,2012-09,1,211,False
2012-08,2012-09,2,212,False
2012-08,2012-09,3,212,False
2012-08,2012-09,4,212,False
2012-08,2012-09,5,212,False
2012-08,2012-09,6,211,False
2012-08,2012-09,7,212,False
2012-08,2012-09,8,212,False
2012-08,2012-09,9,212,False
2012-08,2012-09,10,212,False
2012-09,2012-10,1,214,False
2012-09,2012-10,2,214,False
2012-09,2012-10,3,214,False
2012-09,2012-10,4,214,False
2012-09,2012-10,5,215,False
2012-09,2012-10,6,214,False
2012-09,2012-10,7,214,False
2012-09,2012-10,8,214,False
2012-09,2012-10,9,214,False
2012-09,2012-10,10,215,False
2012-10,2012-11,1,215,False
2012-10,2012-11,2,216,False
2012-10,2012-11,3,215,False
2012-10,2012-11,4,216,False
2012-10,2012-11,5,215,False
2012-10,2012-11,6,216,False
2012-10,2012-11,7,215,False
2012-10,2012-11,8,216,False
2012-10,2012-11,9,215,False
2012-10,2012-11,10,216,False
2012-11,2012-12,1,218,False
2012-11,2012-12,2,218,False
2012-11,2012-12,3,218,False
2012-11,2012-12,4,218,False
2012-11,2012-12,5,219,False
2012-11,2012-12,6,218,False
2012-11,2012-12,7,218,False
2012-11,2012-12,8,218,False
2012-11,2012-12,9,218,False
2012-11,2012-12,10,219,False
2012-12,2013-01,1,219,False
2012-12,2013-01,2,220,False
2012-12,2013-01,3,220,False
2012-12,2013-01,4,220,False
2012-12,2013-01,5,220,False
2012-12,2013-01,6,219,False
2012-12,2013-01,7,220,False
2012-12,2013-01,8,220,False
2012-12,2013-01,9,220,False
2012-12,2013-01,10,220,False
2013-01,2013-02,1,220,False
2013-01,2013-02,2,221,False
2013-01,2013-02,3,221,False
2013-01,2013-02,4,220,False
2013-01,2013-02,5,221,False
2013-01,2013-02,6,221,False
2013-01,2013-02,7,220,False
2013-01,2013-02,8,221,False
2013-01,2013-02,9,221,False
2013-01,2013-02,10,221,False
2013-02,2013-03,1,222,False
2013-02,2013-03,2,222,False
2013-02,2013-03,3,222,False
2013-02,2013-03,4,223,False
2013-02,2013-03,5,222,False
2013-02,2013-03,6,222,False
2013-02,2013-03,7,223,False
2013-02,2013-03,8,222,False
2013-02,2013-03,9,222,False
2013-02,2013-03,10,223,False
2013-03,2013-04,1,225,False
2013-03,2013-04,2,225,False
2013-03,2013-04,3,225,False
2013-03,2013-04,4,226,False
2013-03,2013-04,5,225,False
2013-03,2013-04,6,225,False
2013-03,2013-04,7,226,False
2013-03,2013-04,8,225,False
2013-03,2013-04,9,225,False
2013-03,2013-04,10,226,False
2013-04,2013-05,1,227,False
2013-04,2013-05,2,227,False
2013-04,2013-05,3,228,False
2013-04,2013-05,4,227,False
2013-04,2013-05,5,228,False
2013-04,2013-05,6,227,False
2013-04,2013-05,7,227,False
2013-04,2013-05,8,228,False
2013-04,2013-05,9,227,False
2013-04,2013-05,10,228,False
2013-05,2013-06,1,230,False
2013-05,2013-06,2,231,False
2013-05,2013-06,3,231,False
2013-05,2013-06,4,230,False
2013-05,2013-06,5,231,False
2013-05,2013-06,6,231,False
2013-05,2013-06,7,230,False
2013-05,2013-06,8,231,False
2013-05,2013-06,9,231,False
2013-05,2013-06,10,231,False
2013-06,2013-07,1,231,False
2013-06,2013-07,2,231,False
2013-06,2013-07,3,231,False
2013-06,2013-07,4,231,False
2013-06,2013-07,5,231,False
2013-06,2013-07,6,231,False
2013-06,2013-07,7,231,False
2013-06,2013-07,8,231,False
2013-06,2013-07,9,231,False
2013-06,2013-07,10,232,False
2013-07,2013-08,1,233,False
2013-07,2013-08,2,234,False
2013-07,2013-08,3,233,False
2013-07,2013-08,4,234,False
2013-07,2013-08,5,234,False
2013-07,2013-08,6,233,False
2013-07,2013-08,7,234,False
2013-07,2013-08,8,233,False
2013-07,2013-08,9,234,False
2013-07,2013-08,10,234,False
2013-08,2013-09,1,235,False
2013-08,2013-09,2,235,False
2013-08,2013-09,3,235,False
2013-08,2013-09,4,236,False
2013-08,2013-09,5,235,False
2013-08,2013-09,6,235,False
2013-08,2013-09,7,236,False
2013-08,2013-09,8,235,False
2013-08,2013-09,9,235,False
2013-08,2013-09,10,236,False
2013-09,2013-10,1,235,False
2013-09,2013-10,2,235,False
2013-09,2013-10,3,235,False
2013-09,2013-10,4,235,False
2013-09,2013-10,5,235,False
2013-09,2013-10,6,235,False
2013-09,2013-10,7,235,False
2013-09,2013-10,8,235,False
2013-09,2013-10,9,235,False
2013-09,2013-10,10,235,False
2013-10,2013-11,1,236,False
2013-10,2013-11,2,236,False
2013-10,2013-11,3,236,False
2013-10,2013-11,4,236,False
2013-10,2013-11,5,236,False
2013-10,2013-11,6,236,False
2013-10,2013-11,7,236,False
2013-10,2013-11,8,236,False
2013-10,2013-11,9,236,False
2013-10,2013-11,10,236,False
2013-11,2013-12,1,235,False
2013-11,2013-12,2,236,False
2013-11,2013-12,3,235,False
2013-11,2013-12,4,236,False
2013-11,2013-12,5,235,False
2013-11,2013-12,6,236,False
2013-11,2013-12,7,235,False
2013-11,2013-12,8,236,False
2013-11,2013-12,9,235,False
2013-11,2013-12,10,236,False
2013-12,2014-01,1,236,False
2013-12,2014-01,2,236,False
2013-12,2014-01,3,236,False
2013-12,2014-01,4,236,False
2013-12,2014-01,5,236,False
2013-12,2014-01,6,236,False
2013-12,2014-01,7,236,False
2013-12,2014-01,8,236,False
2013-12,2014-01,9,236,False
2013-12,2014-01,10,236,False
2014-01,2014-02,1,235,False
2014-01,2014-02,2,236,False
2014-01,2014-02,3,236,False
2014-01,2014-02,4,235,False
2014-01,2014-02,5,236,False
2014-01,2014-02,6,236,False
2014-01,2014-02,7,235,False
2014-01,2014-02,8,236,False
2014-01,2014-02,9,236,False
2014-01,2014-02,10,236,False
2014-02,2014-03,1,233,False
2014-02,2014-03,2,234,False
2014-02,2014-03,3,234,False
2014-02,2014-03,4,234,False
2014-02,2014-03,5,234,False
2014-02,2014-03,6,233,False
2014-02,2014-03,7,234,False
2014-02,2014-03,8,234,False
2014-02,2014-03,9,234,False
2014-02,2014-03,10,234,False
2014-03,2014-04,1,235,False
2014-03,2014-04,2,235,False
2014-03,2014-04,3,235,False
2014-03,2014-04,4,235,False
2014-03,2014-04,5,235,False
2014-03,2014-04,6,235,False
2014-03,2014-04,7,235,False
2014-03,2014-04,8,235,False
2014-03,2014-04,9,235,False
2014-03,2014-04,10,236,False
2014-04,2014-05,1,233,False
2014-04,2014-05,2,233,False
2014-04,2014-05,3,233,False
2014-04,2014-05,4,233,False
2014-04,2014-05,5,233,False
2014-04,2014-05,6,233,False
2014-04,2014-05,7,233,False
2014-04,2014-05,8,233,False
2014-04,2014-05,9,233,False
2014-04,2014-05,10,234,False
2014-05,2014-06,1,229,False
2014-05,2014-06,2,229,False
2014-05,2014-06,3,229,False
2014-05,2014-06,4,229,False
2014-05,2014-06,5,230,False
2014-05,2014-06,6,229,False
2014-05,2014-06,7,229,False
2014-05,2014-06,8,229,False
2014-05,2014-06,9,229,False
2014-05,2014-06,10,230,False
2014-06,2014-07,1,230,False
2014-06,2014-07,2,231,False
2014-06,2014-07,3,230,False
2014-06,2014-07,4,231,False
2014-06,2014-07,5,230,False
2014-06,2014-07,6,231,False
2014-06,2014-07,7,230,False
2014-06,2014-07,8,231,False
2014-06,2014-07,9,230,False
2014-06,2014-07,10,230,False
2014-07,2014-08,1,231,False
2014-07,2014-08,2,231,False
2014-07,2014-08,3,231,False
2014-07,2014-08,4,231,False
2014-07,2014-08,5,231,False
2014-07,2014-08,6,231,False
2014-07,2014-08,7,231,False
2014-07,2014-08,8,231,False
2014-07,2014-08,9,231,False
2014-07,2014-08,10,231,False
2014-08,2014-09,1,230,False
2014-08,2014-09,2,230,False
2014-08,2014-09,3,231,False
2014-08,2014-09,4,230,False
2014-08,2014-09,5,231,False
2014-08,2014-09,6,230,False
2014-08,2014-09,7,230,False
2014-08,2014-09,8,231,False
2014-08,2014-09,9,230,False
2014-08,2014-09,10,231,False
2014-09,2014-10,1,231,False
2014-09,2014-10,2,232,False
2014-09,2014-10,3,232,False
2014-09,2014-10,4,232,False
2014-09,2014-10,5,232,False
2014-09,2014-10,6,231,False
2014-09,2014-10,7,232,False
2014-09,2014-10,8,232,False
2014-09,2014-10,9,232,False
2014-09,2014-10,10,232,False
2014-10,2014-11,1,227,False
2014-10,2014-11,2,228,False
2014-10,2014-11,3,228,False
2014-10,2014-11,4,228,False
2014-10,2014-11,5,228,False
2014-10,2014-11,6,227,False
2014-10,2014-11,7,228,False
2014-10,2014-11,8,228,False
2014-10,2014-11,9,228,False
2014-10,2014-11,10,228,False
2014-11,2014-12,1,227,False
2014-11,2014-12,2,228,False
2014-11,2014-12,3,227,False
2014-11,2014-12,4,228,False
2014-11,2014-12,5,227,False
2014-11,2014-12,6,228,False
2014-11,2014-12,7,227,False
2014-11,2014-12,8,228,False
2014-11,2014-12,9,227,False
2014-11,2014-12,10,228,False
2014-12,2015-01,1,230,False
2014-12,2015-01,2,230,False
2014-12,2015-01,3,230,False
2014-12,2015-01,4,230,False
2014-12,2015-01,5,230,False
2014-12,2015-01,6,230,False
2014-12,2015-01,7,230,False
2014-12,2015-01,8,230,False
2014-12,2015-01,9,230,False
2014-12,2015-01,10,231,False
2015-01,2015-02,1,231,False
2015-01,2015-02,2,232,False
2015-01,2015-02,3,232,False
2015-01,2015-02,4,232,False
2015-01,2015-02,5,232,False
2015-01,2015-02,6,232,False
2015-01,2015-02,7,232,False
2015-01,2015-02,8,232,False
2015-01,2015-02,9,232,False
2015-01,2015-02,10,232,False
2015-02,2015-03,1,229,False
2015-02,2015-03,2,229,False
2015-02,2015-03,3,229,False
2015-02,2015-03,4,229,False
2015-02,2015-03,5,230,False
2015-02,2015-03,6,229,False
2015-02,2015-03,7,229,False
2015-02,2015-03,8,229,False
2015-02,2015-03,9,229,False
2015-02,2015-03,10,230,False
2015-03,2015-04,1,231,False
2015-03,2015-04,2,232,False
2015-03,2015-04,3,232,False
2015-03,2015-04,4,231,False
2015-03,2015-04,5,232,False
2015-03,2015-04,6,232,False
2015-03,2015-04,7,231,False
2015-03,2015-04,8,232,False
2015-03,2015-04,9,232,False
2015-03,2015-04,10,232,False
2015-04,2015-05,1,232,False
2015-04,2015-05,2,232,False
2015-04,2015-05,3,232,False
2015-04,2015-05,4,232,False
2015-04,2015-05,5,232,False
2015-04,2015-05,6,232,False
2015-04,2015-05,7,232,False
2015-04,2015-05,8,232,False
2015-04,2015-05,9,232,False
2015-04,2015-05,10,232,False
2015-05,2015-06,1,227,False
2015-05,2015-06,2,228,False
2015-05,2015-06,3,228,False
2015-05,2015-06,4,228,False
2015-05,2015-06,5,228,False
2015-05,2015-06,6,228,False
2015-05,2015-06,7,228,False
2015-05,2015-06,8,228,False
2015-05,2015-06,9,228,False
2015-05,2015-06,10,228,False
2015-06,2015-07,1,225,False
2015-06,2015-07,2,226,False
2015-06,2015-07,3,226,False
2015-06,2015-07,4,226,False
2015-06,2015-07,5,226,False
2015-06,2015-07,6,225,False
2015-06,2015-07,7,226,False
2015-06,2015-07,8,226,False
2015-06,2015-07,9,226,False
2015-06,2015-07,10,226,False
2015-07,2015-08,1,218,False
2015-07,2015-08,2,219,False
2015-07,2015-08,3,218,False
2015-07,2015-08,4,219,False
2015-07,2015-08,5,219,False
2015-07,2015-08,6,218,False
2015-07,2015-08,7,219,False
2015-07,2015-08,8,218,False
2015-07,2015-08,9,219,False
2015-07,2015-08,10,218,False
2015-08,2015-09,1,215,False
2015-08,2015-09,2,215,False
2015-08,2015-09,3,215,False
2015-08,2015-09,4,216,False
2015-08,2015-09,5,215,False
2015-08,2015-09,6,215,False
2015-08,2015-09,7,216,False
2015-08,2015-09,8,215,False
2015-08,2015-09,9,215,False
2015-08,2015-09,10,216,False
2015-09,2015-10,1,216,False
2015-09,2015-10,2,216,False
2015-09,2015-10,3,216,False
2015-09,2015-10,4,216,False
2015-09,2015-10,5,217,False
2015-09,2015-10,6,216,False
2015-09,2015-10,7,216,False
2015-09,2015-10,8,216,False
2015-09,2015-10,9,216,False
2015-09,2015-10,10,217,False
2015-10,2015-11,1,222,False
2015-10,2015-11,2,222,False
2015-10,2015-11,3,222,False
2015-10,2015-11,4,222,False
2015-10,2015-11,5,223,False
2015-10,2015-11,6,222,False
2015-10,2015-11,7,222,False
2015-10,2015-11,8,222,False
2015-10,2015-11,9,222,False
2015-10,2015-11,10,223,False
2015-11,2015-12,1,230,False
2015-11,2015-12,2,230,False
2015-11,2015-12,3,230,False
2015-11,2015-12,4,230,False
2015-11,2015-12,5,230,False
2015-11,2015-12,6,230,False
2015-11,2015-12,7,230,False
2015-11,2015-12,8,230,False
2015-11,2015-12,9,230,False
2015-11,2015-12,10,231,False
2015-12,2016-01,1,238,False
2015-12,2016-01,2,238,False
2015-12,2016-01,3,238,False
2015-12,2016-01,4,238,False
2015-12,2016-01,5,238,False
2015-12,2016-01,6,238,False
2015-12,2016-01,7,238,False
2015-12,2016-01,8,238,False
2015-12,2016-01,9,238,False
2015-12,2016-01,10,237,False
2016-01,2016-02,1,240,False
2016-01,2016-02,2,240,False
2016-01,2016-02,3,241,False
2016-01,2016-02,4,240,False
2016-01,2016-02,5,241,False
2016-01,2016-02,6,240,False
2016-01,2016-02,7,240,False
2016-01,2016-02,8,241,False
2016-01,2016-02,9,240,False
2016-01,2016-02,10,241,False
2016-02,2016-03,1,241,False
2016-02,2016-03,2,241,False
2016-02,2016-03,3,242,False
2016-02,2016-03,4,241,False
2016-02,2016-03,5,242,False
2016-02,2016-03,6,241,False
2016-02,2016-03,7,241,False
2016-02,2016-03,8,242,False
2016-02,2016-03,9,241,False
2016-02,2016-03,10,242,False
2016-03,2016-04,1,245,False
2016-03,2016-04,2,245,False
2016-03,2016-04,3,245,False
2016-03,2016-04,4,246,False
2016-03,2016-04,5,245,False
2016-03,2016-04,6,245,False
2016-03,2016-04,7,246,False
2016-03,2016-04,8,245,False
2016-03,2016-04,9,245,False
2016-03,2016-04,10,246,False
2016-04,2016-05,1,247,False
2016-04,2016-05,2,247,False
2016-04,2016-05,3,247,False
2016-04,2016-05,4,247,False
2016-04,2016-05,5,247,False
2016-04,2016-05,6,247,False
2016-04,2016-05,7,247,False
2016-04,2016-05,8,247,False
2016-04,2016-05,9,247,False
2016-04,2016-05,10,248,False
2016-05,2016-06,1,247,False
2016-05,2016-06,2,248,False
2016-05,2016-06,3,247,False
2016-05,2016-06,4,248,False
2016-05,2016-06,5,248,False
2016-05,2016-06,6,247,False
2016-05,2016-06,7,248,False
2016-05,2016-06,8,247,False
2016-05,2016-06,9,248,False
2016-05,2016-06,10,247,False
2016-06,2016-07,1,252,False
2016-06,2016-07,2,252,False
2016-06,2016-07,3,253,False
2016-06,2016-07,4,252,False
2016-06,2016-07,5,253,False
2016-06,2016-07,6,252,False
2016-06,2016-07,7,252,False
2016-06,2016-07,8,253,False
2016-06,2016-07,9,252,False
2016-06,2016-07,10,253,False
2016-07,2016-08,1,255,False
2016-07,2016-08,2,256,False
2016-07,2016-08,3,255,False
2016-07,2016-08,4,256,False
2016-07,2016-08,5,255,False
2016-07,2016-08,6,256,False
2016-07,2016-08,7,255,False
2016-07,2016-08,8,256,False
2016-07,2016-08,9,255,False
2016-07,2016-08,10,256,False
2016-08,2016-09,1,256,False
2016-08,2016-09,2,257,False
2016-08,2016-09,3,257,False
2016-08,2016-09,4,256,False
2016-08,2016-09,5,257,False
2016-08,2016-09,6,257,False
2016-08,2016-09,7,256,False
2016-08,2016-09,8,257,False
2016-08,2016-09,9,257,False
2016-08,2016-09,10,257,False
2016-09,2016-10,1,258,False
2016-09,2016-10,2,258,False
2016-09,2016-10,3,258,False
2016-09,2016-10,4,258,False
2016-09,2016-10,5,258,False
2016-09,2016-10,6,258,False
2016-09,2016-10,7,258,False
2016-09,2016-10,8,258,False
2016-09,2016-10,9,258,False
2016-09,2016-10,10,259,False
2016-10,2016-11,1,257,False
2016-10,2016-11,2,258,False
2016-10,2016-11,3,257,False
2016-10,2016-11,4,258,False
2016-10,2016-11,5,258,False
2016-10,2016-11,6,257,False
2016-10,2016-11,7,258,False
2016-10,2016-11,8,257,False
2016-10,2016-11,9,258,False
2016-10,2016-11,10,258,False
2016-11,2016-12,1,260,False
2016-11,2016-12,2,260,False
2016-11,2016-12,3,261,False
2016-11,2016-12,4,260,False
2016-11,2016-12,5,261,False
2016-11,2016-12,6,260,False
2016-11,2016-12,7,260,False
2016-11,2016-12,8,261,False
2016-11,2016-12,9,260,False
2016-11,2016-12,10,261,False
2016-12,2017-01,1,262,False
2016-12,2017-01,2,262,False
2016-12,2017-01,3,263,False
2016-12,2017-01,4,262,False
2016-12,2017-01,5,263,False
2016-12,2017-01,6,262,False
2016-12,2017-01,7,262,False
2016-12,2017-01,8,263,False
2016-12,2017-01,9,262,False
2016-12,2017-01,10,263,False
2017-01,2017-02,1,262,False
2017-01,2017-02,2,262,False
2017-01,2017-02,3,262,False
2017-01,2017-02,4,262,False
2017-01,2017-02,5,262,False
2017-01,2017-02,6,262,False
2017-01,2017-02,7,262,False
2017-01,2017-02,8,262,False
2017-01,2017-02,9,262,False
2017-01,2017-02,10,263,False
2017-02,2017-03,1,261,False
2017-02,2017-03,2,261,False
2017-02,2017-03,3,261,False
2017-02,2017-03,4,261,False
2017-02,2017-03,5,262,False
2017-02,2017-03,6,261,False
2017-02,2017-03,7,261,False
2017-02,2017-03,8,261,False
2017-02,2017-03,9,261,False
2017-02,2017-03,10,262,False
2017-03,2017-04,1,263,False
2017-03,2017-04,2,264,False
2017-03,2017-04,3,264,False
2017-03,2017-04,4,264,False
2017-03,2017-04,5,264,False
2017-03,2017-04,6,264,False
2017-03,2017-04,7,264,False
2017-03,2017-04,8,264,False
2017-03,2017-04,9,264,False
2017-03,2017-04,10,264,False
2017-04,2017-05,1,265,False
2017-04,2017-05,2,265,False
2017-04,2017-05,3,265,False
2017-04,2017-05,4,265,False
2017-04,2017-05,5,266,False
2017-04,2017-05,6,265,False
2017-04,2017-05,7,265,False
2017-04,2017-05,8,265,False
2017-04,2017-05,9,265,False
2017-04,2017-05,10,266,False
2017-05,2017-06,1,262,False
2017-05,2017-06,2,263,False
2017-05,2017-06,3,262,False
2017-05,2017-06,4,263,False
2017-05,2017-06,5,262,False
2017-05,2017-06,6,263,False
2017-05,2017-06,7,262,False
2017-05,2017-06,8,263,False
2017-05,2017-06,9,262,False
2017-05,2017-06,10,263,False
2017-06,2017-07,1,262,False
2017-06,2017-07,2,263,False
2017-06,2017-07,3,262,False
2017-06,2017-07,4,263,False
2017-06,2017-07,5,263,False
2017-06,2017-07,6,262,False
2017-06,2017-07,7,263,False
2017-06,2017-07,8,262,False
2017-06,2017-07,9,263,False
2017-06,2017-07,10,263,False
2017-07,2017-08,1,264,False
2017-07,2017-08,2,265,False
2017-07,2017-08,3,265,False
2017-07,2017-08,4,265,False
2017-07,2017-08,5,265,False
2017-07,2017-08,6,265,False
2017-07,2017-08,7,265,False
2017-07,2017-08,8,265,False
2017-07,2017-08,9,265,False
2017-07,2017-08,10,264,False
2017-08,2017-09,1,267,False
2017-08,2017-09,2,268,False
2017-08,2017-09,3,268,False
2017-08,2017-09,4,267,False
2017-08,2017-09,5,268,False
2017-08,2017-09,6,268,False
2017-08,2017-09,7,267,False
2017-08,2017-09,8,268,False
2017-08,2017-09,9,268,False
2017-08,2017-09,10,267,False
2017-09,2017-10,1,273,False
2017-09,2017-10,2,273,False
2017-09,2017-10,3,274,False
2017-09,2017-10,4,273,False
2017-09,2017-10,5,274,False
2017-09,2017-10,6,273,False
2017-09,2017-10,7,273,False
2017-09,2017-10,8,274,False
2017-09,2017-10,9,273,False
2017-09,2017-10,10,274,False
2017-10,2017-11,1,275,False
2017-10,2017-11,2,276,False
2017-10,2017-11,3,275,False
2017-10,2017-11,4,276,False
2017-10,2017-11,5,276,False
2017-10,2017-11,6,275,False
2017-10,2017-11,7,276,False
2017-10,2017-11,8,275,False
2017-10,2017-11,9,276,False
2017-10,2017-11,10,276,False
2017-11,2017-12,1,281,False
2017-11,2017-12,2,281,False
2017-11,2017-12,3,281,False
2017-11,2017-12,4,281,False
2017-11,2017-12,5,281,False
2017-11,2017-12,6,281,False
2017-11,2017-12,7,281,False
2017-11,2017-12,8,281,False
2017-11,2017-12,9,281,False
2017-11,2017-12,10,281,False
2017-12,2018-01,1,283,False
2017-12,2018-01,2,284,False
2017-12,2018-01,3,283,False
2017-12,2018-01,4,284,False
2017-12,2018-01,5,283,False
2017-12,2018-01,6,284,False
2017-12,2018-01,7,283,False
2017-12,2018-01,8,284,False
2017-12,2018-01,9,283,False
2017-12,2018-01,10,283,False
2018-01,2018-02,1,288,False
2018-01,2018-02,2,288,False
2018-01,2018-02,3,289,False
2018-01,2018-02,4,288,False
2018-01,2018-02,5,289,False
2018-01,2018-02,6,288,False
2018-01,2018-02,7,288,False
2018-01,2018-02,8,289,False
2018-01,2018-02,9,288,False
2018-01,2018-02,10,289,False
2018-02,2018-03,1,288,False
2018-02,2018-03,2,289,False
2018-02,2018-03,3,289,False
2018-02,2018-03,4,289,False
2018-02,2018-03,5,289,False
2018-02,2018-03,6,289,False
2018-02,2018-03,7,289,False
2018-02,2018-03,8,289,False
2018-02,2018-03,9,289,False
2018-02,2018-03,10,289,False
2018-03,2018-04,1,291,False
2018-03,2018-04,2,292,False
2018-03,2018-04,3,291,False
2018-03,2018-04,4,292,False
2018-03,2018-04,5,291,False
2018-03,2018-04,6,292,False
2018-03,2018-04,7,291,False
2018-03,2018-04,8,292,False
2018-03,2018-04,9,291,False
2018-03,2018-04,10,292,False
2018-04,2018-05,1,295,False
2018-04,2018-05,2,296,False
2018-04,2018-05,3,295,False
2018-04,2018-05,4,296,False
2018-04,2018-05,5,296,False
2018-04,2018-05,6,295,False
2018-04,2018-05,7,296,False
2018-04,2018-05,8,295,False
2018-04,2018-05,9,296,False
2018-04,2018-05,10,296,False
2018-05,2018-06,1,302,False
2018-05,2018-06,2,303,False
2018-05,2018-06,3,302,False
2018-05,2018-06,4,303,False
2018-05,2018-06,5,302,False
2018-05,2018-06,6,303,False
2018-05,2018-06,7,302,False
2018-05,2018-06,8,303,False
2018-05,2018-06,9,302,False
2018-05,2018-06,10,303,False
2018-06,2018-07,1,307,False
2018-06,2018-07,2,307,False
2018-06,2018-07,3,307,False
2018-06,2018-07,4,307,False
2018-06,2018-07,5,307,False
2018-06,2018-07,6,307,False
2018-06,2018-07,7,307,False
2018-06,2018-07,8,307,False
2018-06,2018-07,9,307,False
2018-06,2018-07,10,307,False
2018-07,2018-08,1,310,False
2018-07,2018-08,2,311,False
2018-07,2018-08,3,311,False
2018-07,2018-08,4,311,False
2018-07,2018-08,5,311,False
2018-07,2018-08,6,311,False
2018-07,2018-08,7,311,False
2018-07,2018-08,8,310,False
2018-07,2018-08,9,310,False
2018-07,2018-08,10,310,False
2018-08,2018-09,1,317,False
2018-08,2018-09,2,318,False
2018-08,2018-09,3,318,False
2018-08,2018-09,4,318,False
2018-08,2018-09,5,318,False
2018-08,2018-09,6,318,False
2018-08,2018-09,7,318,False
2018-08,2018-09,8,318,False
2018-08,2018-09,9,318,False
2018-08,2018-09,10,318,False
2018-09,2018-10,1,323,False
2018-09,2018-10,2,324,False
2018-09,2018-10,3,323,False
2018-09,2018-10,4,324,False
2018-09,2018-10,5,324,False
2018-09,2018-10,6,323,False
2018-09,2018-10,7,324,False
2018-09,2018-10,8,323,False
2018-09,2018-10,9,324,False
2018-09,2018-10,10,324,False
2018-10,2018-11,1,328,False
2018-10,2018-11,2,329,False
2018-10,2018-11,3,328,False
2018-10,2018-11,4,329,False
2018-10,2018-11,5,329,False
2018-10,2018-11,6,328,False
2018-10,2018-11,7,329,False
2018-10,2018-11,8,328,False
2018-10,2018-11,9,329,False
2018-10,2018-11,10,329,False
2018-11,2018-12,1,334,False
2018-11,2018-12,2,335,False
2018-11,2018-12,3,334,False
2018-11,2018-12,4,335,False
2018-11,2018-12,5,335,False
2018-11,2018-12,6,334,False
2018-11,2018-12,7,334,False
2018-11,2018-12,8,334,False
2018-11,2018-12,9,335,False
2018-11,2018-12,10,335,False
2018-12,2019-01,1,337,False
2018-12,2019-01,2,337,False
2018-12,2019-01,3,336,False
2018-12,2019-01,4,338,False
2018-12,2019-01,5,336,False
2018-12,2019-01,6,337,False
2018-12,2019-01,7,338,False
2018-12,2019-01,8,336,False
2018-12,2019-01,9,337,False
2018-12,2019-01,10,338,False
2019-01,2019-02,1,339,False
2019-01,2019-02,2,339,False
2019-01,2019-02,3,339,False
2019-01,2019-02,4,339,False
2019-01,2019-02,5,339,False
2019-01,2019-02,6,339,False
2019-01,2019-02,7,339,False
2019-01,2019-02,8,339,False
2019-01,2019-02,9,339,False
2019-01,2019-02,10,340,False
2019-02,2019-03,1,340,False
2019-02,2019-03,2,340,False
2019-02,2019-03,3,340,False
2019-02,2019-03,4,340,False
2019-02,2019-03,5,341,False
2019-02,2019-03,6,340,False
2019-02,2019-03,7,340,False
2019-02,2019-03,8,340,False
2019-02,2019-03,9,340,False
2019-02,2019-03,10,341,False
2019-03,2019-04,1,341,False
2019-03,2019-04,2,341,False
2019-03,2019-04,3,341,False
2019-03,2019-04,4,341,False
2019-03,2019-04,5,341,False
2019-03,2019-04,6,341,False
2019-03,2019-04,7,341,False
2019-03,2019-04,8,341,False
2019-03,2019-04,9,341,False
2019-03,2019-04,10,342,False
2019-04,2019-05,1,342,False
2019-04,2019-05,2,343,False
2019-04,2019-05,3,342,False
2019-04,2019-05,4,343,False
2019-04,2019-05,5,343,False
2019-04,2019-05,6,342,False
2019-04,2019-05,7,343,False
2019-04,2019-05,8,342,False
2019-04,2019-05,9,343,False
2019-04,2019-05,10,343,False
2019-05,2019-06,1,338,False
2019-05,2019-06,2,338,False
2019-05,2019-06,3,338,False
2019-05,2019-06,4,338,False
2019-05,2019-06,5,338,False
2019-05,2019-06,6,338,False
2019-05,2019-06,7,338,False
2019-05,2019-06,8,338,False
2019-05,2019-06,9,338,False
2019-05,2019-06,10,339,False
2019-06,2019-07,1,338,False
2019-06,2019-07,2,338,False
2019-06,2019-07,3,338,False
2019-06,2019-07,4,339,False
2019-06,2019-07,5,338,False
2019-06,2019-07,6,338,False
2019-06,2019-07,7,339,False
2019-06,2019-07,8,338,False
2019-06,2019-07,9,338,False
2019-06,2019-07,10,339,False
2019-07,2019-08,1,337,False
2019-07,2019-08,2,339,False
2019-07,2019-08,3,339,False
2019-07,2019-08,4,337,False
2019-07,2019-08,5,339,False
2019-07,2019-08,6,339,False
2019-07,2019-08,7,339,False
2019-07,2019-08,8,339,False
2019-07,2019-08,9,339,False
2019-07,2019-08,10,339,False
2019-08,2019-09,1,339,False
2019-08,2019-09,2,339,False
2019-08,2019-09,3,339,False
2019-08,2019-09,4,340,False
2019-08,2019-09,5,339,False
2019-08,2019-09,6,339,False
2019-08,2019-09,7,340,False
2019-08,2019-09,8,339,False
2019-08,2019-09,9,339,False
2019-08,2019-09,10,340,False
2019-09,2019-10,1,340,False
2019-09,2019-10,2,340,False
2019-09,2019-10,3,340,False
2019-09,2019-10,4,340,False
2019-09,2019-10,5,341,False
2019-09,2019-10,6,340,False
2019-09,2019-10,7,340,False
2019-09,2019-10,8,340,False
2019-09,2019-10,9,340,False
2019-09,2019-10,10,341,False
2019-10,2019-11,1,340,False
2019-10,2019-11,2,341,False
2019-10,2019-11,3,341,False
2019-10,2019-11,4,341,False
2019-10,2019-11,5,341,False
2019-10,2019-11,6,341,False
2019-10,2019-11,7,341,False
2019-10,2019-11,8,341,False
2019-10,2019-11,9,341,False
2019-10,2019-11,10,340,False
2019-11,2019-12,1,340,False
2019-11,2019-12,2,342,False
2019-11,2019-12,3,341,False
2019-11,2019-12,4,342,False
2019-11,2019-12,5,341,False
2019-11,2019-12,6,342,False
2019-11,2019-12,7,341,False
2019-11,2019-12,8,342,False
2019-11,2019-12,9,341,False
2019-11,2019-12,10,340,False
2019-12,2020-01,1,340,False
2019-12,2020-01,2,342,False
2019-12,2020-01,3,342,False
2019-12,2020-01,4,342,False
2019-12,2020-01,5,342,False
2019-12,2020-01,6,342,False
2019-12,2020-01,7,342,False
2019-12,2020-01,8,342,False
2019-12,2020-01,9,341,False
2019-12,2020-01,10,342,False
2020-01,2020-02,1,342,False
2020-01,2020-02,2,343,False
2020-01,2020-02,3,343,False
2020-01,2020-02,4,343,False
2020-01,2020-02,5,343,False
2020-01,2020-02,6,341,False
2020-01,2020-02,7,343,False
2020-01,2020-02,8,343,False
2020-01,2020-02,9,343,False
2020-01,2020-02,10,343,False
2020-02,2020-03,1,343,False
2020-02,2020-03,2,343,False
2020-02,2020-03,3,344,False
2020-02,2020-03,4,343,False
2020-02,2020-03,5,344,False
2020-02,2020-03,6,343,False
2020-02,2020-03,7,343,False
2020-02,2020-03,8,344,False
2020-02,2020-03,9,343,False
2020-02,2020-03,10,344,False
2020-03,2020-04,1,344,False
2020-03,2020-04,2,345,False
2020-03,2020-04,3,344,False
2020-03,2020-04,4,345,False
2020-03,2020-04,5,345,False
2020-03,2020-04,6,344,False
2020-03,2020-04,7,345,False
2020-03,2020-04,8,344,False
2020-03,2020-04,9,345,False
2020-03,2020-04,10,345,False
2020-04,2020-05,1,345,False
2020-04,2020-05,2,346,False
2020-04,2020-05,3,346,False
2020-04,2020-05,4,346,False
2020-04,2020-05,5,346,False
2020-04,2020-05,6,345,False
2020-04,2020-05,7,346,False
2020-04,2020-05,8,346,False
2020-04,2020-05,9,346,False
2020-04,2020-05,10,346,False
2020-05,2020-06,1,340,False
2020-05,2020-06,2,341,False
2020-05,2020-06,3,340,False
2020-05,2020-06,4,341,False
2020-05,2020-06,5,340,False
2020-05,2020-06,6,341,False
2020-05,2020-06,7,340,False
2020-05,2020-06,8,341,False
2020-05,2020-06,9,340,False
2020-05,2020-06,10,341,False
2020-06,2020-07,1,342,False
2020-06,2020-07,2,342,False
2020-06,2020-07,3,342,False
2020-06,2020-07,4,342,False
2020-06,2020-07,5,342,False
2020-06,2020-07,6,342,False
2020-06,2020-07,7,342,False
2020-06,2020-07,8,342,False
2020-06,2020-07,9,342,False
2020-06,2020-07,10,343,False
2020-07,2020-08,1,344,False
2020-07,2020-08,2,344,False
2020-07,2020-08,3,344,False
2020-07,2020-08,4,343,False
2020-07,2020-08,5,344,False
2020-07,2020-08,6,344,False
2020-07,2020-08,7,345,False
2020-07,2020-08,8,344,False
2020-07,2020-08,9,344,False
2020-07,2020-08,10,344,False
2020-08,2020-09,1,344,False
2020-08,2020-09,2,345,False
2020-08,2020-09,3,346,False
2020-08,2020-09,4,345,False
2020-08,2020-09,5,345,False
2020-08,2020-09,6,345,False
2020-08,2020-09,7,345,False
2020-08,2020-09,8,346,False
2020-08,2020-09,9,345,False
2020-08,2020-09,10,343,False
2020-09,2020-10,1,345,False
2020-09,2020-10,2,346,False
2020-09,2020-10,3,346,False
2020-09,2020-10,4,346,False
2020-09,2020-10,5,346,False
2020-09,2020-10,6,346,False
2020-09,2020-10,7,346,False
2020-09,2020-10,8,346,False
2020-09,2020-10,9,346,False
2020-09,2020-10,10,346,False
2020-10,2020-11,1,346,False
2020-10,2020-11,2,347,False
2020-10,2020-11,3,347,False
2020-10,2020-11,4,347,False
2020-10,2020-11,5,347,False
2020-10,2020-11,6,347,False
2020-10,2020-11,7,347,False
2020-10,2020-11,8,347,False
2020-10,2020-11,9,347,False
2020-10,2020-11,10,347,False
2020-11,2020-12,1,350,False
2020-11,2020-12,2,350,False
2020-11,2020-12,3,351,False
2020-11,2020-12,4,349,False
2020-11,2020-12,5,351,False
2020-11,2020-12,6,350,False
2020-11,2020-12,7,350,False
2020-11,2020-12,8,351,False
2020-11,2020-12,9,350,False
2020-11,2020-12,10,351,False
2020-12,2021-01,1,353,False
2020-12,2021-01,2,353,False
2020-12,2021-01,3,353,False
2020-12,2021-01,4,353,False
2020-12,2021-01,5,353,False
2020-12,2021-01,6,353,False
2020-12,2021-01,7,353,False
2020-12,2021-01,8,353,False
2020-12,2021-01,9,353,False
2020-12,2021-01,10,352,False
2021-01,2021-02,1,353,False
2021-01,2021-02,2,355,False
2021-01,2021-02,3,355,False
2021-01,2021-02,4,355,False
2021-01,2021-02,5,355,False
2021-01,2021-02,6,354,False
2021-01,2021-02,7,355,False
2021-01,2021-02,8,355,False
2021-01,2021-02,9,355,False
2021-01,2021-02,10,355,False
2021-02,2021-03,1,356,False
2021-02,2021-03,2,357,False
2021-02,2021-03,3,357,False
2021-02,2021-03,4,356,False
2021-02,2021-03,5,357,False
2021-02,2021-03,6,357,False
2021-02,2021-03,7,356,False
2021-02,2021-03,8,357,False
2021-02,2021-03,9,357,False
2021-02,2021-03,10,357,False
2021-03,2021-04,1,357,False
2021-03,2021-04,2,359,False
2021-03,2021-04,3,359,False
2021-03,2021-04,4,358,False
2021-03,2021-04,5,359,False
2021-03,2021-04,6,359,False
2021-03,2021-04,7,358,False
2021-03,2021-04,8,359,False
2021-03,2021-04,9,359,False
2021-03,2021-04,10,359,False
2021-04,2021-05,1,363,False
2021-04,2021-05,2,363,False
2021-04,2021-05,3,364,False
2021-04,2021-05,4,363,False
2021-04,2021-05,5,364,False
2021-04,2021-05,6,363,False
2021-04,2021-05,7,363,False
2021-04,2021-05,8,364,False
2021-04,2021-05,9,363,False
2021-04,2021-05,10,362,False
2021-05,2021-06,1,362,False
2021-05,2021-06,2,362,False
2021-05,2021-06,3,362,False
2021-05,2021-06,4,362,False
2021-05,2021-06,5,363,False
2021-05,2021-06,6,362,False
2021-05,2021-06,7,361,False
2021-05,2021-06,8,362,False
2021-05,2021-06,9,362,False
2021-05,2021-06,10,363,False
2021-06,2021-07,1,366,False
2021-06,2021-07,2,367,False
2021-06,2021-07,3,366,False
2021-06,2021-07,4,367,False
2021-06,2021-07,5,367,False
2021-06,2021-07,6,366,False
2021-06,2021-07,7,367,False
2021-06,2021-07,8,366,False
2021-06,2021-07,9,367,False
2021-06,2021-07,10,367,False
2021-07,2021-08,1,369,False
2021-07,2021-08,2,369,False
2021-07,2021-08,3,372,False
2021-07,2021-08,4,371,False
2021-07,2021-08,5,372,False
2021-07,2021-08,6,371,False
2021-07,2021-08,7,371,False
2021-07,2021-08,8,372,False
2021-07,2021-08,9,371,False
2021-07,2021-08,10,371,False
2021-08,2021-09,1,377,False
2021-08,2021-09,2,378,False
2021-08,2021-09,3,377,False
2021-08,2021-09,4,378,False
2021-08,2021-09,5,377,False
2021-08,2021-09,6,378,False
2021-08,2021-09,7,377,False
2021-08,2021-09,8,378,False
2021-08,2021-09,9,377,False
2021-08,2021-09,10,377,False
2021-09,2021-10,1,384,False
2021-09,2021-10,2,384,False
2021-09,2021-10,3,384,False
2021-09,2021-10,4,384,False
2021-09,2021-10,5,384,False
2021-09,2021-10,6,384,False
2021-09,2021-10,7,384,False
2021-09,2021-10,8,384,False
2021-09,2021-10,9,384,False
2021-09,2021-10,10,383,False
2021-10,2021-11,1,386,False
2021-10,2021-11,2,386,False
2021-10,2021-11,3,386,False
2021-10,2021-11,4,386,False
2021-10,2021-11,5,386,False
2021-10,2021-11,6,386,False
2021-10,2021-11,7,386,False
2021-10,2021-11,8,386,False
2021-10,2021-11,9,386,False
2021-10,2021-11,10,387,False
2021-11,2021-12,1,388,False
2021-11,2021-12,2,388,False
2021-11,2021-12,3,388,False
2021-11,2021-12,4,389,False
2021-11,2021-12,5,388,False
2021-11,2021-12,6,388,False
2021-11,2021-12,7,389,False
2021-11,2021-12,8,388,False
2021-11,2021-12,9,388,False
2021-11,2021-12,10,389,False
2021-12,2022-01,1,394,False
2021-12,2022-01,2,394,False
2021-12,2022-01,3,394,False
2021-12,2022-01,4,394,False
2021-12,2022-01,5,394,False
2021-12,2022-01,6,394,False
2021-12,2022-01,7,394,False
2021-12,2022-01,8,394,False
2021-12,2022-01,9,394,False
2021-12,2022-01,10,394,False
2022-01,2022-02,1,397,False
2022-01,2022-02,2,397,False
2022-01,2022-02,3,397,False
2022-01,2022-02,4,397,False
2022-01,2022-02,5,397,False
2022-01,2022-02,6,397,False
2022-01,2022-02,7,397,False
2022-01,2022-02,8,397,False
2022-01,2022-02,9,397,False
2022-01,2022-02,10,398,False
2022-02,2022-03,1,399,False
2022-02,2022-03,2,400,False
2022-02,2022-03,3,400,False
2022-02,2022-03,4,400,False
2022-02,2022-03,5,400,False
2022-02,2022-03,6,400,False
2022-02,2022-03,7,400,False
2022-02,2022-03,8,400,False
2022-02,2022-03,9,400,False
2022-02,2022-03,10,400,False
2022-03,2022-04,1,404,False
2022-03,2022-04,2,404,False
2022-03,2022-04,3,404,False
2022-03,2022-04,4,404,False
2022-03,2022-04,5,404,False
2022-03,2022-04,6,404,False
2022-03,2022-04,7,404,False
2022-03,2022-04,8,404,False
2022-03,2022-04,9,404,False
2022-03,2022-04,10,405,False
2022-04,2022-05,1,410,False
2022-04,2022-05,2,411,False
2022-04,2022-05,3,410,False
2022-04,2022-05,4,411,False
2022-04,2022-05,5,410,False
2022-04,2022-05,6,411,False
2022-04,2022-05,7,410,False
2022-04,2022-05,8,411,False
2022-04,2022-05,9,409,False
2022-04,2022-05,10,411,False
2022-05,2022-06,1,413,False
2022-05,2022-06,2,414,False
2022-05,2022-06,3,413,False
2022-05,2022-06,4,414,False
2022-05,2022-06,5,414,False
2022-05,2022-06,6,413,False
2022-05,2022-06,7,414,False
2022-05,2022-06,8,412,False
2022-05,2022-06,9,414,False
2022-05,2022-06,10,411,False
2022-06,2022-07,1,403,False
2022-06,2022-07,2,421,False
2022-06,2022-07,3,419,False
2022-06,2022-07,4,420,False
2022-06,2022-07,5,421,False
2022-06,2022-07,6,421,False
2022-06,2022-07,7,419,False
2022-06,2022-07,8,421,False
2022-06,2022-07,9,421,False
2022-06,2022-07,10,414,False
2022-07,2022-08,1,420,False
2022-07,2022-08,2,423,False
2022-07,2022-08,3,423,False
2022-07,2022-08,4,423,False
2022-07,2022-08,5,421,False
2022-07,2022-08,6,422,False
2022-07,2022-08,7,423,False
2022-07,2022-08,8,423,False
2022-07,2022-08,9,423,False
2022-07,2022-08,10,422,False
2022-08,2022-09,1,427,False
2022-08,2022-09,2,427,False
2022-08,2022-09,3,427,False
2022-08,2022-09,4,427,False
2022-08,2022-09,5,427,False
2022-08,2022-09,6,427,False
2022-08,2022-09,7,427,False
2022-08,2022-09,8,427,False
2022-08,2022-09,9,427,False
2022-08,2022-09,10,427,False
2022-09,2022-10,1,431,False
2022-09,2022-10,2,431,False
2022-09,2022-10,3,431,False
2022-09,2022-10,4,432,False
2022-09,2022-10,5,431,False
2022-09,2022-10,6,431,False
2022-09,2022-10,7,432,False
2022-09,2022-10,8,431,False
2022-09,2022-10,9,431,False
2022-09,2022-10,10,432,False
2022-10,2022-11,1,434,False
2022-10,2022-11,2,435,False
2022-10,2022-11,3,434,False
2022-10,2022-11,4,435,False
2022-10,2022-11,5,434,False
2022-10,2022-11,6,435,False
2022-10,2022-11,7,434,False
2022-10,2022-11,8,435,False
2022-10,2022-11,9,434,False
2022-10,2022-11,10,435,False
2022-11,2022-12,1,438,False
2022-11,2022-12,2,438,False
2022-11,2022-12,3,438,False
2022-11,2022-12,4,438,False
2022-11,2022-12,5,439,False
2022-11,2022-12,6,438,False
2022-11,2022-12,7,438,False
2022-11,2022-12,8,438,False
2022-11,2022-12,9,438,False
2022-11,2022-12,10,439,False
2022-12,2023-01,1,442,False
2022-12,2023-01,2,443,False
2022-12,2023-01,3,442,False
2022-12,2023-01,4,443,False
2022-12,2023-01,5,443,False
2022-12,2023-01,6,442,False
2022-12,2023-01,7,443,False
2022-12,2023-01,8,442,False
2022-12,2023-01,9,443,False
2022-12,2023-01,10,443,False
2023-01,2023-02,1,445,False
2023-01,2023-02,2,446,False
2023-01,2023-02,3,446,False
2023-01,2023-02,4,445,False
2023-01,2023-02,5,446,False
2023-01,2023-02,6,446,False
2023-01,2023-02,7,445,False
2023-01,2023-02,8,446,False
2023-01,2023-02,9,446,False
2023-01,2023-02,10,446,False
2023-02,2023-03,1,447,False
2023-02,2023-03,2,447,False
2023-02,2023-03,3,447,False
2023-02,2023-03,4,447,False
2023-02,2023-03,5,448,False
2023-02,2023-03,6,447,False
2023-02,2023-03,7,447,False
2023-02,2023-03,8,447,False
2023-02,2023-03,9,447,False
2023-02,2023-03,10,448,False
2023-03,2023-04,1,450,False
2023-03,2023-04,2,451,False
2023-03,2023-04,3,451,False
2023-03,2023-04,4,450,False
2023-03,2023-04,5,451,False
2023-03,2023-04,6,451,False
2023-03,2023-04,7,450,False
2023-03,2023-04,8,451,False
2023-03,2023-04,9,451,False
2023-03,2023-04,10,451,False
2023-04,2023-05,1,454,False
2023-04,2023-05,2,455,False
2023-04,2023-05,3,454,False
2023-04,2023-05,4,454,False
2023-04,2023-05,5,454,False
2023-04,2023-05,6,455,False
2023-04,2023-05,7,454,False
2023-04,2023-05,8,455,False
2023-04,2023-05,9,454,False
2023-04,2023-05,10,455,False
2023-05,2023-06,1,450,False
2023-05,2023-06,2,452,False
2023-05,2023-06,3,452,False
2023-05,2023-06,4,452,False
2023-05,2023-06,5,451,False
2023-05,2023-06,6,451,False
2023-05,2023-06,7,452,False
2023-05,2023-06,8,452,False
2023-05,2023-06,9,452,False
2023-05,2023-06,10,452,False
2023-06,2023-07,1,454,False
2023-06,2023-07,2,456,False
2023-06,2023-07,3,456,False
2023-06,2023-07,4,457,False
2023-06,2023-07,5,457,False
2023-06,2023-07,6,456,False
2023-06,2023-07,7,457,False
2023-06,2023-07,8,456,False
2023-06,2023-07,9,457,False
2023-06,2023-07,10,456,False
2023-07,2023-08,1,456,False
2023-07,2023-08,2,459,False
2023-07,2023-08,3,459,False
2023-07,2023-08,4,454,False
2023-07,2023-08,5,458,False
2023-07,2023-08,6,458,False
2023-07,2023-08,7,459,False
2023-07,2023-08,8,459,False
2023-07,2023-08,9,459,False
2023-07,2023-08,10,456,False
2023-08,2023-09,1,462,False
2023-08,2023-09,2,462,False
2023-08,2023-09,3,463,False
2023-08,2023-09,4,462,False
2023-08,2023-09,5,463,False
2023-08,2023-09,6,462,False
2023-08,2023-09,7,462,False
2023-08,2023-09,8,463,False
2023-08,2023-09,9,462,False
2023-08,2023-09,10,463,False
2023-09,2023-10,1,466,False
2023-09,2023-10,2,466,False
2023-09,2023-10,3,466,False
2023-09,2023-10,4,466,False
2023-09,2023-10,5,466,False
2023-09,2023-10,6,466,False
2023-09,2023-10,7,466,False
2023-09,2023-10,8,466,False
2023-09,2023-10,9,466,False
2023-09,2023-10,10,467,False
2023-10,2023-11,1,469,False
2023-10,2023-11,2,469,False
2023-10,2023-11,3,469,False
2023-10,2023-11,4,469,False
2023-10,2023-11,5,470,False
2023-10,2023-11,6,469,False
2023-10,2023-11,7,469,False
2023-10,2023-11,8,469,False
2023-10,2023-11,9,469,False
2023-10,2023-11,10,470,False
2023-11,2023-12,1,471,False
2023-11,2023-12,2,472,False
2023-11,2023-12,3,472,False
2023-11,2023-12,4,471,False
2023-11,2023-12,5,472,False
2023-11,2023-12,6,472,False
2023-11,2023-12,7,471,False
2023-11,2023-12,8,472,False
2023-11,2023-12,9,472,False
2023-11,2023-12,10,472,False
2023-12,2024-01,1,474,False
2023-12,2024-01,2,474,False
2023-12,2024-01,3,474,False
2023-12,2024-01,4,474,False
2023-12,2024-01,5,475,False
2023-12,2024-01,6,474,False
2023-12,2024-01,7,474,False
2023-12,2024-01,8,474,False
2023-12,2024-01,9,474,False
2023-12,2024-01,10,475,False
2024-01,2024-02,1,475,False
2024-01,2024-02,2,475,False
2024-01,2024-02,3,475,False
2024-01,2024-02,4,475,False
2024-01,2024-02,5,475,False
2024-01,2024-02,6,475,False
2024-01,2024-02,7,475,False
2024-01,2024-02,8,475,False
2024-01,2024-02,9,475,False
2024-01,2024-02,10,475,False
2024-02,2024-03,1,476,False
2024-02,2024-03,2,476,False
2024-02,2024-03,3,477,False
2024-02,2024-03,4,476,False
2024-02,2024-03,5,477,False
2024-02,2024-03,6,476,False
2024-02,2024-03,7,476,False
2024-02,2024-03,8,477,False
2024-02,2024-03,9,476,False
2024-02,2024-03,10,477,False
2024-03,2024-04,1,478,False
2024-03,2024-04,2,479,False
2024-03,2024-04,3,479,False
2024-03,2024-04,4,479,False
2024-03,2024-04,5,479,False
2024-03,2024-04,6,479,False
2024-03,2024-04,7,479,False
2024-03,2024-04,8,479,False
2024-03,2024-04,9,479,False
2024-03,2024-04,10,479,False
2024-04,2024-05,1,480,False
2024-04,2024-05,2,482,False
2024-04,2024-05,3,481,False
2024-04,2024-05,4,482,False
2024-04,2024-05,5,481,False
2024-04,2024-05,6,482,False
2024-04,2024-05,7,481,False
2024-04,2024-05,8,481,False
2024-04,2024-05,9,481,False
2024-04,2024-05,10,482,False
2024-05,2024-06,1,477,False
2024-05,2024-06,2,478,False
2024-05,2024-06,3,477,False
2024-05,2024-06,4,478,False
2024-05,2024-06,5,478,False
2024-05,2024-06,6,477,False
2024-05,2024-06,7,478,False
2024-05,2024-06,8,477,False
2024-05,2024-06,9,478,False
2024-05,2024-06,10,478,False
2024-06,2024-07,1,480,False
2024-06,2024-07,2,483,False
2024-06,2024-07,3,482,False
2024-06,2024-07,4,483,False
2024-06,2024-07,5,482,False
2024-06,2024-07,6,483,False
2024-06,2024-07,7,482,False
2024-06,2024-07,8,482,False
2024-06,2024-07,9,482,False
2024-06,2024-07,10,483,False
2024-07,2024-08,1,484,False
2024-07,2024-08,2,486,False
2024-07,2024-08,3,486,False
2024-07,2024-08,4,486,False
2024-07,2024-08,5,486,False
2024-07,2024-08,6,486,False
2024-07,2024-08,7,486,False
2024-07,2024-08,8,486,False
2024-07,2024-08,9,486,False
2024-07,2024-08,10,485,False
2024-08,2024-09,1,488,False
2024-08,2024-09,2,488,False
2024-08,2024-09,3,488,False
2024-08,2024-09,4,488,False
2024-08,2024-09,5,488,False
2024-08,2024-09,6,488,False
2024-08,2024-09,7,488,False
2024-08,2024-09,8,488,False
2024-08,2024-09,9,488,False
2024-08,2024-09,10,488,False
2024-09,2024-10,1,489,False
2024-09,2024-10,2,489,False
2024-09,2024-10,3,489,False
2024-09,2024-10,4,490,False
2024-09,2024-10,5,489,False
2024-09,2024-10,6,489,False
2024-09,2024-10,7,490,False
2024-09,2024-10,8,489,False
2024-09,2024-10,9,489,False
2024-09,2024-10,10,490,False
2024-10,2024-11,1,490,False
2024-10,2024-11,2,490,False
2024-10,2024-11,3,490,False
2024-10,2024-11,4,490,False
2024-10,2024-11,5,490,False
2024-10,2024-11,6,490,False
2024-10,2024-11,7,490,False
2024-10,2024-11,8,490,False
2024-10,2024-11,9,490,False
2024-10,2024-11,10,491,False
2024-11,2024-12,1,490,False
2024-11,2024-12,2,491,False
2024-11,2024-12,3,491,False
2024-11,2024-12,4,490,False
2024-11,2024-12,5,491,False
2024-11,2024-12,6,491,False
2024-11,2024-12,7,490,False
2024-11,2024-12,8,491,False
2024-11,2024-12,9,491,False
2024-11,2024-12,10,491,False
2024-12,2025-01,1,491,False
2024-12,2025-01,2,492,False
2024-12,2025-01,3,492,False
2024-12,2025-01,4,492,False
2024-12,2025-01,5,492,False
2024-12,2025-01,6,492,False
2024-12,2025-01,7,492,False
2024-12,2025-01,8,492,False
2024-12,2025-01,9,492,False
2024-12,2025-01,10,492,False
2025-01,2025-02,1,492,False
2025-01,2025-02,2,493,False
2025-01,2025-02,3,492,False
2025-01,2025-02,4,493,False
2025-01,2025-02,5,491,False
2025-01,2025-02,6,493,False
2025-01,2025-02,7,492,False
2025-01,2025-02,8,493,False
2025-01,2025-02,9,492,False
2025-01,2025-02,10,493,False
2025-02,2025-03,1,493,False
2025-02,2025-03,2,493,False
2025-02,2025-03,3,493,False
2025-02,2025-03,4,493,False
2025-02,2025-03,5,493,False
2025-02,2025-03,6,493,False
2025-02,2025-03,7,492,False
2025-02,2025-03,8,493,False
2025-02,2025-03,9,493,False
2025-02,2025-03,10,494,False
2025-03,2025-04,1,493,False
2025-03,2025-04,2,494,False
2025-03,2025-04,3,493,False
2025-03,2025-04,4,494,False
2025-03,2025-04,5,493,False
2025-03,2025-04,6,494,False
2025-03,2025-04,7,493,False
2025-03,2025-04,8,494,False
2025-03,2025-04,9,493,False
2025-03,2025-04,10,494,False
2025-04,2025-05,1,493,False
2025-04,2025-05,2,493,False
2025-04,2025-05,3,493,False
2025-04,2025-05,4,494,False
2025-04,2025-05,5,493,False
2025-04,2025-05,6,493,False
2025-04,2025-05,7,494,False
2025-04,2025-05,8,493,False
2025-04,2025-05,9,493,False
2025-04,2025-05,10,494,False
2025-05,2025-06,1,486,False
2025-05,2025-06,2,487,False
2025-05,2025-06,3,487,False
2025-05,2025-06,4,487,False
2025-05,2025-06,5,487,False
2025-05,2025-06,6,486,False
2025-05,2025-06,7,487,False
2025-05,2025-06,8,487,False
2025-05,2025-06,9,487,False
2025-05,2025-06,10,486,False
2025-06,2025-07,1,488,False
2025-06,2025-07,2,489,False
2025-06,2025-07,3,490,False
2025-06,2025-07,4,489,False
2025-06,2025-07,5,490,False
2025-06,2025-07,6,489,False
2025-06,2025-07,7,489,False
2025-06,2025-07,8,490,False
2025-06,2025-07,9,489,False
2025-06,2025-07,10,490,False
2025-07,2025-08,1,490,False
2025-07,2025-08,2,489,False
2025-07,2025-08,3,490,False
2025-07,2025-08,4,490,False
2025-07,2025-08,5,490,False
2025-07,2025-08,6,489,False
2025-07,2025-08,7,490,False
2025-07,2025-08,8,490,False
2025-07,2025-08,9,489,False
2025-07,2025-08,10,486,False
2025-08,2025-09,1,489,False
2025-08,2025-09,2,490,False
2025-08,2025-09,3,490,False
2025-08,2025-09,4,490,False
2025-08,2025-09,5,490,False
2025-08,2025-09,6,489,False
2025-08,2025-09,7,490,False
2025-08,2025-09,8,490,False
2025-08,2025-09,9,490,False
2025-08,2025-09,10,490,False
2025-09,2025-10,1,490,False
2025-09,2025-10,2,491,False
2025-09,2025-10,3,490,False
2025-09,2025-10,4,491,False
2025-09,2025-10,5,490,False
2025-09,2025-10,6,491,False
2025-09,2025-10,7,490,False
2025-09,2025-10,8,491,False
2025-09,2025-10,9,490,False
2025-09,2025-10,10,491,False
2025-10,2025-11,1,489,False
2025-10,2025-11,2,491,False
2025-10,2025-11,3,491,False
2025-10,2025-11,4,490,False
2025-10,2025-11,5,491,False
2025-10,2025-11,6,491,False
2025-10,2025-11,7,490,False
2025-10,2025-11,8,491,False
2025-10,2025-11,9,491,False
2025-10,2025-11,10,491,False
2025-11,2025-12,1,491,False
2025-11,2025-12,2,491,False
2025-11,2025-12,3,491,False
2025-11,2025-12,4,491,False
2025-11,2025-12,5,491,False
2025-11,2025-12,6,491,False
2025-11,2025-12,7,491,False
2025-11,2025-12,8,491,False
2025-11,2025-12,9,491,False
2025-11,2025-12,10,491,False
2025-12,2026-01,1,491,False
2025-12,2026-01,2,492,False
2025-12,2026-01,3,492,False
2025-12,2026-01,4,493,False
2025-12,2026-01,5,492,False
2025-12,2026-01,6,492,False
2025-12,2026-01,7,493,False
2025-12,2026-01,8,492,False
2025-12,2026-01,9,492,False
2025-12,2026-01,10,493,False
2026-01,2026-02,1,492,False
2026-01,2026-02,2,493,False
2026-01,2026-02,3,493,False
2026-01,2026-02,4,493,False
2026-01,2026-02,5,493,False
2026-01,2026-02,6,492,False
2026-01,2026-02,7,493,False
2026-01,2026-02,8,493,False
2026-01,2026-02,9,493,False
2026-01,2026-02,10,492,False
2026-02,2026-03,1,492,False
2026-02,2026-03,2,493,False
2026-02,2026-03,3,492,False
2026-02,2026-03,4,493,False
2026-02,2026-03,5,492,False
2026-02,2026-03,6,493,False
2026-02,2026-03,7,492,False
2026-02,2026-03,8,493,False
2026-02,2026-03,9,492,False
2026-02,2026-03,10,493,False
2026-03,2026-04,1,494,False
2026-03,2026-04,2,494,False
2026-03,2026-04,3,494,False
2026-03,2026-04,4,494,False
2026-03,2026-04,5,494,False
2026-03,2026-04,6,494,False
2026-03,2026-04,7,494,False
2026-03,2026-04,8,494,False
2026-03,2026-04,9,494,False
2026-03,2026-04,10,494,False
2026-04,2026-05,1,493,False
2026-04,2026-05,2,495,False
2026-04,2026-05,3,496,False
2026-04,2026-05,4,495,False
2026-04,2026-05,5,496,False
2026-04,2026-05,6,495,False
2026-04,2026-05,7,495,False
2026-04,2026-05,8,496,False
2026-04,2026-05,9,495,False
2026-04,2026-05,10,496,False
2026-05,2026-06,1,487,False
2026-05,2026-06,2,488,False
2026-05,2026-06,3,487,False
2026-05,2026-06,4,488,False
2026-05,2026-06,5,488,False
2026-05,2026-06,6,487,False
2026-05,2026-06,7,488,False
2026-05,2026-06,8,487,False
2026-05,2026-06,9,488,False
2026-05,2026-06,10,488,False
2026-06,2026-07,1,488,False
2026-06,2026-07,2,491,False
2026-06,2026-07,3,492,False
2026-06,2026-07,4,492,False
2026-06,2026-07,5,492,False
2026-06,2026-07,6,492,False
2026-06,2026-07,7,492,False
2026-06,2026-07,8,492,False
2026-06,2026-07,9,492,False
2026-06,2026-07,10,493,False
