decile,mean_return,window,model,seed_index
1,-0.00014181037151910644,1,Ridge,1
2,7.94810115403316e-05,1,Ridge,1
3,1.0402855926048453e-05,1,Ridge,1
4,-5.781412742209563e-05,1,Ridge,1
5,-1.4111444274703654e-05,1,Ridge,1
6,-5.209502810350645e-05,1,Ridge,1
7,-6.130707490670176e-05,1,Ridge,1
8,1.459600431116183e-05,1,Ridge,1
9,-0.00013968985713431965,1,Ridge,1
10,-0.0002651711521466149,1,Ridge,1
1,-0.00024077242987126547,1,LightGBM,1
2,-7.708558049233265e-05,1,LightGBM,1
3,-1.2743307372426663e-05,1,LightGBM,1
4,-0.000109735381422957,1,LightGBM,1
5,1.1014797341008297e-05,1,LightGBM,1
6,-3.625162947616283e-05,1,LightGBM,1
7,-0.00011143235779635361,1,LightGBM,1
8,-4.370420657245316e-05,1,LightGBM,1
9,-3.3193807346362125e-06,1,LightGBM,1
10,-5.588784185250418e-06,1,LightGBM,1
1,-0.00019982093498389453,1,MLP,1
2,3.83145678892704e-05,1,MLP,1
3,-5.4495410366527617e-05,1,MLP,1
4,-6.055086032537433e-05,1,MLP,1
5,5.3247090438698556e-05,1,MLP,1
6,-6.265192584098487e-05,1,MLP,1
7,-7.806281366734102e-05,1,MLP,1
8,-8.480262247225785e-05,1,MLP,1
9,-5.864843264505448e-05,1,MLP,1
10,-0.00011433119060561515,1,MLP,1
1,-0.0001351369556162844,1,MLP,2
2,6.84131911282682e-05,1,MLP,2
3,-0.0001989060544779035,1,MLP,2
4,-5.6155621613278375e-05,1,MLP,2
5,6.792144897848643e-05,1,MLP,2
6,4.163874086296481e-05,1,MLP,2
7,-9.616778017482091e-05,1,MLP,2
8,-0.00019268313765903228,1,MLP,2
9,-8.547812550743405e-05,1,MLP,2
10,-3.766595292371532e-05,1,MLP,2
1,-0.00013461573914570751,1,MLP,3
2,-8.751051493126545e-06,1,MLP,3
3,-6.233947545789112e-05,1,MLP,3
4,-8.592233659309893e-06,1,MLP,3
5,-0.00014031977412303835,1,MLP,3
6,8.117074686866858e-06,1,MLP,3
7,-7.647088464804546e-05,1,MLP,3
8,-0.00013269993500970365,1,MLP,3
9,-4.601339332147611e-05,1,MLP,3
10,-2.1946363357238195e-05,1,MLP,3
1,-0.0001482991127892144,1,MLP,4
2,1.99699480250883e-05,1,MLP,4
3,-6.703936287316352e-05,1,MLP,4
4,2.2317624986009312e-05,1,MLP,4
5,-3.627281258687388e-05,1,MLP,4
6,-2.9976837373725297e-05,1,MLP,4
7,-0.00015499953717909172,1,MLP,4
8,-5.2464875332559465e-05,1,MLP,4
9,-9.713709511232449e-05,1,MLP,4
10,-7.857479683081521e-05,1,MLP,4
1,-0.00015754505573130042,1,MLP,5
2,2.439702018511766e-05,1,MLP,5
3,-9.603748372205556e-05,1,MLP,5
4,1.2349333772046627e-05,1,MLP,5
5,-9.125431613612497e-06,1,MLP,5
6,-0.00010297434173086386,1,MLP,5
7,-6.455078271741643e-05,1,MLP,5
8,-0.00011991366945076898,1,MLP,5
9,-4.16876630089008e-05,1,MLP,5
10,-7.173352514561897e-05,1,MLP,5
1,-0.0001331949686610668,1,GRU,1
2,-0.00019250041506602914,1,GRU,1
3,-6.121660082493432e-05,1,GRU,1
4,-0.00011505593345779976,1,GRU,1
5,-0.0001388589960357435,1,GRU,1
6,9.395423881275195e-05,1,GRU,1
7,-0.00010159954181304601,1,GRU,1
8,5.24337373706314e-05,1,GRU,1
9,3.560311460794952e-05,1,GRU,1
10,-4.321887161951785e-05,1,GRU,1
1,-0.00019291732575160383,1,GRU,2
2,-0.00016384124605965916,1,GRU,2
3,-8.903441260059589e-05,1,GRU,2
4,-3.5179823462010964e-05,1,GRU,2
5,-3.8905780377889466e-05,1,GRU,2
6,-6.302690953424512e-05,1,GRU,2
7,1.6979256040429806e-05,1,GRU,2
8,3.134725889187263e-05,1,GRU,2
9,-4.152313149574699e-05,1,GRU,2
10,-4.5304420674253595e-05,1,GRU,2
1,-0.00024658043284689666,1,GRU,3
2,-0.00013078438147539636,1,GRU,3
3,-0.00011025178084705927,1,GRU,3
4,-1.8953934883881277e-05,1,GRU,3
5,-9.016170205922264e-05,1,GRU,3
6,2.5039418370583496e-05,1,GRU,3
7,6.569526986786318e-05,1,GRU,3
8,-2.215100301347074e-05,1,GRU,3
9,-7.919473774290815e-05,1,GRU,3
10,-1.4548029659641632e-05,1,GRU,3
1,-6.388813283702549e-05,1,GRU,4
2,-0.0002492979197557972,1,GRU,4
3,-4.373698829735277e-05,1,GRU,4
4,-0.00014347574776839934,1,GRU,4
5,-3.7321927685869594e-05,1,GRU,4
6,0.00013803162284389462,1,GRU,4
7,1.2033153134160886e-05,1,GRU,4
8,-1.85984666791497e-05,1,GRU,4
9,-0.00010783216508654058,1,GRU,4
10,-8.195720434832219e-05,1,GRU,4
1,-0.00016232454122532038,1,GRU,5
2,-0.00016036362580057226,1,GRU,5
3,-0.00014192479363666453,1,GRU,5
4,-1.1434344319783422e-05,1,GRU,5
5,-2.7870479276323455e-05,1,GRU,5
6,4.1132103815688155e-05,1,GRU,5
7,2.4755423540575522e-05,1,GRU,5
8,-5.178031532274036e-05,1,GRU,5
9,-6.136697824453809e-05,1,GRU,5
10,-5.5491599637223164e-05,1,GRU,5
1,0.00021163559640556112,2,Ridge,1
2,0.00021413631717426471,2,Ridge,1
3,9.939340097130488e-05,2,Ridge,1
4,0.00013934668903011683,2,Ridge,1
5,0.00015747344250971495,2,Ridge,1
6,0.00011304334341700555,2,Ridge,1
7,1.740345644929074e-05,2,Ridge,1
8,3.2544587594392765e-05,2,Ridge,1
9,2.3212645594195525e-05,2,Ridge,1
10,0.00012862461845732754,2,Ridge,1
1,0.00015640761992345305,2,LightGBM,1
2,6.036634348861778e-05,2,LightGBM,1
3,5.5157488745181114e-05,2,LightGBM,1
4,0.00012228197902895336,2,LightGBM,1
5,0.00012051491818730274,2,LightGBM,1
6,7.823323117535557e-05,2,LightGBM,1
7,6.141961687923593e-05,2,LightGBM,1
8,6.833086742563428e-05,2,LightGBM,1
9,0.0002918596581366536,2,LightGBM,1
10,0.00011914167638137393,2,LightGBM,1
1,0.00011765586990434945,2,MLP,1
2,0.0002620889359355481,2,MLP,1
3,5.739422291927252e-05,2,MLP,1
4,5.8110215292502736e-05,2,MLP,1
5,9.437256823635245e-05,2,MLP,1
6,8.721078708886041e-05,2,MLP,1
7,0.00012308858136548617,2,MLP,1
8,3.947613360948912e-05,2,MLP,1
9,0.00014275586772232127,2,MLP,1
10,0.0001456341778085612,2,MLP,1
1,0.00023181933029537669,2,MLP,2
2,0.00027311579695676896,2,MLP,2
3,-1.319650671856846e-06,2,MLP,2
4,1.8220400134186715e-05,2,MLP,2
5,0.00010760972525560504,2,MLP,2
6,0.00023348735743179678,2,MLP,2
7,4.4550800252027966e-05,2,MLP,2
8,9.011481989877407e-06,2,MLP,2
9,4.9355343974331e-05,2,MLP,2
10,0.0001630640036478251,2,MLP,2
1,0.00015462299173777167,2,MLP,3
2,6.740013891276932e-05,2,MLP,3
3,0.00030370313253851944,2,MLP,3
4,0.00012318442163431343,2,MLP,3
5,3.314947811418231e-05,2,MLP,3
6,9.22316449066598e-05,2,MLP,3
7,5.086783261793841e-05,2,MLP,3
8,6.805882955140164e-05,2,MLP,3
9,4.8855442388316144e-05,2,MLP,3
10,0.00019095941875318508,2,MLP,3
1,1.5519533779136307e-05,2,MLP,4
2,0.00015293823818679134,2,MLP,4
3,0.00010826408248311418,2,MLP,4
4,0.00017742009419775706,2,MLP,4
5,5.189215316215184e-05,2,MLP,4
6,0.00019614439122653601,2,MLP,4
7,-2.8649607238832395e-05,2,MLP,4
8,0.00021080984663012653,2,MLP,4
9,7.222466417060681e-05,2,MLP,4
10,0.0001741785254839447,2,MLP,4
1,0.000239125820419215,2,MLP,5
2,0.00013960715668027063,2,MLP,5
3,0.00010286385359649556,2,MLP,5
4,0.00018298252343719524,2,MLP,5
5,-2.841525059697399e-05,2,MLP,5
6,0.00012825680577179452,2,MLP,5
7,8.272584945523218e-05,2,MLP,5
8,-6.263740651844425e-06,2,MLP,5
9,0.00012690832067711562,2,MLP,5
10,0.00017601136489102514,2,MLP,5
1,7.907924490194519e-05,2,GRU,1
2,6.871303911120092e-05,2,GRU,1
3,0.00017012472207097296,2,GRU,1
4,7.31381653413708e-05,2,GRU,1
5,6.042327861101688e-05,2,GRU,1
6,0.00019212031218182019,2,GRU,1
7,0.0001420733981985001,2,GRU,1
8,6.598564353810877e-05,2,GRU,1
9,7.014157887617759e-05,2,GRU,1
10,0.00021186193385884467,2,GRU,1
1,3.909843110377008e-05,2,GRU,2
2,0.00013817893493845595,2,GRU,2
3,-9.962522611839241e-05,2,GRU,2
4,0.0001851601273121651,2,GRU,2
5,0.00017700953197497988,2,GRU,2
6,0.00016388248330972908,2,GRU,2
7,5.206589900628013e-05,2,GRU,2
8,8.881345275619527e-05,2,GRU,2
9,0.00019018428643682083,2,GRU,2
10,0.00018816708733083946,2,GRU,2
1,0.00017976165312539986,2,GRU,3
2,0.00016627894000404317,2,GRU,3
3,0.00010865982755744117,2,GRU,3
4,0.00018120593676239065,2,GRU,3
5,9.07065418033098e-05,2,GRU,3
6,6.49927090390205e-05,2,GRU,3
7,9.795724768984019e-05,2,GRU,3
8,-5.393468515659685e-06,2,GRU,3
9,9.13707911262089e-05,2,GRU,3
10,0.0001570463655958801,2,GRU,3
1,-2.216717714837799e-05,2,GRU,4
2,0.00013639786456055681,2,GRU,4
3,0.0001444199014822594,2,GRU,4
4,9.029948653508831e-05,2,GRU,4
5,0.00010078520040152782,2,GRU,4
6,0.0002137313923416482,2,GRU,4
7,0.00014693727727128845,2,GRU,4
8,-1.7601738998499892e-05,2,GRU,4
9,0.00015882146828569705,2,GRU,4
10,0.00017680327121907,2,GRU,4
1,0.0001368145974387656,2,GRU,5
2,7.910139700593157e-05,2,GRU,5
3,0.00012094332081588286,2,GRU,5
4,8.185756161053457e-05,2,GRU,5
5,0.00018329258115781444,2,GRU,5
6,0.00012236369773341307,2,GRU,5
7,0.00011884809716554784,2,GRU,5
8,9.53216410321006e-05,2,GRU,5
9,3.419425123907406e-05,2,GRU,5
10,0.00015622586919842823,2,GRU,5
1,-0.00029570194326251486,3,Ridge,1
2,-0.00024624645866720305,3,Ridge,1
3,-1.658885712336783e-05,3,Ridge,1
4,4.266703214116372e-05,3,Ridge,1
5,-8.662690031901534e-05,3,Ridge,1
6,4.079841045351409e-05,3,Ridge,1
7,-3.275693435032392e-05,3,Ridge,1
8,-0.00014247048069545093,3,Ridge,1
9,-9.796919841269216e-06,3,Ridge,1
10,5.908482939235425e-05,3,Ridge,1
1,-0.00027163984200129774,3,LightGBM,1
2,-0.00018092470847571706,3,LightGBM,1
3,-0.00010876984360883816,3,LightGBM,1
4,-0.00020637511144915694,3,LightGBM,1
5,2.9261616818432736e-05,3,LightGBM,1
6,6.887344078315737e-05,3,LightGBM,1
7,-7.570392017516153e-05,3,LightGBM,1
8,-2.5452215457722057e-05,3,LightGBM,1
9,-6.410747147759536e-05,3,LightGBM,1
10,0.0001292500656179088,3,LightGBM,1
1,-0.0003826432702902262,3,MLP,1
2,-0.00033724408322897585,3,MLP,1
3,-0.0002241032164179787,3,MLP,1
4,5.914466639272099e-05,3,MLP,1
5,9.793825916472767e-05,3,MLP,1
6,9.814610411464867e-05,3,MLP,1
7,8.283455055397406e-06,3,MLP,1
8,-2.9672374484691737e-05,3,MLP,1
9,-2.114929192041839e-05,3,MLP,1
10,3.748797594046831e-05,3,MLP,1
1,-0.00027051482557748747,3,MLP,2
2,-0.00023547125941571865,3,MLP,2
3,-0.00020676411841343833,3,MLP,2
4,2.2224131119900493e-05,3,MLP,2
5,5.535803628944847e-05,3,MLP,2
6,-3.7920393006995894e-05,3,MLP,2
7,8.897270948996068e-05,3,MLP,2
8,-0.00014331805902595976,3,MLP,2
9,-2.099981520193896e-05,3,MLP,2
10,5.340447780734338e-05,3,MLP,2
1,-0.00029956375073199917,3,MLP,3
2,-0.00012189834516306309,3,MLP,3
3,-0.00015315209054639987,3,MLP,3
4,-0.00016290836415920037,3,MLP,3
5,2.1127474084536093e-05,3,MLP,3
6,0.00011982768072495232,3,MLP,3
7,1.332169937725878e-05,3,MLP,3
8,-0.000127425175143157,3,MLP,3
9,-5.6888546756698525e-05,3,MLP,3
10,8.13252899372385e-05,3,MLP,3
1,-0.00031558984867214955,3,MLP,4
2,-0.00025801642415471414,3,MLP,4
3,-0.00027318501986274107,3,MLP,4
4,-1.443238015572248e-06,3,MLP,4
5,5.485309817596357e-05,3,MLP,4
6,1.961938539261847e-05,3,MLP,4
7,0.00020350039627676974,3,MLP,4
8,-3.0801850532602185e-05,3,MLP,4
9,-0.0001415432576486357,3,MLP,4
10,5.134787030781647e-05,3,MLP,4
1,-0.000528848496472435,3,MLP,5
2,-0.00014896746846469012,3,MLP,5
3,-3.9654402451929174e-05,3,MLP,5
4,8.600293952805721e-05,3,MLP,5
5,-5.2077010813742056e-05,3,MLP,5
6,2.4969494923387827e-05,3,MLP,5
7,-4.9507023148811615e-05,3,MLP,5
8,3.8681717917266215e-05,3,MLP,5
9,3.206682478824755e-05,3,MLP,5
10,-4.773964554254248e-05,3,MLP,5
1,-0.00013849751974935725,3,GRU,1
2,-0.00022248603547397267,3,GRU,1
3,-0.00038175837944182014,3,GRU,1
4,-0.0001766473911952822,3,GRU,1
5,0.00016895491321274858,3,GRU,1
6,8.800803684539287e-06,3,GRU,1
7,-1.4229213389699555e-05,3,GRU,1
8,4.704065121175559e-05,3,GRU,1
9,-8.608039687071725e-05,3,GRU,1
10,7.918322715115055e-05,3,GRU,1
1,-0.00035185793940135983,3,GRU,2
2,-7.5621702351784e-05,3,GRU,2
3,-0.0002599065296088648,3,GRU,2
4,-0.00015111007022873923,3,GRU,2
5,2.7390158263831758e-05,3,GRU,2
6,-6.421589881911248e-05,3,GRU,2
7,7.809221396743484e-06,3,GRU,2
8,0.00014062640757151758,3,GRU,2
9,-1.612403179041657e-05,3,GRU,2
10,4.405251970465051e-05,3,GRU,2
1,-0.00028119592993206547,3,GRU,3
2,-0.0001520422894720021,3,GRU,3
3,-0.00023166853521489387,3,GRU,3
4,0.0001465210418776761,3,GRU,3
5,-9.277280653476073e-05,3,GRU,3
6,-9.681420328542412e-05,3,GRU,3
7,-6.738466594292636e-05,3,GRU,3
8,1.0385233764034447e-05,3,GRU,3
9,-4.093140512406018e-05,3,GRU,3
10,0.00011459010982421874,3,GRU,3
1,-0.00028515699306114797,3,GRU,4
2,-0.0002039336597792805,3,GRU,4
3,-3.326562006652403e-05,3,GRU,4
4,-0.00017909512213136377,3,GRU,4
5,5.4952796198682016e-05,3,GRU,4
6,-3.835897793582697e-05,3,GRU,4
7,6.91888608828754e-05,3,GRU,4
8,3.834688970495676e-05,3,GRU,4
9,-8.344663003786399e-05,3,GRU,4
10,-3.296776294967108e-05,3,GRU,4
1,-0.00021204121719397163,3,GRU,5
2,-6.982221828497821e-05,3,GRU,5
3,-0.00030132871174630405,3,GRU,5
4,-0.00020288818506024426,3,GRU,5
5,-3.999806512463092e-05,3,GRU,5
6,2.8323861769012097e-05,3,GRU,5
7,0.00010587628566141243,3,GRU,5
8,1.9529986224580513e-05,3,GRU,5
9,-5.259894859378607e-05,3,GRU,5
10,4.18852080315698e-05,3,GRU,5
1,0.0002324394723670236,4,Ridge,1
2,0.0002770084796733721,4,Ridge,1
3,0.00032565053730340015,4,Ridge,1
4,0.00012442814407137988,4,Ridge,1
5,0.00022550408819158675,4,Ridge,1
6,0.0001651458915714255,4,Ridge,1
7,5.836079652293095e-05,4,Ridge,1
8,0.00013953231383475448,4,Ridge,1
9,9.152467074208301e-05,4,Ridge,1
10,0.00012147543485683918,4,Ridge,1
1,0.0002252823590489473,4,LightGBM,1
2,0.00010843664494709828,4,LightGBM,1
3,0.00029066854896795383,4,LightGBM,1
4,0.0002490901592923874,4,LightGBM,1
5,0.00016001487245791623,4,LightGBM,1
6,0.00013622684846964186,4,LightGBM,1
7,6.343248052734315e-05,4,LightGBM,1
8,0.00020637180269250424,4,LightGBM,1
9,0.00011364047667996613,4,LightGBM,1
10,0.00019469356328294645,4,LightGBM,1
1,7.900535272495822e-05,4,MLP,1
2,0.00024258337082746917,4,MLP,1
3,0.0002758617834140781,4,MLP,1
4,0.00021160423168004378,4,MLP,1
5,0.00016531604603852644,4,MLP,1
6,0.00014695649488273587,4,MLP,1
7,0.00019185348000258634,4,MLP,1
8,0.00021509281623888964,4,MLP,1
9,2.0499991696266648e-05,4,MLP,1
10,0.00018911307541194484,4,MLP,1
1,0.00020216226351193228,4,MLP,2
2,0.0002719993264185987,4,MLP,2
3,0.000324163510354931,4,MLP,2
4,0.00025964734859521124,4,MLP,2
5,0.0001408922348602408,4,MLP,2
6,0.00010443474107912494,4,MLP,2
7,0.00028846487095282315,4,MLP,2
8,-3.183272746453626e-05,4,MLP,2
9,0.0001449085543276896,4,MLP,2
10,5.901096876311487e-05,4,MLP,2
1,0.00016590939967031667,4,MLP,3
2,0.00026025895062852157,4,MLP,3
3,0.0003624158274701509,4,MLP,3
4,0.0003623641780699583,4,MLP,3
5,0.00010589464574295942,4,MLP,3
6,0.00011193305900223777,4,MLP,3
7,5.424103278519638e-05,4,MLP,3
8,0.00018081115574929553,4,MLP,3
9,4.0555947069120874e-05,4,MLP,3
10,0.00010919439104969154,4,MLP,3
1,0.00015931401119233495,4,MLP,4
2,0.0002170906053971832,4,MLP,4
3,0.00027987575141245105,4,MLP,4
4,0.0002631358382850829,4,MLP,4
5,0.0002782100171239824,4,MLP,4
6,0.00010991447344827561,4,MLP,4
7,0.00019064574381756698,4,MLP,4
8,0.00013173328458354158,4,MLP,4
9,-4.811994426293592e-05,4,MLP,4
10,0.00015948038583709829,4,MLP,4
1,8.156699194189669e-05,4,MLP,5
2,0.0003983543425265844,4,MLP,5
3,0.0002968334775064029,4,MLP,5
4,0.0001341210015053729,4,MLP,5
5,0.00012456738002201273,4,MLP,5
6,0.00024089088245660264,4,MLP,5
7,3.711757759229503e-05,4,MLP,5
8,0.00011782731877985518,4,MLP,5
9,0.00013218266099487876,4,MLP,5
10,0.00018302879481563956,4,MLP,5
1,0.00014311011482676924,4,GRU,1
2,0.00036017621113266883,4,GRU,1
3,0.0001593311932050049,4,GRU,1
4,0.0002949464590040561,4,GRU,1
5,0.00019530040945797648,4,GRU,1
6,0.00016833117185714242,4,GRU,1
7,9.43567562361356e-05,4,GRU,1
8,0.00014238107031760468,4,GRU,1
9,0.00011169854664804068,4,GRU,1
10,6.441480848446149e-05,4,GRU,1
1,3.0515062821197705e-05,4,GRU,2
2,0.00038944992797517597,4,GRU,2
3,0.00016271176772276203,4,GRU,2
4,0.0002394636489449332,4,GRU,2
5,0.00020206748914680547,4,GRU,2
6,0.00025770700696468727,4,GRU,2
7,6.197008673202903e-05,4,GRU,2
8,0.00016383254417169527,4,GRU,2
9,6.983088471728686e-05,4,GRU,2
10,0.00016201101256815704,4,GRU,2
1,1.682708231096106e-05,4,GRU,3
2,0.0001583677863014236,4,GRU,3
3,0.0003022460228309336,4,GRU,3
4,0.0002932748189546569,4,GRU,3
5,0.00027366354987434647,4,GRU,3
6,0.0002385566325178843,4,GRU,3
7,0.00014692166951369462,4,GRU,3
8,0.0001897761749153111,4,GRU,3
9,4.056016380074824e-05,4,GRU,3
10,7.92747739084264e-05,4,GRU,3
1,9.374728636744587e-05,4,GRU,4
2,0.0002004085882271903,4,GRU,4
3,0.00020690411942514902,4,GRU,4
4,0.0003543682369501226,4,GRU,4
5,0.0003836525820565308,4,GRU,4
6,0.00012741694103074558,4,GRU,4
7,0.00010804399713181602,4,GRU,4
8,0.00012514346429938315,4,GRU,4
9,6.950799580784842e-05,4,GRU,4
10,6.419466418668798e-05,4,GRU,4
1,0.00010865468495915125,4,GRU,5
2,0.000269365136152617,4,GRU,5
3,0.0003199522947787652,4,GRU,5
4,0.00030521640288861236,4,GRU,5
5,0.00015052530548078844,4,GRU,5
6,0.0001522044767870981,4,GRU,5
7,0.0001771699443969964,4,GRU,5
8,0.00012115960319118137,4,GRU,5
9,1.6496807814583085e-05,4,GRU,5
10,0.00011597014319416218,4,GRU,5
1,3.1987433586225975e-05,5,Ridge,1
2,0.00010472607135298706,5,Ridge,1
3,0.00015171101905976718,5,Ridge,1
4,5.260011051455289e-05,5,Ridge,1
5,0.0001641621206915112,5,Ridge,1
6,9.710152899897725e-05,5,Ridge,1
7,8.371781741123561e-05,5,Ridge,1
8,5.953341624133572e-05,5,Ridge,1
9,0.00012158149269993971,5,Ridge,1
10,0.0001482957593365989,5,Ridge,1
1,-8.847141249866272e-05,5,LightGBM,1
2,0.00018470392562995618,5,LightGBM,1
3,2.6529612793601462e-05,5,LightGBM,1
4,8.397122285578496e-05,5,LightGBM,1
5,0.0002297102021892756,5,LightGBM,1
6,0.00010396942713554489,5,LightGBM,1
7,5.679223467106298e-05,5,LightGBM,1
8,5.6099245347137917e-05,5,LightGBM,1
9,0.00020544950979240042,5,LightGBM,1
10,0.00014330114141642767,5,LightGBM,1
1,4.3325939359841834e-05,5,MLP,1
2,0.00010547045461169747,5,MLP,1
3,6.465256035211598e-05,5,MLP,1
4,5.766274917287439e-05,5,MLP,1
5,0.00012004450669174232,5,MLP,1
6,7.17763043136144e-05,5,MLP,1
7,6.75862450200728e-05,5,MLP,1
8,0.0001523429526013198,5,MLP,1
9,0.0001328441452700106,5,MLP,1
10,0.0001910739051392422,5,MLP,1
1,-5.8815650106485015e-05,5,MLP,2
2,8.537056278144263e-05,5,MLP,2
3,0.00011016960462711822,5,MLP,2
4,0.00011871054989727109,5,MLP,2
5,0.00010984788119659209,5,MLP,2
6,0.00020844374809289763,5,MLP,2
7,6.807005206238154e-05,5,MLP,2
8,0.0002400889728617088,5,MLP,2
9,1.1255408494814751e-05,5,MLP,2
10,0.00012192646158536609,5,MLP,2
1,5.139541991667899e-05,5,MLP,3
2,0.00012170166614606735,5,MLP,3
3,0.00012581496837449634,5,MLP,3
4,-1.2424619295988518e-05,5,MLP,3
5,2.2412808757804428e-05,5,MLP,3
6,0.00015822687811524217,5,MLP,3
7,0.00012300925685493496,5,MLP,3
8,0.00022428781015762275,5,MLP,3
9,7.785715575484673e-05,5,MLP,3
10,0.0001269783682748566,5,MLP,3
1,2.2037099277917277e-05,5,MLP,4
2,7.451613959697911e-05,5,MLP,4
3,6.511579234022222e-05,5,MLP,4
4,3.113752477502709e-05,5,MLP,4
5,3.906678822199893e-05,5,MLP,4
6,0.00014178408701051557,5,MLP,4
7,0.00020475772753669286,5,MLP,4
8,0.00019688581527938488,5,MLP,4
9,0.00011090065743536349,5,MLP,4
10,0.0001315444906824051,5,MLP,4
1,-4.264860414412303e-06,5,MLP,5
2,9.809478482667233e-05,5,MLP,5
3,7.382277562445794e-05,5,MLP,5
4,9.225976333556465e-05,5,MLP,5
5,0.0001369840218620868,5,MLP,5
6,0.00018708071822227224,5,MLP,5
7,6.565170342542285e-05,5,MLP,5
8,0.00011394520457256895,5,MLP,5
9,0.00010929722465144623,5,MLP,5
10,0.00014037156291584068,5,MLP,5
1,5.1126261216538795e-05,5,GRU,1
2,-7.590435779688217e-05,5,GRU,1
3,0.00013123116774185707,5,GRU,1
4,6.443440004062842e-05,5,GRU,1
5,0.00011935093341382404,5,GRU,1
6,0.00012978617314010008,5,GRU,1
7,0.00014818529985421349,5,GRU,1
8,0.0001895433582865194,5,GRU,1
9,9.240620358808873e-05,5,GRU,1
10,0.0001602459967335031,5,GRU,1
1,-2.561441774010116e-05,5,GRU,2
2,0.00013407053412782427,5,GRU,2
3,3.820616368885998e-05,5,GRU,2
4,0.00018492677360352463,5,GRU,2
5,7.54741971253034e-05,5,GRU,2
6,9.440806293466106e-05,5,GRU,2
7,0.00011675056565768982,5,GRU,2
8,0.00020301925011502432,5,GRU,2
9,0.0001544153730407353,5,GRU,2
10,5.491567735016552e-05,5,GRU,2
1,1.090156251523732e-05,5,GRU,3
2,1.3047929777846498e-06,5,GRU,3
3,3.740563922602009e-05,5,GRU,3
4,4.7830900926732456e-05,5,GRU,3
5,0.00019416664788608404,5,GRU,3
6,0.00021415236636995332,5,GRU,3
7,0.00012593977778696316,5,GRU,3
8,0.0001609240737202785,5,GRU,3
9,0.00015844790325435966,5,GRU,3
10,6.797000102747577e-05,5,GRU,3
1,-3.441906625201664e-05,5,GRU,4
2,7.214026788126911e-05,5,GRU,4
3,3.816768697530559e-05,5,GRU,4
4,0.00013916341666814967,5,GRU,4
5,0.00012021331908813011,5,GRU,4
6,0.00022731952599953155,5,GRU,4
7,-1.5622985566897937e-05,5,GRU,4
8,0.000180334550022406,5,GRU,4
9,0.0002057090605153026,5,GRU,4
10,8.008917312869202e-05,5,GRU,4
1,-7.29792225323748e-05,5,GRU,5
2,5.394682333903191e-05,5,GRU,5
3,0.00020803709349767437,5,GRU,5
4,0.00016941118691251553,5,GRU,5
5,0.00016092285670549252,5,GRU,5
6,-3.934190005346293e-05,5,GRU,5
7,0.00016788326204437051,5,GRU,5
8,0.00011847739818178264,5,GRU,5
9,0.00014302191586097122,5,GRU,5
10,0.00010105665217686968,5,GRU,5
1,0.0007600876902684528,6,Ridge,1
2,0.0003114661811578672,6,Ridge,1
3,0.00034785700951521915,6,Ridge,1
4,0.0002171398240880176,6,Ridge,1
5,0.0002597133266591404,6,Ridge,1
6,0.0002795411928089188,6,Ridge,1
7,6.771841833928836e-05,6,Ridge,1
8,0.0001655856115351025,6,Ridge,1
9,4.0828644711788306e-05,6,Ridge,1
10,-6.791155566303004e-05,6,Ridge,1
1,0.0005254129949582829,6,LightGBM,1
2,0.00032098296895421844,6,LightGBM,1
3,0.00012447841746277607,6,LightGBM,1
4,0.00015121020267579426,6,LightGBM,1
5,0.0001447585350966348,6,LightGBM,1
6,0.00018165652603480877,6,LightGBM,1
7,0.00022081439085927317,6,LightGBM,1
8,0.00029183534567494315,6,LightGBM,1
9,0.0001159629478010601,6,LightGBM,1
10,0.0002666365205201225,6,LightGBM,1
1,0.00020577773369001462,6,MLP,1
2,0.00032724884632791414,6,MLP,1
3,0.00027657244074270334,6,MLP,1
4,0.00012232647537651048,6,MLP,1
5,0.00029972782459389513,6,MLP,1
6,0.00019874628860469111,6,MLP,1
7,0.0002263872847575746,6,MLP,1
8,0.00021880395879021242,6,MLP,1
9,0.00027535196086941644,6,MLP,1
10,0.0001783443597198359,6,MLP,1
1,0.00033845233112134865,6,MLP,2
2,0.00046815521917443326,6,MLP,2
3,0.00025908615645743225,6,MLP,2
4,9.70340083527032e-05,6,MLP,2
5,0.00027558904213919054,6,MLP,2
6,0.00019181381469263436,6,MLP,2
7,0.000169931972069339,6,MLP,2
8,8.075070891622853e-05,6,MLP,2
9,0.00023812894943752854,6,MLP,2
10,0.0002212449711102673,6,MLP,2
1,0.00025991678446685173,6,MLP,3
2,0.0003923824255729159,6,MLP,3
3,0.00020772528516820794,6,MLP,3
4,0.0001780439832170179,6,MLP,3
5,0.0002579250501917359,6,MLP,3
6,0.00018694070101094541,6,MLP,3
7,0.0003280989741112447,6,MLP,3
8,0.000191761024076016,6,MLP,3
9,0.00010343928201300207,6,MLP,3
10,0.00022762486084517545,6,MLP,3
1,0.0003080651809999068,6,MLP,4
2,0.0002456438589568613,6,MLP,4
3,0.00024355549611063088,6,MLP,4
4,0.00021632558560352678,6,MLP,4
5,0.00021497867922314832,6,MLP,4
6,0.0002525764063153061,6,MLP,4
7,0.00017743925800631433,6,MLP,4
8,0.0001324313478980616,6,MLP,4
9,0.00024635062342606424,6,MLP,4
10,0.00029909073587699325,6,MLP,4
1,0.0004978755358978057,6,MLP,5
2,3.2327913633410293e-06,6,MLP,5
3,0.0004273398753085344,6,MLP,5
4,0.00022656583895968804,6,MLP,5
5,0.00022121918318395827,6,MLP,5
6,8.963979698280857e-05,6,MLP,5
7,0.00020386722331581903,6,MLP,5
8,0.0002547874454239256,6,MLP,5
9,4.612336340151641e-05,6,MLP,5
10,0.00037186453763200404,6,MLP,5
1,0.00043644981017039734,6,GRU,1
2,0.0001496170916698326,6,GRU,1
3,0.0001306950076342932,6,GRU,1
4,0.00027029205091156977,6,GRU,1
5,0.00013175526572094858,6,GRU,1
6,0.00014495798940800727,6,GRU,1
7,0.0003033980800016918,6,GRU,1
8,0.00021400940562846322,6,GRU,1
9,0.00015665644196127972,6,GRU,1
10,0.00039600007659887945,6,GRU,1
1,0.0004330736489909087,6,GRU,2
2,0.0001407908275108796,6,GRU,2
3,0.00025139540412739465,6,GRU,2
4,5.763945688591421e-05,6,GRU,2
5,0.00019418127551659652,6,GRU,2
6,0.00015706534698885105,6,GRU,2
7,0.0001533061944433304,6,GRU,2
8,0.0001832479120812658,6,GRU,2
9,0.0002815400451405647,6,GRU,2
10,0.00046934275928436534,6,GRU,2
1,0.0004172182288707943,6,GRU,3
2,0.0002328684359199514,6,GRU,3
3,0.00016413305201355886,6,GRU,3
4,0.00018908594155190737,6,GRU,3
5,5.014260824909855e-05,6,GRU,3
6,7.872350397227573e-05,6,GRU,3
7,0.00017975493176408295,6,GRU,3
8,0.0002798840604854495,6,GRU,3
9,0.00034360152026602597,6,GRU,3
10,0.000402271490816696,6,GRU,3
1,0.0002698093489943534,6,GRU,4
2,0.00020199650924798096,6,GRU,4
3,0.00031173984071121734,6,GRU,4
4,7.48444421248772e-05,6,GRU,4
5,0.00011893391619112849,6,GRU,4
6,0.00022253963622198027,6,GRU,4
7,0.0002942061626172186,6,GRU,4
8,0.00020308586800745157,6,GRU,4
9,0.00021800802727571454,6,GRU,4
10,0.00041478595585158796,6,GRU,4
1,0.00033307341490255304,6,GRU,5
2,0.00023941097392337488,6,GRU,5
3,0.00016889848662679564,6,GRU,5
4,0.00025805507928312426,6,GRU,5
5,5.862959964178012e-05,6,GRU,5
6,0.00018732692031654883,6,GRU,5
7,0.00024694619469155954,6,GRU,5
8,0.00021306518831178969,6,GRU,5
9,0.0003191465525734544,6,GRU,5
10,0.0003226030203657285,6,GRU,5
1,0.0002081476728273982,7,Ridge,1
2,0.00028489986998369633,7,Ridge,1
3,0.0004628642310149778,7,Ridge,1
4,0.00020306883874262466,7,Ridge,1
5,0.0002519489020322019,7,Ridge,1
6,0.00038515366289863524,7,Ridge,1
7,0.0002609350612546346,7,Ridge,1
8,0.00032812536526822953,7,Ridge,1
9,0.0002717490245916178,7,Ridge,1
10,0.00013814587394111533,7,Ridge,1
1,0.0002567380438496133,7,LightGBM,1
2,0.0001917946182979392,7,LightGBM,1
3,0.0002346456960294885,7,LightGBM,1
4,0.00021314924837153147,7,LightGBM,1
5,0.0002635973479885944,7,LightGBM,1
6,0.0002472686196456128,7,LightGBM,1
7,0.0003476794563087488,7,LightGBM,1
8,0.00042600718592115624,7,LightGBM,1
9,0.0002839414360258348,7,LightGBM,1
10,0.00030339730755100583,7,LightGBM,1
1,3.527074907885408e-05,7,MLP,1
2,0.00041648829815784245,7,MLP,1
3,0.0003200310126559307,7,MLP,1
4,0.0002140379935098552,7,MLP,1
5,0.0002934594682716746,7,MLP,1
6,0.0003338823293990301,7,MLP,1
7,0.00024604636538679274,7,MLP,1
8,0.00031889939747343604,7,MLP,1
9,0.0003685343553958794,7,MLP,1
10,0.00021702200982453695,7,MLP,1
1,0.00012584440956964224,7,MLP,2
2,0.0003838673907450505,7,MLP,2
3,0.00018599846147052197,7,MLP,2
4,0.00033573608463725386,7,MLP,2
5,0.00033628187346780683,7,MLP,2
6,0.0003710856507177353,7,MLP,2
7,0.0002991160698289397,7,MLP,2
8,0.0002470073765865863,7,MLP,2
9,0.00024077509347740158,7,MLP,2
10,0.0002398404927860954,7,MLP,2
1,0.00012316308468128393,7,MLP,3
2,0.0004140108053557434,7,MLP,3
3,0.00014553911202295006,7,MLP,3
4,0.0002939077418896361,7,MLP,3
5,0.00039337067790335084,7,MLP,3
6,0.0003841988075683609,7,MLP,3
7,0.0002989669893595242,7,MLP,3
8,0.00024081962794468385,7,MLP,3
9,0.0002253546709833451,7,MLP,3
10,0.0002453987909052008,7,MLP,3
1,0.0001503912502825994,7,MLP,4
2,0.0002356693286533591,7,MLP,4
3,0.00027291739974730423,7,MLP,4
4,0.00031543098500963815,7,MLP,4
5,0.0002994199826315048,7,MLP,4
6,0.00034056439327886977,7,MLP,4
7,0.00031645684274197533,7,MLP,4
8,0.00020943175603272115,7,MLP,4
9,0.0003035400760041292,7,MLP,4
10,0.0003223074244177196,7,MLP,4
1,0.00013903807630655902,7,MLP,5
2,0.00032157995701084867,7,MLP,5
3,0.00027737539048628773,7,MLP,5
4,0.00041464743214848364,7,MLP,5
5,0.0002389140530468698,7,MLP,5
6,0.0003515275433817403,7,MLP,5
7,0.0003160720820699462,7,MLP,5
8,0.00023913496553226084,7,MLP,5
9,0.00026182316146164267,7,MLP,5
10,0.00021696590686683568,7,MLP,5
1,0.00011103693969519234,7,GRU,1
2,0.0003523230446243673,7,GRU,1
3,0.00023918967115250868,7,GRU,1
4,0.0003170876797661385,7,GRU,1
5,0.0002833514427313772,7,GRU,1
6,0.00024776333325020306,7,GRU,1
7,0.00032516129099927554,7,GRU,1
8,0.00029703578376209187,7,GRU,1
9,0.00022398619246620405,7,GRU,1
10,0.00036259888125019424,7,GRU,1
1,0.000116022909773118,7,GRU,2
2,0.00018335911300467153,7,GRU,2
3,0.0003925331826557945,7,GRU,2
4,0.0003773215201459362,7,GRU,2
5,0.0002350435014775755,7,GRU,2
6,0.00027798550633897066,7,GRU,2
7,0.0003105854379612736,7,GRU,2
8,0.00030809500368855595,7,GRU,2
9,0.00029723696334435317,7,GRU,2
10,0.0002887744684043559,7,GRU,2
1,6.673179838242892e-05,7,GRU,3
2,0.00033605950629832893,7,GRU,3
3,0.00029395033267276934,7,GRU,3
4,0.0003190654652880623,7,GRU,3
5,0.0002531886687299676,7,GRU,3
6,0.00033673814897842416,7,GRU,3
7,0.0002906765167994566,7,GRU,3
8,0.0003425679556995939,7,GRU,3
9,0.0002110430263475635,7,GRU,3
10,0.0003147148086636228,7,GRU,3
1,0.00010409469883652974,7,GRU,4
2,0.00018873099025684432,7,GRU,4
3,0.0003353658270753775,7,GRU,4
4,0.0003920980080590447,7,GRU,4
5,0.00019081827152333077,7,GRU,4
6,0.00036430536772494684,7,GRU,4
7,0.000385166263108511,7,GRU,4
8,0.0002963835967245127,7,GRU,4
9,0.00021019317982368547,7,GRU,4
10,0.0003095092847379127,7,GRU,4
1,4.3973059432763534e-05,7,GRU,5
2,0.00036738760479401006,7,GRU,5
3,0.0003422078561780873,7,GRU,5
4,0.0003974326986563027,7,GRU,5
5,0.00016981629737622278,7,GRU,5
6,0.0003555470108024122,7,GRU,5
7,0.0002828404540670626,7,GRU,5
8,0.0002660304750919488,7,GRU,5
9,0.0002144378038213531,7,GRU,5
10,0.00032997812184821845,7,GRU,5
1,-3.8711440442426856e-05,8,Ridge,1
2,-2.899916050954492e-05,8,Ridge,1
3,-9.098002234820461e-05,8,Ridge,1
4,-1.2654265918265265e-05,8,Ridge,1
5,1.3358059206305484e-05,8,Ridge,1
6,7.062134080935914e-05,8,Ridge,1
7,-3.100524027509865e-05,8,Ridge,1
8,-3.9437966705120686e-05,8,Ridge,1
9,-9.3916640629332e-05,8,Ridge,1
10,-3.7613156470139527e-06,8,Ridge,1
1,-0.00011673758533780673,8,LightGBM,1
2,-2.162203685280937e-06,8,LightGBM,1
3,2.601715632949121e-05,8,LightGBM,1
4,-9.065314535687384e-05,8,LightGBM,1
5,3.7381231539140955e-05,8,LightGBM,1
6,5.4706004928653766e-05,8,LightGBM,1
7,4.889214911651887e-05,8,LightGBM,1
8,-4.748388837298603e-05,8,LightGBM,1
9,-0.00011951062476032598,8,LightGBM,1
10,-5.078896901570484e-05,8,LightGBM,1
1,-2.1134334966277532e-05,8,MLP,1
2,-2.597890143621337e-05,8,MLP,1
3,-5.2681955437834344e-05,8,MLP,1
4,6.78966834137917e-05,8,MLP,1
5,-5.7548830088297183e-05,8,MLP,1
6,-6.445645240148889e-05,8,MLP,1
7,-0.00011251114553204963,8,MLP,1
8,4.0042071063303964e-05,8,MLP,1
9,1.720398923040242e-05,8,MLP,1
10,-3.768626675834164e-05,8,MLP,1
1,-7.983220236655359e-05,8,MLP,2
2,7.667559174929437e-05,8,MLP,2
3,1.4445795740438377e-05,8,MLP,2
4,-6.061826586925239e-05,8,MLP,2
5,-7.004987611543422e-05,8,MLP,2
6,-3.1197671883513635e-05,8,MLP,2
7,1.4814860745003714e-05,8,MLP,2
8,-6.783044479599055e-05,8,MLP,2
9,-6.55858305533503e-05,8,MLP,2
10,-9.355669712965226e-06,8,MLP,2
1,-0.00013653602407105194,8,MLP,3
2,8.90501805196709e-05,8,MLP,3
3,-5.820221868662202e-06,8,MLP,3
4,-0.00011409067539330778,8,MLP,3
5,9.34246561669197e-05,8,MLP,3
6,-4.705295155166533e-06,8,MLP,3
7,-0.00015536337914570498,8,MLP,3
8,-9.931424537026277e-06,8,MLP,3
9,-1.0459803755033534e-05,8,MLP,3
10,-9.449206864127088e-06,8,MLP,3
1,-0.00019492541369229871,8,MLP,4
2,0.00019690233779575997,8,MLP,4
3,0.000154867550770454,8,MLP,4
4,-2.5401325565509908e-05,8,MLP,4
5,-8.749441324391793e-05,8,MLP,4
6,-8.932895997600233e-05,8,MLP,4
7,8.306736103013843e-06,8,MLP,4
8,-7.611604024841897e-05,8,MLP,4
9,-5.411417969913512e-05,8,MLP,4
10,-9.746516705482618e-05,8,MLP,4
1,-0.0001863298833799681,8,MLP,5
2,0.00015933326336002693,8,MLP,5
3,1.6450385317428612e-05,8,MLP,5
4,-7.352378728535261e-05,8,MLP,5
5,5.780314496965406e-05,8,MLP,5
6,-5.142792887923259e-05,8,MLP,5
7,-7.32273524299642e-05,8,MLP,5
8,7.718109380244798e-05,8,MLP,5
9,-0.00014050111520775375,8,MLP,5
10,-3.780966446432062e-05,8,MLP,5
1,7.861699519177366e-06,8,GRU,1
2,9.582955901739746e-05,8,GRU,1
3,-9.674142515364216e-05,8,GRU,1
4,-2.6470029860060824e-05,8,GRU,1
5,9.116484781691152e-05,8,GRU,1
6,-5.265797918070243e-05,8,GRU,1
7,-7.460830775508777e-05,8,GRU,1
8,-3.6835737994997716e-05,8,GRU,1
9,-6.808133803423564e-05,8,GRU,1
10,-8.786098333891309e-05,8,GRU,1
1,0.000147766050451592,8,GRU,2
2,0.00011634857019452666,8,GRU,2
3,-0.00012012351283754819,8,GRU,2
4,-7.316422565513232e-05,8,GRU,2
5,7.35785808920689e-07,8,GRU,2
6,1.6399131104658417e-05,8,GRU,2
7,-0.00017270609807205204,8,GRU,2
8,-9.365591669675524e-05,8,GRU,2
9,-2.6395495799869426e-05,8,GRU,2
10,-3.835891737467348e-05,8,GRU,2
1,-0.0001142056349000874,8,GRU,3
2,0.0001731365298621045,8,GRU,3
3,-0.00012773146532513792,8,GRU,3
4,5.6207817100307275e-05,8,GRU,3
5,-8.864581177657988e-05,8,GRU,3
6,0.00014258910481191562,8,GRU,3
7,-5.192356799515597e-05,8,GRU,3
8,-0.00013472052861291406,8,GRU,3
9,-5.513948810347644e-05,8,GRU,3
10,-5.396741686470252e-05,8,GRU,3
1,-6.567333036913162e-05,8,GRU,4
2,8.79530328874157e-05,8,GRU,4
3,1.4176438524624353e-05,8,GRU,4
4,-8.735827864892761e-05,8,GRU,4
5,-6.509163930930522e-05,8,GRU,4
6,5.84309333930454e-05,8,GRU,4
7,-5.807449035957556e-05,8,GRU,4
8,-4.673032436811246e-05,8,GRU,4
9,-2.6225862636981064e-05,8,GRU,4
10,-6.74494424943334e-05,8,GRU,4
1,3.6798362442401106e-05,8,GRU,5
2,-5.103636841974248e-05,8,GRU,5
3,-6.45071092993778e-05,8,GRU,5
4,-7.72796433388262e-05,8,GRU,5
5,0.00012632855221509035,8,GRU,5
6,1.0563884746902228e-05,8,GRU,5
7,-5.672060382803247e-05,8,GRU,5
8,-0.00017105922302667378,8,GRU,5
9,-3.2849000374321856e-06,8,GRU,5
10,9.408561895053171e-06,8,GRU,5
