window,model,protocol,seed_index,rank_ic,icir,long_short,ic_observations
1,Ridge,canonical,1,0.09470363538949234,0.6478769393260969,0.0008689195260305138,615
1,Ridge,delayed,1,0.016136974568609,0.11211569406430467,-0.00012336078062750845,615
1,LightGBM,canonical,1,0.10682656459604849,0.7743312156780032,0.0014736364593280152,615
1,LightGBM,delayed,1,0.02634628411230912,0.198770217360129,0.00023518364568601505,615
1,MLP,canonical,1,0.09953955112886821,0.7039344184862877,0.0011915709919461817,615
1,MLP,canonical,2,0.10135323033476729,0.627300247409624,0.0011558813937239366,615
1,MLP,canonical,3,0.10476951150084766,0.6841971402643768,0.0012907467315421781,615
1,MLP,canonical,4,0.10165385835809487,0.6193097060570903,0.0009768516704113668,615
1,MLP,canonical,5,0.10085481336500825,0.6577912930217606,0.0012106546195349297,615
1,MLP,delayed,1,0.0192738790791533,0.13703459337461696,8.548974437827937e-05,615
1,MLP,delayed,2,0.025356005596060355,0.15692271412760142,9.747100269256908e-05,615
1,MLP,delayed,3,0.026954336055959274,0.178721995914687,0.00011266937578846933,615
1,MLP,delayed,4,0.02826506795117768,0.17210006798263616,6.972431595839919e-05,615
1,MLP,delayed,5,0.02432181460906781,0.1597070055076218,8.581153058568145e-05,615
1,GRU,canonical,1,0.1128322373671906,0.7670119253679026,0.0013754434778428717,615
1,GRU,canonical,2,0.1057666186296322,0.7167456728393623,0.0013587079132470175,615
1,GRU,canonical,3,0.1109503646717754,0.7458038796647526,0.0015750775025319165,615
1,GRU,canonical,4,0.10955557041567099,0.7236478747491781,0.001279638976290833,615
1,GRU,canonical,5,0.11184444148590034,0.7548177495427927,0.0014193437909369292,615
1,GRU,delayed,1,0.036536345649920886,0.25232240275240636,8.997609704154894e-05,615
1,GRU,delayed,2,0.03200070010520911,0.21772035744531879,0.00014761290507735023,615
1,GRU,delayed,3,0.0340148364616553,0.22810416401316783,0.00023203240318725503,615
1,GRU,delayed,4,0.032886387541491535,0.21761722905852993,-1.80690715112967e-05,615
1,GRU,delayed,5,0.03327806308766107,0.2227173398680565,0.00010683294158809722,615
2,Ridge,canonical,1,0.0946875738263629,0.5738729868551147,0.0009943226077003611,605
2,Ridge,delayed,1,0.02230129410491273,0.14321341111218858,-8.301097794823358e-05,605
2,LightGBM,canonical,1,0.10681850590857024,0.6786263903062336,0.0012741432947802427,605
2,LightGBM,delayed,1,0.029322910508396555,0.19702777471993885,-3.726594354207912e-05,605
2,MLP,canonical,1,0.08647614077963624,0.567680726228765,0.001021640290248605,605
2,MLP,canonical,2,0.09571851934034943,0.5276655479233784,0.000828056872076459,605
2,MLP,canonical,3,0.09950210629747755,0.5681155777419392,0.0011164866277682997,605
2,MLP,canonical,4,0.09309684550467781,0.5901082226297685,0.0010713625531581427,605
2,MLP,canonical,5,0.09989657017934257,0.5819331025409796,0.001045245333184913,605
2,MLP,delayed,1,0.023007393242638285,0.15791685655150386,2.7978307904211752e-05,605
2,MLP,delayed,2,0.03125472250305833,0.18481375835016497,-6.875532664755158e-05,605
2,MLP,delayed,3,0.03077065213437894,0.18769738181762755,3.633642701541341e-05,605
2,MLP,delayed,4,0.030068980655786805,0.1967085382696559,0.00015865899170480839,605
2,MLP,delayed,5,0.031019358383795055,0.19029517179438166,-6.311445552818987e-05,605
2,GRU,canonical,1,0.10507654170271122,0.6209179650970571,0.001414581464784086,605
2,GRU,canonical,2,0.10772566713497835,0.628030588401303,0.0013602884468197612,605
2,GRU,canonical,3,0.09990428995810036,0.5324743110379456,0.0011196918770157817,605
2,GRU,canonical,4,0.10336126414646282,0.586905388299233,0.0014520031617361584,605
2,GRU,canonical,5,0.10641055657709697,0.6085267180611131,0.0013712689033633318,605
2,GRU,delayed,1,0.03089045047140169,0.1963933682489054,0.00013278268895689947,605
2,GRU,delayed,2,0.03585969217925634,0.22516109995479144,0.00014906865622706938,605
2,GRU,delayed,3,0.03056478705271783,0.1759353755640954,-2.2715287529519754e-05,605
2,GRU,delayed,4,0.03396791432973556,0.2073115734602498,0.000198970448367448,605
2,GRU,delayed,5,0.03053542306013885,0.18776969226210305,1.941127175966262e-05,605
3,Ridge,canonical,1,0.09653864850097328,0.454814931725671,0.0012013577756225199,605
3,Ridge,delayed,1,0.0349034604430443,0.17035335275825084,0.0003547867726548691,605
3,LightGBM,canonical,1,0.10751001982357908,0.5395672100275564,0.0014540164403161857,605
3,LightGBM,delayed,1,0.04381605260669464,0.23026171244383664,0.00040088990761920655,605
3,MLP,canonical,1,0.10848636151607172,0.5340593082880856,0.0013342187232996737,605
3,MLP,canonical,2,0.1083623088183409,0.537105030593735,0.0013472759993359519,605
3,MLP,canonical,3,0.10828930177836742,0.5311064288592265,0.0014158038254998451,605
3,MLP,canonical,4,0.10321569738307088,0.537837144135629,0.00127390589892276,605
3,MLP,canonical,5,0.10355713323470456,0.5154838603266515,0.0013195049116417159,605
3,MLP,delayed,1,0.046945489540812096,0.24236484530947483,0.0004201312462306945,605
3,MLP,delayed,2,0.04334806729844138,0.2232149588000883,0.00032391930338483086,605
3,MLP,delayed,3,0.0462489683639888,0.24090271815474262,0.00038088904066923765,605
3,MLP,delayed,4,0.03893561146947347,0.21174486041242113,0.000366937718979966,605
3,MLP,delayed,5,0.04293400622885481,0.2258197747259492,0.0004811088509298926,605
3,GRU,canonical,1,0.10472785273508343,0.5320032943659468,0.0012637481138069642,605
3,GRU,canonical,2,0.11290744128941295,0.5344815910578565,0.001383527358857624,605
3,GRU,canonical,3,0.11461013861269975,0.5880518728089336,0.0016500906757782787,605
3,GRU,canonical,4,0.10041091749099135,0.5067811276155675,0.0012725556807356706,605
3,GRU,canonical,5,0.11006359965041766,0.5840992194403719,0.0013849136661807978,605
3,GRU,delayed,1,0.05232089329883423,0.283936903892765,0.0002176807469005078,605
3,GRU,delayed,2,0.05727913773354055,0.2844734268916345,0.00039591045910601034,605
3,GRU,delayed,3,0.048874355499186395,0.25963062102712064,0.0003957860397562842,605
3,GRU,delayed,4,0.04751198710078467,0.25649351729592546,0.0002521892301114769,605
3,GRU,delayed,5,0.05049132664302221,0.2828473241151933,0.00025392642522554143,605
4,Ridge,canonical,1,0.1063663855764898,0.570361328063466,0.0010364083781731984,605
4,Ridge,delayed,1,0.024264286943676643,0.13308464157231653,-0.00011096403751018442,605
4,LightGBM,canonical,1,0.1103569267806832,0.5950679991157947,0.0011971697604798521,605
4,LightGBM,delayed,1,0.03307389420275227,0.18729195422366293,-3.058879576600085e-05,605
4,MLP,canonical,1,0.11629231473647585,0.5845224398954537,0.001384769065763553,605
4,MLP,canonical,2,0.11429176765293811,0.5520555820657692,0.001092032760893705,605
4,MLP,canonical,3,0.11239820132494446,0.5301955188699086,0.001114881027297844,605
4,MLP,canonical,4,0.11685075552693998,0.5387987039429278,0.001218880545367544,605
4,MLP,canonical,5,0.10131641293763691,0.5580619626711799,0.0011976842377605429,605
4,MLP,delayed,1,0.03805158354311263,0.19765704338658108,0.00011010772268698662,605
4,MLP,delayed,2,0.033557770320963055,0.1674981611122661,-0.00014315129474881742,605
4,MLP,delayed,3,0.03723092912522776,0.18238957284869073,-5.671500862062513e-05,605
4,MLP,delayed,4,0.03883006841904434,0.18438160411862053,1.6637464476333057e-07,605
4,MLP,delayed,5,0.029939260212146684,0.17172099394752594,0.00010146180287374287,605
4,GRU,canonical,1,0.11982917360504759,0.5847053731598771,0.001212239892303714,605
4,GRU,canonical,2,0.10886272852973014,0.5607611146396221,0.0012472958869259778,605
4,GRU,canonical,3,0.1223861756146363,0.5807559322888358,0.0013753325089521603,605
4,GRU,canonical,4,0.11695820452546107,0.5526829123170149,0.0012111164438726476,605
4,GRU,canonical,5,0.12068383661677402,0.5925173901886845,0.0012963348402868205,605
4,GRU,delayed,1,0.039047617271916274,0.19484969903786056,-7.869530634230775e-05,605
4,GRU,delayed,2,0.03938674035986795,0.2091055994738851,0.00013149594974695933,605
4,GRU,delayed,3,0.04381333673892849,0.211609047477887,6.244769159746534e-05,605
4,GRU,delayed,4,0.0396765302960692,0.19327190407834585,-2.9552622180757887e-05,605
4,GRU,delayed,5,0.04038963021130973,0.20312654010891504,7.315458235010924e-06,605
5,Ridge,canonical,1,0.0954835413338261,0.5185005717564017,0.001119319091900268,600
5,Ridge,delayed,1,0.027473624712085146,0.1580782358759672,0.00011630832575037291,600
5,LightGBM,canonical,1,0.10846242913072586,0.5663751084753615,0.0013923293582881599,600
5,LightGBM,delayed,1,0.03713305615392586,0.19957247093323494,0.00023177255391509038,600
5,MLP,canonical,1,0.10135121770112475,0.5263958429580432,0.001039042720625451,600
5,MLP,canonical,2,0.10349590864361032,0.501285233915908,0.0011060134807555362,600
5,MLP,canonical,3,0.10520099646493021,0.5490380334779634,0.0011485360559553366,600
5,MLP,canonical,4,0.10592406693394153,0.5436421166824725,0.0010621546288350824,600
5,MLP,canonical,5,0.10400924262397339,0.5166710769847386,0.0010946255855223445,600
5,MLP,delayed,1,0.033944402997228514,0.18436745409663882,0.00014774796577940035,600
5,MLP,delayed,2,0.039636948241286774,0.1997493070053009,0.0001807421116918511,600
5,MLP,delayed,3,0.03638476575356904,0.1938192273953849,7.558294835817761e-05,600
5,MLP,delayed,4,0.03881641509586702,0.20756350880802987,0.00010950739140448782,600
5,MLP,delayed,5,0.03887032721901855,0.2005234703872493,0.00014463642333025298,600
5,GRU,canonical,1,0.11066706808891706,0.5191431655531823,0.0011825331268817871,600
5,GRU,canonical,2,0.10701547257470372,0.4634910882817197,0.0010952299549112279,600
5,GRU,canonical,3,0.11312162908561854,0.5270458998292368,0.0011777712815507846,600
5,GRU,canonical,4,0.11360449650885347,0.5247527118304516,0.0012437413834373834,600
5,GRU,canonical,5,0.10794846162432861,0.4873303794591515,0.0012157698900200264,600
5,GRU,delayed,1,0.04533756442929409,0.21609239690112467,0.0001091197355169643,600
5,GRU,delayed,2,0.046406577650015705,0.20638908895445318,8.053009509026668e-05,600
5,GRU,delayed,3,0.0457946943011991,0.22073627234862273,5.7068438512238446e-05,600
5,GRU,delayed,4,0.04564474010184116,0.22025827776321985,0.00011450823938070865,600
5,GRU,delayed,5,0.043786491300221816,0.20212571655895192,0.0001740358747092445,600
6,Ridge,canonical,1,0.07818901893255316,0.3643421041487351,-0.0001719501185322076,605
6,Ridge,delayed,1,0.03154737092849744,0.15330871435567997,-0.0008279992459314828,605
6,LightGBM,canonical,1,0.09438365837829991,0.4221008712640542,0.0006279401897109446,605
6,LightGBM,delayed,1,0.044736090184527275,0.2092818304150101,-0.0002587764744381604,605
6,MLP,canonical,1,0.04375881289711029,0.2611219113512997,0.0006142212048057235,605
6,MLP,canonical,2,0.09360411609734602,0.4244514557462544,0.0007290478705556638,605
6,MLP,canonical,3,0.08990567378151357,0.42959024796598677,0.0007630419723305199,605
6,MLP,canonical,4,0.09905297082457086,0.43199384378001626,0.000810412991276065,605
6,MLP,canonical,5,0.0889543237441217,0.4433780676691813,0.000756091230447914,605
6,MLP,delayed,1,0.0038490322427258803,0.023932545249287118,-2.743337397017871e-05,605
6,MLP,delayed,2,0.04412385760714392,0.20783735552985824,-0.00011720736001108133,605
6,MLP,delayed,3,0.04262577570093946,0.21285228081355884,-3.2291923621676285e-05,605
6,MLP,delayed,4,0.050888536663485966,0.23120513911095783,-8.974445122913544e-06,605
6,MLP,delayed,5,0.03738441930328606,0.1968954071630405,-0.00012601099826580164,605
6,GRU,canonical,1,0.09622037280457141,0.4221150863477974,0.0007636038960013405,605
6,GRU,canonical,2,0.10809591961015101,0.48752690730023357,0.0009946413803426685,605
6,GRU,canonical,3,0.10402253232308666,0.4767678975442304,0.0008803268792799006,605
6,GRU,canonical,4,0.10900766488095515,0.4987687753988768,0.001188086643559287,605
6,GRU,canonical,5,0.10588384829864751,0.4801196637174635,0.0009362198445190809,605
6,GRU,delayed,1,0.05321014017509842,0.24297624145487076,-4.0449733571517894e-05,605
6,GRU,delayed,2,0.05493562661811406,0.2584131286887088,3.626911029345662e-05,605
6,GRU,delayed,3,0.05397641953859765,0.2581904979228134,-1.4946738054098308e-05,605
6,GRU,delayed,4,0.05453120114093266,0.2596219180825164,0.00014497660685723455,605
6,GRU,delayed,5,0.05454493159242735,0.25684918080424585,-1.0470394536824543e-05,605
7,Ridge,canonical,1,0.08814427761009641,0.4750395981041585,0.00048023442897065165,615
7,Ridge,delayed,1,0.03772695195859628,0.21191513843796594,-7.000179888628287e-05,615
7,LightGBM,canonical,1,0.10112643948491802,0.5058101342975545,0.0006387366647537694,615
7,LightGBM,delayed,1,0.058398375163359696,0.2944142356552505,4.665926370139254e-05,615
7,MLP,canonical,1,0.10287895507566788,0.49163494137858643,0.000798817857642363,615
7,MLP,canonical,2,0.09995010471332968,0.46184081624035583,0.0007070856916923396,615
7,MLP,canonical,3,0.09967371640228614,0.457436792454045,0.0007072289519712419,615
7,MLP,canonical,4,0.10193051086978672,0.47068281614041213,0.000762263713381372,615
7,MLP,canonical,5,0.10149883983509812,0.4846374190902635,0.0006571517177287432,615
7,MLP,delayed,1,0.05790462413169166,0.28255872647716695,0.00018175126074568287,615
7,MLP,delayed,2,0.05633477165070234,0.2673041855618803,0.00011399608321645318,615
7,MLP,delayed,3,0.05860732816377544,0.2756705198464403,0.00012223570622391686,615
7,MLP,delayed,4,0.058760704877959494,0.2800008866915789,0.00017191617413512018,615
7,MLP,delayed,5,0.05482293607734946,0.26822911614229894,7.792783056027666e-05,615
7,GRU,canonical,1,0.10668744745547772,0.4832858996367257,0.0007610611714707661,615
7,GRU,canonical,2,0.11047626217476587,0.5216648608118867,0.0007079014388578751,615
7,GRU,canonical,3,0.1119642884774366,0.5092198023210064,0.0008125345303039768,615
7,GRU,canonical,4,0.11147921937351421,0.507207391170251,0.0007476333759580969,615
7,GRU,canonical,5,0.10702568203022371,0.4624395726959779,0.0007229841683340551,615
7,GRU,delayed,1,0.0661123016138303,0.301747660830012,0.0002515619415550019,615
7,GRU,delayed,2,0.0649229668993919,0.30854105425825107,0.00017275155863123788,615
7,GRU,delayed,3,0.06688642135336527,0.30996368629503246,0.0002479830102811939,615
7,GRU,delayed,4,0.06862590314022717,0.3193386059081157,0.00020541458590138295,615
7,GRU,delayed,5,0.06646524647449988,0.2946274473532891,0.0002860050624154549,615
8,Ridge,canonical,1,0.07574875340550029,0.33227981715780264,0.0003917463357648385,595
8,Ridge,delayed,1,0.04350308897571755,0.19610855133015806,3.4950124795412904e-05,595
8,LightGBM,canonical,1,0.0776691103388433,0.32038323839205624,0.0005526060526587312,595
8,LightGBM,delayed,1,0.04475278888542562,0.18664390376133946,6.594861632210189e-05,595
8,MLP,canonical,1,0.07428917600516068,0.32052387944705396,0.0005059778097488469,595
8,MLP,canonical,2,0.07888828410338665,0.30740397238853734,0.0005082980182049189,595
8,MLP,canonical,3,0.0798129850997648,0.3303929799856962,0.0006117092569053433,595
8,MLP,canonical,4,0.06766874501630336,0.2785649972459276,0.0005346806645684574,595
8,MLP,canonical,5,0.07760075231562014,0.32023172799512467,0.0007140281054014127,595
8,MLP,delayed,1,0.04060630370221405,0.17670518332316612,-1.6551931792064105e-05,595
8,MLP,delayed,2,0.04880836277184926,0.19459038435450082,7.047653265358836e-05,595
8,MLP,delayed,3,0.0452721107875812,0.19102169680470255,0.00012708681720692485,595
8,MLP,delayed,4,0.039917118056384704,0.1694285283594312,9.746024663747254e-05,595
8,MLP,delayed,5,0.04221260061026144,0.1759204190228142,0.00014852021891564749,595
8,GRU,canonical,1,0.07801494733237457,0.32562927738370484,0.0004659281931353635,595
8,GRU,canonical,2,0.0725965504489456,0.3028680823350073,0.0003011980983780141,595
8,GRU,canonical,3,0.08070316616812656,0.32016827682383553,0.0005706839659473554,595
8,GRU,canonical,4,0.07956472078907786,0.33554688735055443,0.0005580265104545551,595
8,GRU,canonical,5,0.08208967848211413,0.3537213156458377,0.0006028461694709053,595
8,GRU,delayed,1,0.04611522309681975,0.1952536968585725,-9.572268285809046e-05,595
8,GRU,delayed,2,0.043675862657474335,0.18428837037712567,-0.0001861249678262655,595
8,GRU,delayed,3,0.04960889783246142,0.20089660792626557,6.023821803538488e-05,595
8,GRU,delayed,4,0.045949888588585175,0.19706433830094772,-1.776112125201774e-06,595
8,GRU,delayed,5,0.0457333625537602,0.20037864719185808,-2.7389800547347933e-05,595
