model,formation_month,holding_month,ic,n
cto_sort,2013-01,2013-02,-0.010815069627247952,2197
cto_sort,2013-02,2013-03,0.032718825076398464,2214
cto_sort,2013-03,2013-04,0.04163144259506979,2242
cto_sort,2013-04,2013-05,-0.04609875482323217,2263
cto_sort,2013-05,2013-06,-0.06054397947908751,2302
cto_sort,2013-06,2013-07,-0.17136350466701888,2304
cto_sort,2013-07,2013-08,0.07994394357173425,2330
cto_sort,2013-08,2013-09,-0.04290297483980842,2342
cto_sort,2013-09,2013-10,0.09050019716883319,2345
cto_sort,2013-10,2013-11,0.015041043927500662,2354
cto_sort,2013-11,2013-12,0.098743362590299,2344
cto_sort,2013-12,2014-01,-0.22583374340520748,2353
cto_sort,2014-01,2014-02,0.044497556529329234,2350
cto_sort,2014-02,2014-03,0.042245639098409074,2324
cto_sort,2014-03,2014-04,0.07643595788425495,2347
cto_sort,2014-04,2014-05,-0.03173294092745983,2322
cto_sort,2014-05,2014-06,0.030406961489166644,2286
cto_sort,2014-06,2014-07,-0.03163777812197936,2296
cto_sort,2014-07,2014-08,-0.030794567247673793,2298
cto_sort,2014-08,2014-09,-0.08813806321484755,2293
cto_sort,2014-09,2014-10,0.028816421659987105,2299
cto_sort,2014-10,2014-11,0.02906573928265645,2267
cto_sort,2014-11,2014-12,0.1974179635995003,2267
cto_sort,2014-12,2015-01,-0.0019224621702699383,2287
cto_sort,2015-01,2015-02,0.042989924135172275,2302
cto_sort,2015-02,2015-03,-0.013062369995001733,2284
cto_sort,2015-03,2015-04,0.0022019368989142645,2299
cto_sort,2015-04,2015-05,-0.0424923853399229,2287
cto_sort,2015-05,2015-06,0.010434869754454184,2235
cto_sort,2015-06,2015-07,0.17669535675156,2218
cto_sort,2015-07,2015-08,-0.09562496252459501,2124
cto_sort,2015-08,2015-09,-0.014421348057017057,2134
cto_sort,2015-09,2015-10,0.05298993124755941,2134
cto_sort,2015-10,2015-11,-0.0258340289434316,2190
cto_sort,2015-11,2015-12,-0.04034118818057012,2273
cto_sort,2015-12,2016-01,0.04930040678346866,2364
cto_sort,2016-01,2016-02,0.07601149626673381,2392
cto_sort,2016-02,2016-03,-0.08970340645746555,2399
cto_sort,2016-03,2016-04,0.07078618628887738,2446
cto_sort,2016-04,2016-05,0.0887701691292119,2456
cto_sort,2016-05,2016-06,-0.07117123949594527,2468
cto_sort,2016-06,2016-07,0.19520657278118017,2503
cto_sort,2016-07,2016-08,0.019114858693845924,2543
cto_sort,2016-08,2016-09,0.0762920803244459,2563
cto_sort,2016-09,2016-10,-0.04430404463316371,2573
cto_sort,2016-10,2016-11,-0.02802732037286773,2566
cto_sort,2016-11,2016-12,-0.05528976609568028,2600
cto_sort,2016-12,2017-01,0.05545306837687586,2619
cto_sort,2017-01,2017-02,-0.011971747000076603,2617
cto_sort,2017-02,2017-03,0.12013105993596647,2606
cto_sort,2017-03,2017-04,0.11968762074396877,2632
cto_sort,2017-04,2017-05,0.08072023313571002,2638
cto_sort,2017-05,2017-06,0.07187571882680072,2618
cto_sort,2017-06,2017-07,0.07480270349046765,2622
cto_sort,2017-07,2017-08,0.009627680086895296,2646
cto_sort,2017-08,2017-09,0.0762383100750937,2675
cto_sort,2017-09,2017-10,0.18031997574842673,2725
cto_sort,2017-10,2017-11,0.10517991882896773,2748
cto_sort,2017-11,2017-12,0.00821507334794101,2805
cto_sort,2017-12,2018-01,0.05823893936104422,2824
cto_sort,2018-01,2018-02,0.029268984904514666,2881
cto_sort,2018-02,2018-03,0.01170520087132779,2853
cto_sort,2018-03,2018-04,0.137788163623574,2904
cto_sort,2018-04,2018-05,0.09386166335474252,2945
cto_sort,2018-05,2018-06,0.03942538301907626,3010
cto_sort,2018-06,2018-07,0.07875484811030267,3057
cto_sort,2018-07,2018-08,0.10451473339651392,3097
cto_sort,2018-08,2018-09,0.03143247223719262,3172
cto_sort,2018-09,2018-10,0.043063682937333043,3231
cto_sort,2018-10,2018-11,0.09200303688149561,3276
cto_sort,2018-11,2018-12,0.041713002970198476,3340
cto_sort,2018-12,2019-01,0.18931829257152213,3369
cto_sort,2019-01,2019-02,-0.22138279473528077,3389
cto_sort,2019-02,2019-03,0.06429287705244882,3400
cto_sort,2019-03,2019-04,0.1215830461953781,3410
cto_sort,2019-04,2019-05,0.028481271353934422,3424
cto_sort,2019-05,2019-06,0.02499247230987271,3377
cto_sort,2019-06,2019-07,0.09998247203532981,3382
cto_sort,2019-07,2019-08,0.09100754963024181,3385
cto_sort,2019-08,2019-09,0.06466046807869309,3391
cto_sort,2019-09,2019-10,0.07237577344655947,3399
cto_sort,2019-10,2019-11,0.02778608681050767,3406
cto_sort,2019-11,2019-12,-0.017165000094817293,3408
cto_sort,2019-12,2020-01,0.05760110247712903,3416
cto_sort,2020-01,2020-02,0.027850261294979632,3425
cto_sort,2020-02,2020-03,0.1698607578050694,3433
cto_sort,2020-03,2020-04,0.20981096737344784,3444
cto_sort,2020-04,2020-05,0.08232473162465576,3457
cto_sort,2020-05,2020-06,0.10690477647277795,3403
cto_sort,2020-06,2020-07,0.01977715200284467,3417
cto_sort,2020-07,2020-08,0.04914364396984853,3439
cto_sort,2020-08,2020-09,0.01740372759659601,3447
cto_sort,2020-09,2020-10,-0.012148057975066066,3455
cto_sort,2020-10,2020-11,0.010430887870553369,3464
cto_sort,2020-11,2020-12,0.031536207405230714,3499
cto_sort,2020-12,2021-01,0.17713866325479766,3527
cto_sort,2021-01,2021-02,0.007815981589147786,3545
cto_sort,2021-02,2021-03,-0.0034941214698425743,3563
cto_sort,2021-03,2021-04,0.12369941496222486,3583
cto_sort,2021-04,2021-05,-0.0478747252207222,3628
cto_sort,2021-05,2021-06,0.05815711609239566,3618
cto_sort,2021-06,2021-07,0.02990339683745555,3661
cto_sort,2021-07,2021-08,0.1341130399618807,3706
cto_sort,2021-08,2021-09,0.02555634966312602,3772
cto_sort,2021-09,2021-10,-0.03991639194127608,3834
cto_sort,2021-10,2021-11,0.08927376673670316,3854
cto_sort,2021-11,2021-12,9.999918025014836e-05,3882
cto_sort,2021-12,2022-01,0.07573319923458023,3936
cto_sort,2022-01,2022-02,0.03359531668983987,3966
cto_sort,2022-02,2022-03,-0.0669163290631174,3995
cto_sort,2022-03,2022-04,0.05946168040470903,4038
cto_sort,2022-04,2022-05,0.05079197928822696,4098
cto_sort,2022-05,2022-06,0.09440252477599971,4125
cto_sort,2022-06,2022-07,0.09963245700737987,4172
cto_sort,2022-07,2022-08,0.07217577770743579,4219
cto_sort,2022-08,2022-09,0.07745740478437921,4268
cto_sort,2022-09,2022-10,0.11573325633435744,4308
cto_sort,2022-10,2022-11,-0.06697328204821291,4342
cto_sort,2022-11,2022-12,-0.019600664285997143,4380
cto_sort,2022-12,2023-01,0.06051522122390107,4422
cto_sort,2023-01,2023-02,0.03438435769839366,4456
cto_sort,2023-02,2023-03,0.021389544533171316,4468
cto_sort,2023-03,2023-04,0.07770417256438676,4505
cto_sort,2023-04,2023-05,0.048557887786173405,4540
cto_sort,2023-05,2023-06,0.05087471242290422,4511
cto_sort,2023-06,2023-07,0.12063988046480142,4559
cto_sort,2023-07,2023-08,0.04929701486914109,4573
cto_sort,2023-08,2023-09,0.11235524589983677,4618
cto_sort,2023-09,2023-10,0.040116509970794315,4658
cto_sort,2023-10,2023-11,-0.00038485541040644567,4687
cto_sort,2023-11,2023-12,0.04656190643365506,4714
cto_sort,2023-12,2024-01,-0.00698557484265459,4741
cto_sort,2024-01,2024-02,-0.16782588150457609,4747
cto_sort,2024-02,2024-03,0.020108898028674167,4762
cto_sort,2024-03,2024-04,0.13061708688607274,4785
cto_sort,2024-04,2024-05,0.07862933360677929,4812
cto_sort,2024-05,2024-06,-0.023454654235778194,4773
cto_sort,2024-06,2024-07,0.06722062336803086,4817
cto_sort,2024-07,2024-08,0.1324278791137316,4856
cto_sort,2024-08,2024-09,-0.05065563891000217,4877
cto_sort,2024-09,2024-10,-0.026546955805333176,4890
cto_sort,2024-10,2024-11,0.03795241166255832,4898
cto_sort,2024-11,2024-12,0.06418060284330139,4905
cto_sort,2024-12,2025-01,0.06825103778787683,4918
cto_sort,2025-01,2025-02,-0.02959703491607653,4923
cto_sort,2025-02,2025-03,0.0635835674830748,4927
cto_sort,2025-03,2025-04,0.1080656839576694,4933
cto_sort,2025-04,2025-05,0.029272004035340977,4932
cto_sort,2025-05,2025-06,0.12615541130774294,4866
cto_sort,2025-06,2025-07,0.13250226579648408,4888
cto_sort,2025-07,2025-08,-0.07815885719078408,4891
cto_sort,2025-08,2025-09,0.17657788808765348,4897
cto_sort,2025-09,2025-10,0.006092042068779328,4903
cto_sort,2025-10,2025-11,0.05604460954456026,4904
cto_sort,2025-11,2025-12,-0.03533710938300504,4909
cto_sort,2025-12,2026-01,0.0989947616724102,4921
cto_sort,2026-01,2026-02,0.01620841127013615,4925
cto_sort,2026-02,2026-03,0.09697095520318404,4924
cto_sort,2026-03,2026-04,0.02357375559286589,4937
cto_sort,2026-04,2026-05,0.14378202859298786,4950
cto_sort,2026-05,2026-06,0.07107534876723423,4874
cto_sort,2026-06,2026-07,0.07049246442884312,4915
lightgbm,2013-01,2013-02,0.03496492269364467,2197
lightgbm,2013-02,2013-03,0.13077200320972757,2214
lightgbm,2013-03,2013-04,0.06419639784664587,2242
lightgbm,2013-04,2013-05,0.07312745604702714,2263
lightgbm,2013-05,2013-06,-0.05218204965046229,2302
lightgbm,2013-06,2013-07,0.05102566602253234,2304
lightgbm,2013-07,2013-08,0.14307107183531514,2330
lightgbm,2013-08,2013-09,0.07182894716989749,2342
lightgbm,2013-09,2013-10,0.1685649026339068,2345
lightgbm,2013-10,2013-11,0.2151687998120552,2354
lightgbm,2013-11,2013-12,0.15054952545511935,2344
lightgbm,2013-12,2014-01,0.11143877609878458,2353
lightgbm,2014-01,2014-02,0.22637333965709133,2350
lightgbm,2014-02,2014-03,0.20083781256493421,2324
lightgbm,2014-03,2014-04,0.08363130096308732,2347
lightgbm,2014-04,2014-05,0.1423630929400589,2322
lightgbm,2014-05,2014-06,0.20618132288879096,2286
lightgbm,2014-06,2014-07,0.06701500710917842,2296
lightgbm,2014-07,2014-08,0.3002174167179041,2298
lightgbm,2014-08,2014-09,0.22477174122660304,2293
lightgbm,2014-09,2014-10,0.08116803984046042,2299
lightgbm,2014-10,2014-11,0.030954857921527783,2267
lightgbm,2014-11,2014-12,-0.2582377852302514,2267
lightgbm,2014-12,2015-01,0.21851330574029387,2287
lightgbm,2015-01,2015-02,0.00811202247250146,2302
lightgbm,2015-02,2015-03,0.11849335006531178,2284
lightgbm,2015-03,2015-04,0.08134407974599771,2299
lightgbm,2015-04,2015-05,0.2510199937473307,2287
lightgbm,2015-05,2015-06,0.06264146328182904,2235
lightgbm,2015-06,2015-07,0.05358820591315158,2218
lightgbm,2015-07,2015-08,0.1368737665908117,2124
lightgbm,2015-08,2015-09,0.21403070242880642,2134
lightgbm,2015-09,2015-10,0.1156024046291186,2134
lightgbm,2015-10,2015-11,0.2217382287472009,2190
lightgbm,2015-11,2015-12,0.32533696995550804,2273
lightgbm,2015-12,2016-01,0.05650678807457459,2364
lightgbm,2016-01,2016-02,0.09003889805423104,2392
lightgbm,2016-02,2016-03,0.25408906283536425,2399
lightgbm,2016-03,2016-04,0.2670073263876877,2446
lightgbm,2016-04,2016-05,0.022871322055501235,2456
lightgbm,2016-05,2016-06,0.1736942802975269,2468
lightgbm,2016-06,2016-07,0.1301139311679077,2503
lightgbm,2016-07,2016-08,0.24869039529164755,2543
lightgbm,2016-08,2016-09,0.2592944251716528,2563
lightgbm,2016-09,2016-10,0.17666173976900548,2573
lightgbm,2016-10,2016-11,0.14141553039193094,2566
lightgbm,2016-11,2016-12,0.06600993209456317,2600
lightgbm,2016-12,2017-01,-0.13460086392600246,2619
lightgbm,2017-01,2017-02,0.05409808520844662,2617
lightgbm,2017-02,2017-03,-0.0467651150377606,2606
lightgbm,2017-03,2017-04,-0.15716795918749144,2632
lightgbm,2017-04,2017-05,-0.07426433917851044,2638
lightgbm,2017-05,2017-06,0.03260882752799706,2618
lightgbm,2017-06,2017-07,-0.12483441023638163,2622
lightgbm,2017-07,2017-08,0.2523535086131814,2646
lightgbm,2017-08,2017-09,0.10845460812346802,2675
lightgbm,2017-09,2017-10,0.14739889761660732,2725
lightgbm,2017-10,2017-11,-0.08492671922597696,2748
lightgbm,2017-11,2017-12,-0.07227673234967211,2805
lightgbm,2017-12,2018-01,-0.04081870641424529,2824
lightgbm,2018-01,2018-02,-0.11802515157509878,2881
lightgbm,2018-02,2018-03,0.2712348166535467,2853
lightgbm,2018-03,2018-04,0.051949232697344624,2904
lightgbm,2018-04,2018-05,0.16493509930914477,2945
lightgbm,2018-05,2018-06,-0.04678836084542113,3010
lightgbm,2018-06,2018-07,0.16705996528888026,3057
lightgbm,2018-07,2018-08,-0.012828853936256285,3097
lightgbm,2018-08,2018-09,0.022025717725089433,3172
lightgbm,2018-09,2018-10,0.20708180376536206,3231
lightgbm,2018-10,2018-11,0.211607976950386,3276
lightgbm,2018-11,2018-12,0.1732695255755487,3340
lightgbm,2018-12,2019-01,-0.009250724146037764,3369
lightgbm,2019-01,2019-02,-0.01784916890834751,3389
lightgbm,2019-02,2019-03,0.12439540414115519,3400
lightgbm,2019-03,2019-04,0.09675625252933509,3410
lightgbm,2019-04,2019-05,0.21356363759623934,3424
lightgbm,2019-05,2019-06,0.10782135070683063,3377
lightgbm,2019-06,2019-07,0.12912113152142346,3382
lightgbm,2019-07,2019-08,-0.046468171853552065,3385
lightgbm,2019-08,2019-09,0.13411145130410895,3391
lightgbm,2019-09,2019-10,0.08345597198150007,3399
lightgbm,2019-10,2019-11,0.014793747883768589,3406
lightgbm,2019-11,2019-12,0.03325788222667974,3408
lightgbm,2019-12,2020-01,-0.05540625073524467,3416
lightgbm,2020-01,2020-02,-0.17191500587897213,3425
lightgbm,2020-02,2020-03,0.36291527172394333,3433
lightgbm,2020-03,2020-04,-0.03217280390262716,3444
lightgbm,2020-04,2020-05,0.15932803054390274,3457
lightgbm,2020-05,2020-06,-0.05946522490296549,3403
lightgbm,2020-06,2020-07,0.11763855046301788,3417
lightgbm,2020-07,2020-08,0.20782585463360562,3439
lightgbm,2020-08,2020-09,0.04323256639146493,3447
lightgbm,2020-09,2020-10,-0.014638467740309243,3455
lightgbm,2020-10,2020-11,0.1606520702617384,3464
lightgbm,2020-11,2020-12,-0.1582855358542433,3499
lightgbm,2020-12,2021-01,-0.020219646107887724,3527
lightgbm,2021-01,2021-02,0.17173599176184337,3545
lightgbm,2021-02,2021-03,0.1629014779912938,3563
lightgbm,2021-03,2021-04,0.10934323467301478,3583
lightgbm,2021-04,2021-05,-0.06467969783216364,3628
lightgbm,2021-05,2021-06,0.12963334095455106,3618
lightgbm,2021-06,2021-07,-0.009579679391830964,3661
lightgbm,2021-07,2021-08,0.09107143595789259,3706
lightgbm,2021-08,2021-09,0.11425811403863803,3772
lightgbm,2021-09,2021-10,0.011151589698770807,3834
lightgbm,2021-10,2021-11,0.20033215508326144,3854
lightgbm,2021-11,2021-12,0.21493821232868188,3882
lightgbm,2021-12,2022-01,0.273940994536242,3936
lightgbm,2022-01,2022-02,0.01976457267632994,3966
lightgbm,2022-02,2022-03,0.05749293801967765,3995
lightgbm,2022-03,2022-04,0.007139583292133747,4038
lightgbm,2022-04,2022-05,0.16148104679524153,4098
lightgbm,2022-05,2022-06,0.09560291185525503,4125
lightgbm,2022-06,2022-07,0.17950811618936643,4172
lightgbm,2022-07,2022-08,0.1821867940784286,4219
lightgbm,2022-08,2022-09,0.05118683467594713,4268
lightgbm,2022-09,2022-10,0.24574135520624563,4308
lightgbm,2022-10,2022-11,0.0797028787183772,4342
lightgbm,2022-11,2022-12,0.028670295057417496,4380
lightgbm,2022-12,2023-01,0.24756035389560777,4422
lightgbm,2023-01,2023-02,0.24761235089539427,4456
lightgbm,2023-02,2023-03,0.0015780737576510725,4468
lightgbm,2023-03,2023-04,0.007620625424963192,4505
lightgbm,2023-04,2023-05,0.22370391569798972,4540
lightgbm,2023-05,2023-06,0.1165110838369732,4511
lightgbm,2023-06,2023-07,0.23986081361943695,4559
lightgbm,2023-07,2023-08,0.2507026647107848,4573
lightgbm,2023-08,2023-09,0.19959849754878883,4618
lightgbm,2023-09,2023-10,0.0775762530060953,4658
lightgbm,2023-10,2023-11,0.25589163173975643,4687
lightgbm,2023-11,2023-12,0.13449680047165866,4714
lightgbm,2023-12,2024-01,-0.06741751959281878,4741
lightgbm,2024-01,2024-02,-0.35451240419375385,4747
lightgbm,2024-02,2024-03,0.2752332381183206,4762
lightgbm,2024-03,2024-04,0.08041918583354979,4785
lightgbm,2024-04,2024-05,0.04213115374630751,4812
lightgbm,2024-05,2024-06,-0.08794445125009683,4773
lightgbm,2024-06,2024-07,0.12399421571347838,4817
lightgbm,2024-07,2024-08,0.23670844444359487,4856
lightgbm,2024-08,2024-09,-0.0615279294749082,4877
lightgbm,2024-09,2024-10,-0.02946284476119407,4890
lightgbm,2024-10,2024-11,0.31596345693850403,4898
lightgbm,2024-11,2024-12,0.020329376710857692,4905
lightgbm,2024-12,2025-01,0.16575218285405036,4918
lightgbm,2025-01,2025-02,0.024835369339874985,4923
lightgbm,2025-02,2025-03,0.22008305196507263,4927
lightgbm,2025-03,2025-04,0.20483891537345117,4933
lightgbm,2025-04,2025-05,0.22576929547992905,4932
lightgbm,2025-05,2025-06,0.21024747153491286,4866
lightgbm,2025-06,2025-07,0.19187562326994043,4888
lightgbm,2025-07,2025-08,-0.10183133650296748,4891
lightgbm,2025-08,2025-09,0.08992419210013265,4897
lightgbm,2025-09,2025-10,0.2749394318856244,4903
lightgbm,2025-10,2025-11,0.23190303102398913,4904
lightgbm,2025-11,2025-12,-0.08047323631197281,4909
lightgbm,2025-12,2026-01,0.15786666420657242,4921
lightgbm,2026-01,2026-02,0.06503401155725572,4925
lightgbm,2026-02,2026-03,0.1043066106213095,4924
lightgbm,2026-03,2026-04,0.04137184567275706,4937
lightgbm,2026-04,2026-05,-0.12689385023360267,4950
lightgbm,2026-05,2026-06,-0.14960234955278687,4874
lightgbm,2026-06,2026-07,0.11696649743612422,4915
ridge,2013-01,2013-02,0.08274328454032176,2197
ridge,2013-02,2013-03,0.14519391624058783,2214
ridge,2013-03,2013-04,0.0558811739027047,2242
ridge,2013-04,2013-05,0.11597676222385452,2263
ridge,2013-05,2013-06,-0.07812872037923076,2302
ridge,2013-06,2013-07,0.07268104948674291,2304
ridge,2013-07,2013-08,0.27526423218628115,2330
ridge,2013-08,2013-09,0.08621633240973982,2342
ridge,2013-09,2013-10,0.23582364609991333,2345
ridge,2013-10,2013-11,0.22083841657788444,2354
ridge,2013-11,2013-12,0.2126178417719215,2344
ridge,2013-12,2014-01,0.08047765730021096,2353
ridge,2014-01,2014-02,0.2694970399038591,2350
ridge,2014-02,2014-03,0.2838582039148763,2324
ridge,2014-03,2014-04,0.07214238796949256,2347
ridge,2014-04,2014-05,0.1518617559198062,2322
ridge,2014-05,2014-06,0.16882182248372454,2286
ridge,2014-06,2014-07,0.17647504592563515,2296
ridge,2014-07,2014-08,0.3538124159376278,2298
ridge,2014-08,2014-09,0.3000283850485265,2293
ridge,2014-09,2014-10,0.08144084502621382,2299
ridge,2014-10,2014-11,0.01619482364888818,2267
ridge,2014-11,2014-12,-0.32030643359720473,2267
ridge,2014-12,2015-01,0.35591363631379136,2287
ridge,2015-01,2015-02,0.009241848358939079,2302
ridge,2015-02,2015-03,0.17578916613399437,2284
ridge,2015-03,2015-04,0.09220776427273078,2299
ridge,2015-04,2015-05,0.3419769267327999,2287
ridge,2015-05,2015-06,0.12943458618366616,2235
ridge,2015-06,2015-07,0.046261784615730626,2218
ridge,2015-07,2015-08,0.16681297792844416,2124
ridge,2015-08,2015-09,0.26881802985942393,2134
ridge,2015-09,2015-10,0.17200885314865919,2134
ridge,2015-10,2015-11,0.2906440436912249,2190
ridge,2015-11,2015-12,0.38645596234649116,2273
ridge,2015-12,2016-01,0.05124609034856952,2364
ridge,2016-01,2016-02,0.08364781665591445,2392
ridge,2016-02,2016-03,0.3162943552588693,2399
ridge,2016-03,2016-04,0.3221570770383869,2446
ridge,2016-04,2016-05,0.019964111920908616,2456
ridge,2016-05,2016-06,0.13861604849869857,2468
ridge,2016-06,2016-07,0.17835433351715577,2503
ridge,2016-07,2016-08,0.25187342710454025,2543
ridge,2016-08,2016-09,0.23202004564269713,2563
ridge,2016-09,2016-10,0.17508098551214077,2573
ridge,2016-10,2016-11,0.10848759184284879,2566
ridge,2016-11,2016-12,0.07562975737632578,2600
ridge,2016-12,2017-01,-0.1631826578162336,2619
ridge,2017-01,2017-02,0.10426193679218035,2617
ridge,2017-02,2017-03,-0.054100657110803765,2606
ridge,2017-03,2017-04,-0.20208794453664805,2632
ridge,2017-04,2017-05,-0.1654461390277207,2638
ridge,2017-05,2017-06,0.04481079698298447,2618
ridge,2017-06,2017-07,-0.12887018093397873,2622
ridge,2017-07,2017-08,0.263035185252083,2646
ridge,2017-08,2017-09,0.11348415805700063,2675
ridge,2017-09,2017-10,0.1284459248329193,2725
ridge,2017-10,2017-11,-0.12274584588265024,2748
ridge,2017-11,2017-12,-0.06528158416878328,2805
ridge,2017-12,2018-01,-0.05934755561994882,2824
ridge,2018-01,2018-02,-0.07632171380408896,2881
ridge,2018-02,2018-03,0.26572534888890664,2853
ridge,2018-03,2018-04,0.0633833820515365,2904
ridge,2018-04,2018-05,0.1335621820535875,2945
ridge,2018-05,2018-06,-0.1069177508124911,3010
ridge,2018-06,2018-07,0.21656169219472055,3057
ridge,2018-07,2018-08,-0.011271491786383415,3097
ridge,2018-08,2018-09,-0.03166050356886598,3172
ridge,2018-09,2018-10,0.12023488679893636,3231
ridge,2018-10,2018-11,0.32594117707375747,3276
ridge,2018-11,2018-12,0.13687343989600298,3340
ridge,2018-12,2019-01,0.028782396601131504,3369
ridge,2019-01,2019-02,0.030142875117109426,3389
ridge,2019-02,2019-03,0.15550652424881461,3400
ridge,2019-03,2019-04,0.17107289436715892,3410
ridge,2019-04,2019-05,0.2196921841661453,3424
ridge,2019-05,2019-06,0.08219115643984135,3377
ridge,2019-06,2019-07,0.07347378829373882,3382
ridge,2019-07,2019-08,-0.06945863990411608,3385
ridge,2019-08,2019-09,0.11942057839168818,3391
ridge,2019-09,2019-10,0.09136044582202575,3399
ridge,2019-10,2019-11,0.009138235924390519,3406
ridge,2019-11,2019-12,0.017514356664980912,3408
ridge,2019-12,2020-01,-0.01958908709038259,3416
ridge,2020-01,2020-02,-0.2142008599433305,3425
ridge,2020-02,2020-03,0.4423066374826793,3433
ridge,2020-03,2020-04,-0.005036405442199262,3444
ridge,2020-04,2020-05,0.16449131738669825,3457
ridge,2020-05,2020-06,-0.07319128310722152,3403
ridge,2020-06,2020-07,0.1344094679975752,3417
ridge,2020-07,2020-08,0.22827801874825845,3439
ridge,2020-08,2020-09,0.048668003676209125,3447
ridge,2020-09,2020-10,-0.09382464031924098,3455
ridge,2020-10,2020-11,0.18988630179149213,3464
ridge,2020-11,2020-12,-0.1600242306891515,3499
ridge,2020-12,2021-01,-0.06155418671843508,3527
ridge,2021-01,2021-02,0.24058267930282043,3545
ridge,2021-02,2021-03,0.25078552202379817,3563
ridge,2021-03,2021-04,0.12574713920899275,3583
ridge,2021-04,2021-05,-0.08881816272246063,3628
ridge,2021-05,2021-06,0.10243254793622321,3618
ridge,2021-06,2021-07,-0.05693703478490737,3661
ridge,2021-07,2021-08,0.10607688813647524,3706
ridge,2021-08,2021-09,0.19817285922503133,3772
ridge,2021-09,2021-10,0.019532785642804577,3834
ridge,2021-10,2021-11,0.24573493303718372,3854
ridge,2021-11,2021-12,0.3237553057320661,3882
ridge,2021-12,2022-01,0.28842804034520925,3936
ridge,2022-01,2022-02,0.04069269057931215,3966
ridge,2022-02,2022-03,0.07095494132770117,3995
ridge,2022-03,2022-04,0.009947000173023293,4038
ridge,2022-04,2022-05,0.22410935407751464,4098
ridge,2022-05,2022-06,0.08467345707799462,4125
ridge,2022-06,2022-07,0.20989609077319069,4172
ridge,2022-07,2022-08,0.24480592388865863,4219
ridge,2022-08,2022-09,0.09106562461076048,4268
ridge,2022-09,2022-10,0.26409365791042333,4308
ridge,2022-10,2022-11,0.14465797141921188,4342
ridge,2022-11,2022-12,0.018946599184486157,4380
ridge,2022-12,2023-01,0.2856279861694697,4422
ridge,2023-01,2023-02,0.27890957676674677,4456
ridge,2023-02,2023-03,-0.04356857726904635,4468
ridge,2023-03,2023-04,-0.00014934080688267946,4505
ridge,2023-04,2023-05,0.2151723008893445,4540
ridge,2023-05,2023-06,0.10384875082337898,4511
ridge,2023-06,2023-07,0.2850597758601564,4559
ridge,2023-07,2023-08,0.18832378036575895,4573
ridge,2023-08,2023-09,0.19632380925901272,4618
ridge,2023-09,2023-10,0.07833236707257324,4658
ridge,2023-10,2023-11,0.2522682247461618,4687
ridge,2023-11,2023-12,0.12881262639237265,4714
ridge,2023-12,2024-01,-0.08394634254696783,4741
ridge,2024-01,2024-02,-0.2932955966821389,4747
ridge,2024-02,2024-03,0.2536579159096606,4762
ridge,2024-03,2024-04,0.13222440162626933,4785
ridge,2024-04,2024-05,-0.007123631090733708,4812
ridge,2024-05,2024-06,-0.17870771490065118,4773
ridge,2024-06,2024-07,0.12671181253833824,4817
ridge,2024-07,2024-08,0.21392400252936147,4856
ridge,2024-08,2024-09,-0.0005846574484579628,4877
ridge,2024-09,2024-10,-0.020391375687303617,4890
ridge,2024-10,2024-11,0.37772202924362114,4898
ridge,2024-11,2024-12,0.045637106247775575,4905
ridge,2024-12,2025-01,0.14796084023986777,4918
ridge,2025-01,2025-02,0.06869357957584364,4923
ridge,2025-02,2025-03,0.28597655484596113,4927
ridge,2025-03,2025-04,0.2095211776697484,4933
ridge,2025-04,2025-05,0.2282765515881832,4932
ridge,2025-05,2025-06,0.20751670643210196,4866
ridge,2025-06,2025-07,0.19826674516160447,4888
ridge,2025-07,2025-08,-0.09166524605456657,4891
ridge,2025-08,2025-09,0.0911531288940979,4897
ridge,2025-09,2025-10,0.29371863426992884,4903
ridge,2025-10,2025-11,0.22093037123337025,4904
ridge,2025-11,2025-12,-0.05387242714417276,4909
ridge,2025-12,2026-01,0.16755118443692305,4921
ridge,2026-01,2026-02,0.03388733343536502,4925
ridge,2026-02,2026-03,0.1816264864983555,4924
ridge,2026-03,2026-04,0.030875866504931185,4937
ridge,2026-04,2026-05,-0.15935238968992765,4950
ridge,2026-05,2026-06,-0.23002555587575707,4874
ridge,2026-06,2026-07,0.34317094021912214,4915
ridge_cto_family,2013-01,2013-02,-0.007940529234235561,2197
ridge_cto_family,2013-02,2013-03,-0.024523719784904974,2214
ridge_cto_family,2013-03,2013-04,0.0675542626947809,2242
ridge_cto_family,2013-04,2013-05,-0.0011485243471579423,2263
ridge_cto_family,2013-05,2013-06,-0.16583385669819758,2302
ridge_cto_family,2013-06,2013-07,-0.08182170646568361,2304
ridge_cto_family,2013-07,2013-08,0.2742711269610516,2330
ridge_cto_family,2013-08,2013-09,0.11102606192948908,2342
ridge_cto_family,2013-09,2013-10,0.2079408131600962,2345
ridge_cto_family,2013-10,2013-11,0.15232154088768413,2354
ridge_cto_family,2013-11,2013-12,0.11432525057505971,2344
ridge_cto_family,2013-12,2014-01,-0.19190601405735566,2353
ridge_cto_family,2014-01,2014-02,0.07567187989387356,2350
ridge_cto_family,2014-02,2014-03,0.14554380044654686,2324
ridge_cto_family,2014-03,2014-04,0.036805666743846645,2347
ridge_cto_family,2014-04,2014-05,0.013653570918321032,2322
ridge_cto_family,2014-05,2014-06,-0.026945748104943237,2286
ridge_cto_family,2014-06,2014-07,0.28112411745266574,2296
ridge_cto_family,2014-07,2014-08,0.218707226775271,2298
ridge_cto_family,2014-08,2014-09,-0.03854150525128649,2293
ridge_cto_family,2014-09,2014-10,0.044554104060035266,2299
ridge_cto_family,2014-10,2014-11,-0.010343942411282956,2267
ridge_cto_family,2014-11,2014-12,-0.08081640361783482,2267
ridge_cto_family,2014-12,2015-01,0.43409700355440367,2287
ridge_cto_family,2015-01,2015-02,-0.1681585139365179,2302
ridge_cto_family,2015-02,2015-03,-0.03603381485019124,2284
ridge_cto_family,2015-03,2015-04,0.0657955213693951,2299
ridge_cto_family,2015-04,2015-05,0.06429178263667286,2287
ridge_cto_family,2015-05,2015-06,0.317066144541726,2235
ridge_cto_family,2015-06,2015-07,0.2230268145887496,2218
ridge_cto_family,2015-07,2015-08,0.08844373550612712,2124
ridge_cto_family,2015-08,2015-09,0.16036739065460015,2134
ridge_cto_family,2015-09,2015-10,-0.08895608487569064,2134
ridge_cto_family,2015-10,2015-11,-0.10755998435555318,2190
ridge_cto_family,2015-11,2015-12,0.09839269015385482,2273
ridge_cto_family,2015-12,2016-01,0.13537853832444635,2364
ridge_cto_family,2016-01,2016-02,0.08374668100034278,2392
ridge_cto_family,2016-02,2016-03,0.18496426034132607,2399
ridge_cto_family,2016-03,2016-04,0.07162541884312495,2446
ridge_cto_family,2016-04,2016-05,0.12173400765183216,2456
ridge_cto_family,2016-05,2016-06,-0.08670307564171577,2468
ridge_cto_family,2016-06,2016-07,0.38694165473010267,2503
ridge_cto_family,2016-07,2016-08,0.09984941754311939,2543
ridge_cto_family,2016-08,2016-09,-0.03798999782470432,2563
ridge_cto_family,2016-09,2016-10,0.11982275259859546,2573
ridge_cto_family,2016-10,2016-11,0.043058312071834574,2566
ridge_cto_family,2016-11,2016-12,-0.04714510005559878,2600
ridge_cto_family,2016-12,2017-01,-0.002270416771733221,2619
ridge_cto_family,2017-01,2017-02,0.08808187364967425,2617
ridge_cto_family,2017-02,2017-03,0.07248245960591869,2606
ridge_cto_family,2017-03,2017-04,-0.11732937536484295,2632
ridge_cto_family,2017-04,2017-05,-0.13921632661546154,2638
ridge_cto_family,2017-05,2017-06,0.22271049273210178,2618
ridge_cto_family,2017-06,2017-07,-0.06683468980797944,2622
ridge_cto_family,2017-07,2017-08,0.26926463200122214,2646
ridge_cto_family,2017-08,2017-09,0.052903250720154296,2675
ridge_cto_family,2017-09,2017-10,0.20595370818963188,2725
ridge_cto_family,2017-10,2017-11,0.024899977002543226,2748
ridge_cto_family,2017-11,2017-12,0.022813715043167045,2805
ridge_cto_family,2017-12,2018-01,0.1262551315193122,2824
ridge_cto_family,2018-01,2018-02,0.09283930591544176,2881
ridge_cto_family,2018-02,2018-03,0.0044429443894976935,2853
ridge_cto_family,2018-03,2018-04,0.11102947987006896,2904
ridge_cto_family,2018-04,2018-05,0.07524357592624725,2945
ridge_cto_family,2018-05,2018-06,0.07865017716268877,3010
ridge_cto_family,2018-06,2018-07,0.17654198305577773,3057
ridge_cto_family,2018-07,2018-08,-0.0017050631581114683,3097
ridge_cto_family,2018-08,2018-09,0.07223552474685292,3172
ridge_cto_family,2018-09,2018-10,0.05316314129242856,3231
ridge_cto_family,2018-10,2018-11,0.1790268478790596,3276
ridge_cto_family,2018-11,2018-12,0.15216883347572407,3340
ridge_cto_family,2018-12,2019-01,0.17039951366128775,3369
ridge_cto_family,2019-01,2019-02,0.013657392732901,3389
ridge_cto_family,2019-02,2019-03,0.03820509933709045,3400
ridge_cto_family,2019-03,2019-04,0.21709510543958144,3410
ridge_cto_family,2019-04,2019-05,0.14348189169908268,3424
ridge_cto_family,2019-05,2019-06,0.14893013261366664,3377
ridge_cto_family,2019-06,2019-07,0.10818701843550567,3382
ridge_cto_family,2019-07,2019-08,-0.03452750932610875,3385
ridge_cto_family,2019-08,2019-09,0.08497240896785427,3391
ridge_cto_family,2019-09,2019-10,0.08147788640897118,3399
ridge_cto_family,2019-10,2019-11,0.10017024102415842,3406
ridge_cto_family,2019-11,2019-12,0.011832217973611591,3408
ridge_cto_family,2019-12,2020-01,-0.007748417480340316,3416
ridge_cto_family,2020-01,2020-02,-0.21015133337617367,3425
ridge_cto_family,2020-02,2020-03,0.29946180024251606,3433
ridge_cto_family,2020-03,2020-04,0.22200799258138668,3444
ridge_cto_family,2020-04,2020-05,0.06683661818913562,3457
ridge_cto_family,2020-05,2020-06,0.09116642105435227,3403
ridge_cto_family,2020-06,2020-07,0.11011689148495926,3417
ridge_cto_family,2020-07,2020-08,0.1463778457272084,3439
ridge_cto_family,2020-08,2020-09,0.02975743571022918,3447
ridge_cto_family,2020-09,2020-10,-0.10750360512148778,3455
ridge_cto_family,2020-10,2020-11,0.15232730263028815,3464
ridge_cto_family,2020-11,2020-12,-0.033680868125222,3499
ridge_cto_family,2020-12,2021-01,0.06836413347407354,3527
ridge_cto_family,2021-01,2021-02,0.14993436197403073,3545
ridge_cto_family,2021-02,2021-03,0.034127017133747335,3563
ridge_cto_family,2021-03,2021-04,0.14255736213934664,3583
ridge_cto_family,2021-04,2021-05,-0.09916684627971385,3628
ridge_cto_family,2021-05,2021-06,0.009680590561004744,3618
ridge_cto_family,2021-06,2021-07,-0.1298082449493863,3661
ridge_cto_family,2021-07,2021-08,0.057139319942181556,3706
ridge_cto_family,2021-08,2021-09,0.18214943326243768,3772
ridge_cto_family,2021-09,2021-10,0.08592788434361817,3834
ridge_cto_family,2021-10,2021-11,0.10022128346596186,3854
ridge_cto_family,2021-11,2021-12,0.23371091511484357,3882
ridge_cto_family,2021-12,2022-01,0.08309169789473007,3936
ridge_cto_family,2022-01,2022-02,0.034850093436704414,3966
ridge_cto_family,2022-02,2022-03,-0.04456553523403961,3995
ridge_cto_family,2022-03,2022-04,0.11716815675652413,4038
ridge_cto_family,2022-04,2022-05,0.14831701878906928,4098
ridge_cto_family,2022-05,2022-06,0.08299348556748154,4125
ridge_cto_family,2022-06,2022-07,0.07501213840125627,4172
ridge_cto_family,2022-07,2022-08,0.258630632405322,4219
ridge_cto_family,2022-08,2022-09,0.09182775938428323,4268
ridge_cto_family,2022-09,2022-10,0.15382345591599988,4308
ridge_cto_family,2022-10,2022-11,0.2660578570511346,4342
ridge_cto_family,2022-11,2022-12,0.041978795867220746,4380
ridge_cto_family,2022-12,2023-01,0.23502587588597837,4422
ridge_cto_family,2023-01,2023-02,0.10198861839489581,4456
ridge_cto_family,2023-02,2023-03,-0.09853357843497056,4468
ridge_cto_family,2023-03,2023-04,0.036050131795558056,4505
ridge_cto_family,2023-04,2023-05,0.07411987065427722,4540
ridge_cto_family,2023-05,2023-06,0.02699392414525053,4511
ridge_cto_family,2023-06,2023-07,0.31448450390946864,4559
ridge_cto_family,2023-07,2023-08,0.12818281390962213,4573
ridge_cto_family,2023-08,2023-09,0.14057134471827473,4618
ridge_cto_family,2023-09,2023-10,-0.05090998254967592,4658
ridge_cto_family,2023-10,2023-11,0.046691508490253886,4687
ridge_cto_family,2023-11,2023-12,0.09023142623520768,4714
ridge_cto_family,2023-12,2024-01,0.06796738289767365,4741
ridge_cto_family,2024-01,2024-02,-0.03532516452376689,4747
ridge_cto_family,2024-02,2024-03,0.15018402786028173,4762
ridge_cto_family,2024-03,2024-04,0.2683419375042094,4785
ridge_cto_family,2024-04,2024-05,-0.0609262997422426,4812
ridge_cto_family,2024-05,2024-06,-0.05130833467875423,4773
ridge_cto_family,2024-06,2024-07,0.14767673500391565,4817
ridge_cto_family,2024-07,2024-08,0.12572000701787853,4856
ridge_cto_family,2024-08,2024-09,0.019430329632362586,4877
ridge_cto_family,2024-09,2024-10,-0.15958756897910562,4890
ridge_cto_family,2024-10,2024-11,0.19027980106627876,4898
ridge_cto_family,2024-11,2024-12,0.21279380018169003,4905
ridge_cto_family,2024-12,2025-01,0.10084076388928355,4918
ridge_cto_family,2025-01,2025-02,-0.014387975224810568,4923
ridge_cto_family,2025-02,2025-03,0.33341723743709856,4927
ridge_cto_family,2025-03,2025-04,0.11949146675700661,4933
ridge_cto_family,2025-04,2025-05,0.01603483029564869,4932
ridge_cto_family,2025-05,2025-06,0.10456758837651754,4866
ridge_cto_family,2025-06,2025-07,0.1667606130377345,4888
ridge_cto_family,2025-07,2025-08,-0.01259436117248258,4891
ridge_cto_family,2025-08,2025-09,0.06180797376443482,4897
ridge_cto_family,2025-09,2025-10,0.19031192925198023,4903
ridge_cto_family,2025-10,2025-11,0.015740819935640207,4904
ridge_cto_family,2025-11,2025-12,0.03747910588264454,4909
ridge_cto_family,2025-12,2026-01,0.12244366228528236,4921
ridge_cto_family,2026-01,2026-02,-0.022931014943775162,4925
ridge_cto_family,2026-02,2026-03,0.20061847444552278,4924
ridge_cto_family,2026-03,2026-04,0.04690777394191563,4937
ridge_cto_family,2026-04,2026-05,-0.08521158475805606,4950
ridge_cto_family,2026-05,2026-06,-0.10711896955375234,4874
ridge_cto_family,2026-06,2026-07,0.3594854946453213,4915
