model,formation_month,decile,stocks,overlap,one_way_turnover
cto_sort,2013-02,1,221,42,0.8099547511312217
cto_sort,2013-03,1,224,55,0.7544642857142857
cto_sort,2013-04,1,226,44,0.8053097345132744
cto_sort,2013-05,1,230,44,0.808695652173913
cto_sort,2013-06,1,230,60,0.7391304347826086
cto_sort,2013-07,1,233,67,0.7124463519313304
cto_sort,2013-08,1,234,54,0.7692307692307692
cto_sort,2013-09,1,234,57,0.7564102564102564
cto_sort,2013-10,1,235,57,0.7574468085106383
cto_sort,2013-11,1,234,72,0.6923076923076923
cto_sort,2013-12,1,235,57,0.7574468085106383
cto_sort,2014-01,1,235,64,0.7276595744680852
cto_sort,2014-02,1,232,64,0.7241379310344828
cto_sort,2014-03,1,234,54,0.7692307692307692
cto_sort,2014-04,1,232,62,0.7327586206896552
cto_sort,2014-05,1,228,65,0.7149122807017544
cto_sort,2014-06,1,229,56,0.7554585152838428
cto_sort,2014-07,1,229,56,0.7554585152838428
cto_sort,2014-08,1,229,56,0.7554585152838428
cto_sort,2014-09,1,229,44,0.8078602620087336
cto_sort,2014-10,1,226,45,0.8008849557522124
cto_sort,2014-11,1,226,51,0.7743362831858407
cto_sort,2014-12,1,228,49,0.7850877192982456
cto_sort,2015-01,1,230,49,0.7869565217391304
cto_sort,2015-02,1,228,41,0.8201754385964912
cto_sort,2015-03,1,229,56,0.7554585152838428
cto_sort,2015-04,1,228,55,0.7587719298245614
cto_sort,2015-05,1,223,55,0.7533632286995515
cto_sort,2015-06,1,221,43,0.8054298642533937
cto_sort,2015-07,1,212,42,0.8018867924528301
cto_sort,2015-08,1,213,26,0.8779342723004695
cto_sort,2015-09,1,213,34,0.8403755868544601
cto_sort,2015-10,1,219,40,0.817351598173516
cto_sort,2015-11,1,227,48,0.788546255506608
cto_sort,2015-12,1,236,47,0.8008474576271186
cto_sort,2016-01,1,239,43,0.8200836820083682
cto_sort,2016-02,1,239,62,0.7405857740585774
cto_sort,2016-03,1,244,56,0.7704918032786885
cto_sort,2016-04,1,245,51,0.7918367346938775
cto_sort,2016-05,1,246,43,0.8252032520325203
cto_sort,2016-06,1,250,66,0.736
cto_sort,2016-07,1,254,60,0.7637795275590551
cto_sort,2016-08,1,256,70,0.7265625
cto_sort,2016-09,1,257,64,0.7509727626459144
cto_sort,2016-10,1,256,65,0.74609375
cto_sort,2016-11,1,260,73,0.7192307692307692
cto_sort,2016-12,1,261,75,0.7126436781609196
cto_sort,2017-01,1,261,81,0.6896551724137931
cto_sort,2017-02,1,260,102,0.6076923076923078
cto_sort,2017-03,1,263,87,0.6692015209125475
cto_sort,2017-04,1,263,72,0.7262357414448669
cto_sort,2017-05,1,261,59,0.7739463601532567
cto_sort,2017-06,1,262,82,0.6870229007633588
cto_sort,2017-07,1,264,52,0.803030303030303
cto_sort,2017-08,1,267,64,0.7602996254681648
cto_sort,2017-09,1,272,85,0.6875
cto_sort,2017-10,1,274,77,0.718978102189781
cto_sort,2017-11,1,280,56,0.8
cto_sort,2017-12,1,282,77,0.7269503546099291
cto_sort,2018-01,1,288,68,0.7638888888888888
cto_sort,2018-02,1,285,63,0.7789473684210526
cto_sort,2018-03,1,290,60,0.7931034482758621
cto_sort,2018-04,1,294,67,0.7721088435374149
cto_sort,2018-05,1,301,61,0.7973421926910299
cto_sort,2018-06,1,305,66,0.7836065573770492
cto_sort,2018-07,1,309,86,0.7216828478964401
cto_sort,2018-08,1,317,66,0.7917981072555205
cto_sort,2018-09,1,323,79,0.7554179566563468
cto_sort,2018-10,1,327,80,0.7553516819571866
cto_sort,2018-11,1,334,77,0.7694610778443114
cto_sort,2018-12,1,336,90,0.7321428571428572
cto_sort,2019-01,1,338,97,0.7130177514792899
cto_sort,2019-02,1,340,85,0.75
cto_sort,2019-03,1,341,89,0.7390029325513197
cto_sort,2019-04,1,342,109,0.6812865497076024
cto_sort,2019-05,1,337,75,0.7774480712166172
cto_sort,2019-06,1,338,65,0.8076923076923077
cto_sort,2019-07,1,338,73,0.7840236686390533
cto_sort,2019-08,1,339,87,0.7433628318584071
cto_sort,2019-09,1,339,89,0.7374631268436578
cto_sort,2019-10,1,340,88,0.7411764705882353
cto_sort,2019-11,1,340,99,0.7088235294117646
cto_sort,2019-12,1,341,119,0.6510263929618768
cto_sort,2020-01,1,342,94,0.7251461988304093
cto_sort,2020-02,1,343,82,0.760932944606414
cto_sort,2020-03,1,344,45,0.8691860465116279
cto_sort,2020-04,1,345,107,0.6898550724637681
cto_sort,2020-05,1,340,91,0.7323529411764707
cto_sort,2020-06,1,341,88,0.7419354838709677
cto_sort,2020-07,1,343,74,0.7842565597667639
cto_sort,2020-08,1,344,76,0.7790697674418605
cto_sort,2020-09,1,345,95,0.7246376811594203
cto_sort,2020-10,1,346,127,0.6329479768786127
cto_sort,2020-11,1,349,91,0.7392550143266476
cto_sort,2020-12,1,352,82,0.7670454545454546
cto_sort,2021-01,1,354,111,0.6864406779661016
cto_sort,2021-02,1,356,70,0.8033707865168539
cto_sort,2021-03,1,358,86,0.7597765363128491
cto_sort,2021-04,1,362,104,0.7127071823204421
cto_sort,2021-05,1,361,117,0.6759002770083102
cto_sort,2021-06,1,366,111,0.6967213114754098
cto_sort,2021-07,1,370,109,0.7054054054054054
cto_sort,2021-08,1,377,108,0.7135278514588859
cto_sort,2021-09,1,383,101,0.7362924281984334
cto_sort,2021-10,1,385,97,0.7480519480519481
cto_sort,2021-11,1,388,98,0.7474226804123711
cto_sort,2021-12,1,393,88,0.7760814249363868
cto_sort,2022-01,1,396,110,0.7222222222222222
cto_sort,2022-02,1,399,104,0.7393483709273183
cto_sort,2022-03,1,403,126,0.6873449131513647
cto_sort,2022-04,1,409,118,0.7114914425427873
cto_sort,2022-05,1,412,127,0.691747572815534
cto_sort,2022-06,1,417,99,0.762589928057554
cto_sort,2022-07,1,421,102,0.7577197149643705
cto_sort,2022-08,1,426,117,0.7253521126760563
cto_sort,2022-09,1,430,69,0.8395348837209302
cto_sort,2022-10,1,434,80,0.815668202764977
cto_sort,2022-11,1,438,124,0.7168949771689498
cto_sort,2022-12,1,442,126,0.7149321266968326
cto_sort,2023-01,1,445,133,0.701123595505618
cto_sort,2023-02,1,446,102,0.7713004484304933
cto_sort,2023-03,1,450,111,0.7533333333333333
cto_sort,2023-04,1,454,123,0.7290748898678414
cto_sort,2023-05,1,451,120,0.7339246119733924
cto_sort,2023-06,1,455,138,0.6967032967032967
cto_sort,2023-07,1,457,129,0.7177242888402626
cto_sort,2023-08,1,461,132,0.7136659436008677
cto_sort,2023-09,1,465,142,0.6946236559139785
cto_sort,2023-10,1,468,164,0.6495726495726496
cto_sort,2023-11,1,471,156,0.6687898089171975
cto_sort,2023-12,1,474,133,0.7194092827004219
cto_sort,2024-01,1,474,119,0.748945147679325
cto_sort,2024-02,1,476,98,0.7941176470588236
cto_sort,2024-03,1,478,111,0.7677824267782427
cto_sort,2024-04,1,481,96,0.8004158004158004
cto_sort,2024-05,1,477,118,0.7526205450733753
cto_sort,2024-06,1,481,114,0.762993762993763
cto_sort,2024-07,1,485,130,0.731958762886598
cto_sort,2024-08,1,487,136,0.7207392197125257
cto_sort,2024-09,1,489,140,0.7137014314928425
cto_sort,2024-10,1,489,120,0.754601226993865
cto_sort,2024-11,1,490,151,0.6918367346938776
cto_sort,2024-12,1,491,170,0.6537678207739308
cto_sort,2025-01,1,492,149,0.6971544715447154
cto_sort,2025-02,1,492,153,0.6890243902439024
cto_sort,2025-03,1,493,129,0.7383367139959431
cto_sort,2025-04,1,493,112,0.7728194726166329
cto_sort,2025-05,1,486,110,0.7736625514403292
cto_sort,2025-06,1,488,148,0.6967213114754098
cto_sort,2025-07,1,489,152,0.689161554192229
cto_sort,2025-08,1,489,157,0.6789366053169734
cto_sort,2025-09,1,490,123,0.7489795918367347
cto_sort,2025-10,1,490,111,0.773469387755102
cto_sort,2025-11,1,490,126,0.7428571428571429
cto_sort,2025-12,1,492,142,0.7113821138211383
cto_sort,2026-01,1,492,151,0.693089430894309
cto_sort,2026-02,1,492,112,0.7723577235772358
cto_sort,2026-03,1,493,120,0.7565922920892495
cto_sort,2026-04,1,495,92,0.8141414141414142
cto_sort,2026-05,1,487,97,0.8008213552361396
cto_sort,2026-06,1,491,124,0.7474541751527495
cto_sort,2013-02,10,222,39,0.8243243243243243
cto_sort,2013-03,10,225,37,0.8355555555555556
cto_sort,2013-04,10,227,27,0.8810572687224669
cto_sort,2013-05,10,231,33,0.8571428571428572
cto_sort,2013-06,10,231,22,0.9047619047619048
cto_sort,2013-07,10,233,31,0.8669527896995708
cto_sort,2013-08,10,235,40,0.8297872340425532
cto_sort,2013-09,10,235,51,0.7829787234042553
cto_sort,2013-10,10,236,36,0.847457627118644
cto_sort,2013-11,10,235,29,0.8765957446808511
cto_sort,2013-12,10,236,28,0.8813559322033898
cto_sort,2014-01,10,235,23,0.902127659574468
cto_sort,2014-02,10,233,37,0.8412017167381974
cto_sort,2014-03,10,235,28,0.8808510638297873
cto_sort,2014-04,10,233,44,0.8111587982832618
cto_sort,2014-05,10,229,39,0.8296943231441047
cto_sort,2014-06,10,230,30,0.8695652173913043
cto_sort,2014-07,10,230,36,0.8434782608695652
cto_sort,2014-08,10,230,34,0.8521739130434782
cto_sort,2014-09,10,230,31,0.8652173913043478
cto_sort,2014-10,10,227,30,0.8678414096916299
cto_sort,2014-11,10,227,28,0.8766519823788547
cto_sort,2014-12,10,229,38,0.8340611353711791
cto_sort,2015-01,10,231,29,0.8744588744588745
cto_sort,2015-02,10,229,16,0.9301310043668123
cto_sort,2015-03,10,230,28,0.8782608695652174
cto_sort,2015-04,10,229,29,0.8733624454148472
cto_sort,2015-05,10,224,35,0.84375
cto_sort,2015-06,10,222,24,0.8918918918918919
cto_sort,2015-07,10,213,23,0.892018779342723
cto_sort,2015-08,10,214,24,0.8878504672897196
cto_sort,2015-09,10,214,24,0.8878504672897196
cto_sort,2015-10,10,219,30,0.863013698630137
cto_sort,2015-11,10,228,29,0.8728070175438596
cto_sort,2015-12,10,237,30,0.8734177215189873
cto_sort,2016-01,10,240,21,0.9125
cto_sort,2016-02,10,240,26,0.8916666666666666
cto_sort,2016-03,10,245,27,0.889795918367347
cto_sort,2016-04,10,246,35,0.8577235772357723
cto_sort,2016-05,10,247,33,0.8663967611336032
cto_sort,2016-06,10,251,45,0.8207171314741035
cto_sort,2016-07,10,255,27,0.8941176470588236
cto_sort,2016-08,10,257,44,0.8287937743190661
cto_sort,2016-09,10,258,45,0.8255813953488372
cto_sort,2016-10,10,257,41,0.8404669260700389
cto_sort,2016-11,10,260,24,0.9076923076923077
cto_sort,2016-12,10,262,45,0.8282442748091603
cto_sort,2017-01,10,262,51,0.8053435114503817
cto_sort,2017-02,10,261,47,0.8199233716475096
cto_sort,2017-03,10,264,46,0.8257575757575757
cto_sort,2017-04,10,264,36,0.8636363636363636
cto_sort,2017-05,10,262,45,0.8282442748091603
cto_sort,2017-06,10,263,51,0.8060836501901141
cto_sort,2017-07,10,265,50,0.8113207547169812
cto_sort,2017-08,10,268,47,0.8246268656716418
cto_sort,2017-09,10,273,39,0.8571428571428572
cto_sort,2017-10,10,275,37,0.8654545454545455
cto_sort,2017-11,10,281,42,0.8505338078291815
cto_sort,2017-12,10,283,42,0.8515901060070672
cto_sort,2018-01,10,289,43,0.8512110726643598
cto_sort,2018-02,10,286,43,0.8496503496503497
cto_sort,2018-03,10,291,45,0.845360824742268
cto_sort,2018-04,10,295,44,0.8508474576271187
cto_sort,2018-05,10,301,48,0.8405315614617941
cto_sort,2018-06,10,306,45,0.8529411764705882
cto_sort,2018-07,10,310,37,0.8806451612903226
cto_sort,2018-08,10,318,56,0.8238993710691824
cto_sort,2018-09,10,324,46,0.8580246913580247
cto_sort,2018-10,10,328,53,0.8384146341463414
cto_sort,2018-11,10,334,47,0.8592814371257484
cto_sort,2018-12,10,337,59,0.8249258160237389
cto_sort,2019-01,10,339,52,0.8466076696165192
cto_sort,2019-02,10,340,53,0.8441176470588235
cto_sort,2019-03,10,341,42,0.8768328445747801
cto_sort,2019-04,10,343,52,0.8483965014577259
cto_sort,2019-05,10,338,44,0.8698224852071006
cto_sort,2019-06,10,339,54,0.8407079646017699
cto_sort,2019-07,10,339,39,0.8849557522123894
cto_sort,2019-08,10,340,55,0.8382352941176471
cto_sort,2019-09,10,340,46,0.8647058823529412
cto_sort,2019-10,10,341,50,0.8533724340175953
cto_sort,2019-11,10,341,52,0.8475073313782991
cto_sort,2019-12,10,342,64,0.8128654970760234
cto_sort,2020-01,10,343,43,0.8746355685131195
cto_sort,2020-02,10,344,116,0.6627906976744187
cto_sort,2020-03,10,345,61,0.8231884057971015
cto_sort,2020-04,10,346,80,0.7687861271676301
cto_sort,2020-05,10,341,82,0.7595307917888563
cto_sort,2020-06,10,342,77,0.7748538011695907
cto_sort,2020-07,10,344,60,0.8255813953488372
cto_sort,2020-08,10,345,63,0.817391304347826
cto_sort,2020-09,10,346,85,0.7543352601156069
cto_sort,2020-10,10,347,80,0.7694524495677233
cto_sort,2020-11,10,350,80,0.7714285714285715
cto_sort,2020-12,10,353,72,0.7960339943342776
cto_sort,2021-01,10,355,71,0.8
cto_sort,2021-02,10,357,61,0.8291316526610644
cto_sort,2021-03,10,359,49,0.8635097493036212
cto_sort,2021-04,10,363,70,0.8071625344352618
cto_sort,2021-05,10,362,67,0.8149171270718232
cto_sort,2021-06,10,367,59,0.8392370572207084
cto_sort,2021-07,10,371,71,0.8086253369272237
cto_sort,2021-08,10,378,68,0.8201058201058201
cto_sort,2021-09,10,384,56,0.8541666666666666
cto_sort,2021-10,10,386,75,0.805699481865285
cto_sort,2021-11,10,389,69,0.8226221079691517
cto_sort,2021-12,10,394,77,0.8045685279187818
cto_sort,2022-01,10,397,73,0.8161209068010076
cto_sort,2022-02,10,400,66,0.835
cto_sort,2022-03,10,404,73,0.8193069306930694
cto_sort,2022-04,10,410,63,0.8463414634146341
cto_sort,2022-05,10,413,60,0.8547215496368039
cto_sort,2022-06,10,418,66,0.8421052631578947
cto_sort,2022-07,10,422,70,0.8341232227488151
cto_sort,2022-08,10,427,84,0.8032786885245902
cto_sort,2022-09,10,431,87,0.7981438515081206
cto_sort,2022-10,10,435,79,0.8183908045977011
cto_sort,2022-11,10,438,77,0.8242009132420092
cto_sort,2022-12,10,443,69,0.8442437923250564
cto_sort,2023-01,10,446,52,0.8834080717488789
cto_sort,2023-02,10,447,55,0.8769574944071589
cto_sort,2023-03,10,451,82,0.8181818181818181
cto_sort,2023-04,10,454,61,0.8656387665198237
cto_sort,2023-05,10,452,77,0.8296460176991151
cto_sort,2023-06,10,456,85,0.8135964912280702
cto_sort,2023-07,10,458,76,0.8340611353711791
cto_sort,2023-08,10,462,95,0.7943722943722944
cto_sort,2023-09,10,466,94,0.7982832618025751
cto_sort,2023-10,10,469,82,0.8251599147121536
cto_sort,2023-11,10,472,72,0.847457627118644
cto_sort,2023-12,10,475,104,0.7810526315789473
cto_sort,2024-01,10,475,134,0.7178947368421053
cto_sort,2024-02,10,477,69,0.8553459119496856
cto_sort,2024-03,10,479,86,0.8204592901878914
cto_sort,2024-04,10,482,88,0.8174273858921162
cto_sort,2024-05,10,478,77,0.8389121338912133
cto_sort,2024-06,10,482,94,0.8049792531120332
cto_sort,2024-07,10,486,96,0.8024691358024691
cto_sort,2024-08,10,488,91,0.8135245901639344
cto_sort,2024-09,10,489,75,0.8466257668711656
cto_sort,2024-10,10,490,97,0.8020408163265307
cto_sort,2024-11,10,491,127,0.7413441955193483
cto_sort,2024-12,10,492,117,0.7621951219512195
cto_sort,2025-01,10,493,96,0.8052738336713996
cto_sort,2025-02,10,493,88,0.821501014198783
cto_sort,2025-03,10,494,76,0.8461538461538461
cto_sort,2025-04,10,494,81,0.8360323886639676
cto_sort,2025-05,10,487,90,0.8151950718685832
cto_sort,2025-06,10,489,100,0.7955010224948875
cto_sort,2025-07,10,490,80,0.8367346938775511
cto_sort,2025-08,10,490,74,0.8489795918367347
cto_sort,2025-09,10,491,93,0.8105906313645621
cto_sort,2025-10,10,491,96,0.8044806517311609
cto_sort,2025-11,10,491,77,0.8431771894093687
cto_sort,2025-12,10,493,110,0.7768762677484787
cto_sort,2026-01,10,493,85,0.8275862068965517
cto_sort,2026-02,10,493,72,0.8539553752535497
cto_sort,2026-03,10,494,104,0.7894736842105263
cto_sort,2026-04,10,495,72,0.8545454545454545
cto_sort,2026-05,10,488,109,0.7766393442622951
cto_sort,2026-06,10,492,98,0.8008130081300813
lightgbm,2013-02,1,221,57,0.7420814479638009
lightgbm,2013-03,1,224,58,0.7410714285714286
lightgbm,2013-04,1,226,63,0.7212389380530974
lightgbm,2013-05,1,230,58,0.7478260869565218
lightgbm,2013-06,1,230,74,0.6782608695652175
lightgbm,2013-07,1,233,69,0.703862660944206
lightgbm,2013-08,1,234,47,0.7991452991452992
lightgbm,2013-09,1,234,46,0.8034188034188035
lightgbm,2013-10,1,235,42,0.8212765957446808
lightgbm,2013-11,1,234,53,0.7735042735042735
lightgbm,2013-12,1,235,47,0.8
lightgbm,2014-01,1,235,59,0.7489361702127659
lightgbm,2014-02,1,232,60,0.7413793103448276
lightgbm,2014-03,1,234,52,0.7777777777777778
lightgbm,2014-04,1,232,75,0.6767241379310345
lightgbm,2014-05,1,228,63,0.7236842105263157
lightgbm,2014-06,1,229,80,0.6506550218340612
lightgbm,2014-07,1,229,59,0.74235807860262
lightgbm,2014-08,1,229,50,0.7816593886462881
lightgbm,2014-09,1,229,57,0.7510917030567685
lightgbm,2014-10,1,226,58,0.7433628318584071
lightgbm,2014-11,1,226,67,0.7035398230088495
lightgbm,2014-12,1,228,57,0.75
lightgbm,2015-01,1,230,51,0.7782608695652173
lightgbm,2015-02,1,228,79,0.6535087719298245
lightgbm,2015-03,1,229,57,0.7510917030567685
lightgbm,2015-04,1,228,54,0.7631578947368421
lightgbm,2015-05,1,223,72,0.6771300448430493
lightgbm,2015-06,1,221,53,0.7601809954751131
lightgbm,2015-07,1,212,51,0.7594339622641509
lightgbm,2015-08,1,213,44,0.7934272300469484
lightgbm,2015-09,1,213,59,0.7230046948356808
lightgbm,2015-10,1,219,73,0.6666666666666667
lightgbm,2015-11,1,227,69,0.696035242290749
lightgbm,2015-12,1,236,55,0.7669491525423728
lightgbm,2016-01,1,239,63,0.7364016736401673
lightgbm,2016-02,1,239,64,0.7322175732217573
lightgbm,2016-03,1,244,70,0.7131147540983607
lightgbm,2016-04,1,245,69,0.7183673469387755
lightgbm,2016-05,1,246,72,0.7073170731707317
lightgbm,2016-06,1,250,70,0.72
lightgbm,2016-07,1,254,57,0.7755905511811023
lightgbm,2016-08,1,256,75,0.70703125
lightgbm,2016-09,1,257,68,0.7354085603112841
lightgbm,2016-10,1,256,64,0.75
lightgbm,2016-11,1,260,67,0.7423076923076923
lightgbm,2016-12,1,261,67,0.7432950191570882
lightgbm,2017-01,1,261,83,0.6819923371647509
lightgbm,2017-02,1,260,85,0.6730769230769231
lightgbm,2017-03,1,263,74,0.7186311787072244
lightgbm,2017-04,1,263,89,0.6615969581749049
lightgbm,2017-05,1,261,99,0.6206896551724138
lightgbm,2017-06,1,262,93,0.6450381679389313
lightgbm,2017-07,1,264,87,0.6704545454545454
lightgbm,2017-08,1,267,98,0.6329588014981273
lightgbm,2017-09,1,272,97,0.6433823529411764
lightgbm,2017-10,1,274,83,0.6970802919708029
lightgbm,2017-11,1,280,108,0.6142857142857143
lightgbm,2017-12,1,282,124,0.5602836879432624
lightgbm,2018-01,1,288,99,0.65625
lightgbm,2018-02,1,285,111,0.6105263157894737
lightgbm,2018-03,1,290,106,0.6344827586206896
lightgbm,2018-04,1,294,99,0.6632653061224489
lightgbm,2018-05,1,301,94,0.6877076411960132
lightgbm,2018-06,1,305,102,0.6655737704918032
lightgbm,2018-07,1,309,112,0.6375404530744336
lightgbm,2018-08,1,317,119,0.6246056782334385
lightgbm,2018-09,1,323,114,0.6470588235294117
lightgbm,2018-10,1,327,107,0.672782874617737
lightgbm,2018-11,1,334,80,0.7604790419161677
lightgbm,2018-12,1,336,114,0.6607142857142857
lightgbm,2019-01,1,338,117,0.6538461538461539
lightgbm,2019-02,1,340,132,0.611764705882353
lightgbm,2019-03,1,341,103,0.6979472140762464
lightgbm,2019-04,1,342,91,0.7339181286549707
lightgbm,2019-05,1,337,90,0.7329376854599406
lightgbm,2019-06,1,338,101,0.7011834319526626
lightgbm,2019-07,1,338,93,0.7248520710059172
lightgbm,2019-08,1,339,139,0.5899705014749262
lightgbm,2019-09,1,339,145,0.5722713864306785
lightgbm,2019-10,1,340,122,0.6411764705882352
lightgbm,2019-11,1,340,112,0.6705882352941177
lightgbm,2019-12,1,341,155,0.5454545454545454
lightgbm,2020-01,1,342,149,0.564327485380117
lightgbm,2020-02,1,343,128,0.6268221574344024
lightgbm,2020-03,1,344,90,0.7383720930232558
lightgbm,2020-04,1,345,129,0.6260869565217391
lightgbm,2020-05,1,340,124,0.6352941176470588
lightgbm,2020-06,1,341,139,0.5923753665689149
lightgbm,2020-07,1,343,100,0.7084548104956268
lightgbm,2020-08,1,344,101,0.7063953488372092
lightgbm,2020-09,1,345,104,0.6985507246376812
lightgbm,2020-10,1,346,166,0.5202312138728324
lightgbm,2020-11,1,349,118,0.66189111747851
lightgbm,2020-12,1,352,130,0.6306818181818181
lightgbm,2021-01,1,354,126,0.6440677966101696
lightgbm,2021-02,1,356,120,0.6629213483146068
lightgbm,2021-03,1,358,125,0.6508379888268156
lightgbm,2021-04,1,362,120,0.6685082872928176
lightgbm,2021-05,1,361,160,0.556786703601108
lightgbm,2021-06,1,366,144,0.6065573770491803
lightgbm,2021-07,1,370,139,0.6243243243243244
lightgbm,2021-08,1,377,140,0.6286472148541113
lightgbm,2021-09,1,383,126,0.6710182767624021
lightgbm,2021-10,1,385,140,0.6363636363636364
lightgbm,2021-11,1,388,134,0.654639175257732
lightgbm,2021-12,1,393,102,0.7404580152671756
lightgbm,2022-01,1,396,132,0.6666666666666667
lightgbm,2022-02,1,399,150,0.6240601503759399
lightgbm,2022-03,1,403,159,0.6054590570719602
lightgbm,2022-04,1,409,144,0.647921760391198
lightgbm,2022-05,1,412,172,0.5825242718446602
lightgbm,2022-06,1,417,153,0.6330935251798562
lightgbm,2022-07,1,421,163,0.6128266033254157
lightgbm,2022-08,1,426,138,0.676056338028169
lightgbm,2022-09,1,430,164,0.6186046511627907
lightgbm,2022-10,1,434,158,0.6359447004608295
lightgbm,2022-11,1,438,158,0.639269406392694
lightgbm,2022-12,1,442,187,0.5769230769230769
lightgbm,2023-01,1,445,173,0.6112359550561798
lightgbm,2023-02,1,446,153,0.6569506726457399
lightgbm,2023-03,1,450,173,0.6155555555555556
lightgbm,2023-04,1,454,222,0.5110132158590308
lightgbm,2023-05,1,451,205,0.5454545454545454
lightgbm,2023-06,1,455,221,0.5142857142857142
lightgbm,2023-07,1,457,144,0.6849015317286652
lightgbm,2023-08,1,461,136,0.7049891540130152
lightgbm,2023-09,1,465,149,0.6795698924731183
lightgbm,2023-10,1,468,200,0.5726495726495726
lightgbm,2023-11,1,471,211,0.5520169851380042
lightgbm,2023-12,1,474,172,0.6371308016877637
lightgbm,2024-01,1,474,154,0.6751054852320675
lightgbm,2024-02,1,476,153,0.6785714285714286
lightgbm,2024-03,1,478,198,0.5857740585774058
lightgbm,2024-04,1,481,145,0.6985446985446986
lightgbm,2024-05,1,477,143,0.70020964360587
lightgbm,2024-06,1,481,159,0.6694386694386694
lightgbm,2024-07,1,485,169,0.6515463917525773
lightgbm,2024-08,1,487,154,0.6837782340862423
lightgbm,2024-09,1,489,177,0.6380368098159509
lightgbm,2024-10,1,489,148,0.6973415132924335
lightgbm,2024-11,1,490,120,0.7551020408163265
lightgbm,2024-12,1,491,166,0.6619144602851323
lightgbm,2025-01,1,492,197,0.5995934959349594
lightgbm,2025-02,1,492,208,0.5772357723577235
lightgbm,2025-03,1,493,164,0.6673427991886409
lightgbm,2025-04,1,493,163,0.6693711967545639
lightgbm,2025-05,1,486,159,0.6728395061728395
lightgbm,2025-06,1,488,172,0.6475409836065573
lightgbm,2025-07,1,489,174,0.6441717791411044
lightgbm,2025-08,1,489,188,0.6155419222903886
lightgbm,2025-09,1,490,168,0.6571428571428571
lightgbm,2025-10,1,490,151,0.6918367346938776
lightgbm,2025-11,1,490,179,0.6346938775510205
lightgbm,2025-12,1,492,181,0.6321138211382114
lightgbm,2026-01,1,492,186,0.6219512195121951
lightgbm,2026-02,1,492,205,0.5833333333333333
lightgbm,2026-03,1,493,175,0.6450304259634889
lightgbm,2026-04,1,495,194,0.608080808080808
lightgbm,2026-05,1,487,167,0.6570841889117043
lightgbm,2026-06,1,491,185,0.6232179226069247
lightgbm,2013-02,10,222,49,0.7792792792792793
lightgbm,2013-03,10,225,63,0.72
lightgbm,2013-04,10,227,61,0.7312775330396476
lightgbm,2013-05,10,231,65,0.7186147186147186
lightgbm,2013-06,10,231,60,0.7402597402597403
lightgbm,2013-07,10,233,54,0.7682403433476395
lightgbm,2013-08,10,235,45,0.8085106382978724
lightgbm,2013-09,10,235,56,0.7617021276595745
lightgbm,2013-10,10,236,56,0.7627118644067796
lightgbm,2013-11,10,235,69,0.7063829787234043
lightgbm,2013-12,10,236,86,0.6355932203389831
lightgbm,2014-01,10,235,84,0.6425531914893616
lightgbm,2014-02,10,233,81,0.6523605150214593
lightgbm,2014-03,10,235,74,0.6851063829787234
lightgbm,2014-04,10,233,78,0.6652360515021459
lightgbm,2014-05,10,229,82,0.6419213973799127
lightgbm,2014-06,10,230,92,0.6
lightgbm,2014-07,10,230,77,0.6652173913043478
lightgbm,2014-08,10,230,70,0.6956521739130435
lightgbm,2014-09,10,230,71,0.691304347826087
lightgbm,2014-10,10,227,69,0.696035242290749
lightgbm,2014-11,10,227,78,0.6563876651982379
lightgbm,2014-12,10,229,71,0.6899563318777293
lightgbm,2015-01,10,231,69,0.7012987012987013
lightgbm,2015-02,10,229,85,0.62882096069869
lightgbm,2015-03,10,230,67,0.7086956521739131
lightgbm,2015-04,10,229,61,0.7336244541484715
lightgbm,2015-05,10,224,47,0.7901785714285714
lightgbm,2015-06,10,222,53,0.7612612612612613
lightgbm,2015-07,10,213,32,0.8497652582159625
lightgbm,2015-08,10,214,35,0.8364485981308412
lightgbm,2015-09,10,214,34,0.8411214953271028
lightgbm,2015-10,10,219,44,0.7990867579908676
lightgbm,2015-11,10,228,62,0.7280701754385965
lightgbm,2015-12,10,237,60,0.7468354430379747
lightgbm,2016-01,10,240,72,0.7
lightgbm,2016-02,10,240,72,0.7
lightgbm,2016-03,10,245,83,0.6612244897959183
lightgbm,2016-04,10,246,93,0.6219512195121951
lightgbm,2016-05,10,247,73,0.7044534412955465
lightgbm,2016-06,10,251,89,0.6454183266932271
lightgbm,2016-07,10,255,101,0.603921568627451
lightgbm,2016-08,10,257,116,0.5486381322957199
lightgbm,2016-09,10,258,122,0.5271317829457365
lightgbm,2016-10,10,257,124,0.5175097276264591
lightgbm,2016-11,10,260,119,0.5423076923076924
lightgbm,2016-12,10,262,107,0.5916030534351144
lightgbm,2017-01,10,262,127,0.5152671755725191
lightgbm,2017-02,10,261,128,0.5095785440613028
lightgbm,2017-03,10,264,123,0.5340909090909092
lightgbm,2017-04,10,264,111,0.5795454545454546
lightgbm,2017-05,10,262,125,0.5229007633587786
lightgbm,2017-06,10,263,112,0.5741444866920152
lightgbm,2017-07,10,265,133,0.4981132075471698
lightgbm,2017-08,10,268,136,0.4925373134328358
lightgbm,2017-09,10,273,133,0.5128205128205128
lightgbm,2017-10,10,275,123,0.5527272727272727
lightgbm,2017-11,10,281,132,0.5302491103202847
lightgbm,2017-12,10,283,152,0.46289752650176674
lightgbm,2018-01,10,289,123,0.57439446366782
lightgbm,2018-02,10,286,116,0.5944055944055944
lightgbm,2018-03,10,291,117,0.5979381443298969
lightgbm,2018-04,10,295,129,0.5627118644067797
lightgbm,2018-05,10,301,114,0.6212624584717608
lightgbm,2018-06,10,306,123,0.5980392156862745
lightgbm,2018-07,10,310,131,0.5774193548387097
lightgbm,2018-08,10,318,142,0.5534591194968553
lightgbm,2018-09,10,324,136,0.5802469135802469
lightgbm,2018-10,10,328,139,0.5762195121951219
lightgbm,2018-11,10,334,129,0.6137724550898204
lightgbm,2018-12,10,337,147,0.5637982195845697
lightgbm,2019-01,10,339,154,0.5457227138643068
lightgbm,2019-02,10,340,146,0.5705882352941176
lightgbm,2019-03,10,341,161,0.5278592375366569
lightgbm,2019-04,10,343,130,0.6209912536443148
lightgbm,2019-05,10,338,147,0.5650887573964497
lightgbm,2019-06,10,339,133,0.6076696165191741
lightgbm,2019-07,10,339,126,0.6283185840707964
lightgbm,2019-08,10,340,146,0.5705882352941176
lightgbm,2019-09,10,340,167,0.5088235294117647
lightgbm,2019-10,10,341,156,0.5425219941348973
lightgbm,2019-11,10,341,157,0.5395894428152492
lightgbm,2019-12,10,342,174,0.49122807017543857
lightgbm,2020-01,10,343,169,0.5072886297376094
lightgbm,2020-02,10,344,143,0.5843023255813953
lightgbm,2020-03,10,345,115,0.6666666666666667
lightgbm,2020-04,10,346,123,0.6445086705202312
lightgbm,2020-05,10,341,134,0.6070381231671554
lightgbm,2020-06,10,342,157,0.5409356725146199
lightgbm,2020-07,10,344,127,0.6308139534883721
lightgbm,2020-08,10,345,122,0.6463768115942029
lightgbm,2020-09,10,346,146,0.5780346820809248
lightgbm,2020-10,10,347,161,0.5360230547550433
lightgbm,2020-11,10,350,126,0.64
lightgbm,2020-12,10,353,152,0.5694050991501416
lightgbm,2021-01,10,355,154,0.5661971830985916
lightgbm,2021-02,10,357,140,0.607843137254902
lightgbm,2021-03,10,359,138,0.6155988857938719
lightgbm,2021-04,10,363,147,0.5950413223140496
lightgbm,2021-05,10,362,169,0.5331491712707183
lightgbm,2021-06,10,367,165,0.5504087193460491
lightgbm,2021-07,10,371,158,0.5741239892183289
lightgbm,2021-08,10,378,160,0.5767195767195767
lightgbm,2021-09,10,384,160,0.5833333333333333
lightgbm,2021-10,10,386,186,0.5181347150259068
lightgbm,2021-11,10,389,188,0.5167095115681234
lightgbm,2021-12,10,394,162,0.5888324873096447
lightgbm,2022-01,10,397,202,0.49118387909319894
lightgbm,2022-02,10,400,187,0.5325
lightgbm,2022-03,10,404,202,0.5
lightgbm,2022-04,10,410,213,0.48048780487804876
lightgbm,2022-05,10,413,204,0.5060532687651331
lightgbm,2022-06,10,418,204,0.5119617224880383
lightgbm,2022-07,10,422,235,0.443127962085308
lightgbm,2022-08,10,427,216,0.49414519906323184
lightgbm,2022-09,10,431,194,0.5498839907192575
lightgbm,2022-10,10,435,222,0.4896551724137931
lightgbm,2022-11,10,438,226,0.4840182648401826
lightgbm,2022-12,10,443,221,0.5011286681715575
lightgbm,2023-01,10,446,222,0.5022421524663677
lightgbm,2023-02,10,447,223,0.5011185682326622
lightgbm,2023-03,10,451,214,0.5254988913525499
lightgbm,2023-04,10,454,245,0.460352422907489
lightgbm,2023-05,10,452,238,0.4734513274336283
lightgbm,2023-06,10,456,256,0.4385964912280702
lightgbm,2023-07,10,458,212,0.537117903930131
lightgbm,2023-08,10,462,176,0.6190476190476191
lightgbm,2023-09,10,466,210,0.5493562231759657
lightgbm,2023-10,10,469,277,0.4093816631130064
lightgbm,2023-11,10,472,283,0.40042372881355937
lightgbm,2023-12,10,475,254,0.4652631578947368
lightgbm,2024-01,10,475,267,0.4378947368421052
lightgbm,2024-02,10,477,238,0.5010482180293501
lightgbm,2024-03,10,479,226,0.5281837160751566
lightgbm,2024-04,10,482,189,0.607883817427386
lightgbm,2024-05,10,478,224,0.5313807531380753
lightgbm,2024-06,10,482,240,0.5020746887966805
lightgbm,2024-07,10,486,246,0.49382716049382713
lightgbm,2024-08,10,488,234,0.5204918032786885
lightgbm,2024-09,10,489,240,0.50920245398773
lightgbm,2024-10,10,490,194,0.6040816326530613
lightgbm,2024-11,10,491,209,0.5743380855397149
lightgbm,2024-12,10,492,210,0.5731707317073171
lightgbm,2025-01,10,493,237,0.5192697768762677
lightgbm,2025-02,10,493,247,0.4989858012170385
lightgbm,2025-03,10,494,247,0.5
lightgbm,2025-04,10,494,203,0.5890688259109311
lightgbm,2025-05,10,487,203,0.5831622176591376
lightgbm,2025-06,10,489,244,0.5010224948875255
lightgbm,2025-07,10,490,245,0.5
lightgbm,2025-08,10,490,221,0.5489795918367346
lightgbm,2025-09,10,491,212,0.5682281059063137
lightgbm,2025-10,10,491,215,0.5621181262729125
lightgbm,2025-11,10,491,227,0.5376782077393075
lightgbm,2025-12,10,493,238,0.5172413793103448
lightgbm,2026-01,10,493,232,0.5294117647058824
lightgbm,2026-02,10,493,229,0.5354969574036511
lightgbm,2026-03,10,494,228,0.5384615384615384
lightgbm,2026-04,10,495,232,0.5313131313131313
lightgbm,2026-05,10,488,196,0.5983606557377049
lightgbm,2026-06,10,492,205,0.5833333333333333
ridge,2013-02,1,221,73,0.6696832579185521
ridge,2013-03,1,224,78,0.6517857142857143
ridge,2013-04,1,226,92,0.5929203539823009
ridge,2013-05,1,230,99,0.5695652173913044
ridge,2013-06,1,230,87,0.6217391304347826
ridge,2013-07,1,233,120,0.4849785407725322
ridge,2013-08,1,234,106,0.5470085470085471
ridge,2013-09,1,234,104,0.5555555555555556
ridge,2013-10,1,235,93,0.6042553191489362
ridge,2013-11,1,234,100,0.5726495726495726
ridge,2013-12,1,235,92,0.6085106382978723
ridge,2014-01,1,235,109,0.5361702127659574
ridge,2014-02,1,232,105,0.5474137931034483
ridge,2014-03,1,234,119,0.4914529914529915
ridge,2014-04,1,232,128,0.4482758620689655
ridge,2014-05,1,228,128,0.4385964912280702
ridge,2014-06,1,229,124,0.4585152838427947
ridge,2014-07,1,229,112,0.5109170305676856
ridge,2014-08,1,229,89,0.611353711790393
ridge,2014-09,1,229,107,0.5327510917030568
ridge,2014-10,1,226,106,0.5309734513274336
ridge,2014-11,1,226,113,0.5
ridge,2014-12,1,228,128,0.4385964912280702
ridge,2015-01,1,230,97,0.5782608695652174
ridge,2015-02,1,228,122,0.4649122807017544
ridge,2015-03,1,229,121,0.47161572052401746
ridge,2015-04,1,228,114,0.5
ridge,2015-05,1,223,120,0.4618834080717489
ridge,2015-06,1,221,95,0.5701357466063348
ridge,2015-07,1,212,99,0.5330188679245282
ridge,2015-08,1,213,87,0.5915492957746479
ridge,2015-09,1,213,88,0.5868544600938967
ridge,2015-10,1,219,111,0.4931506849315068
ridge,2015-11,1,227,102,0.5506607929515419
ridge,2015-12,1,236,121,0.4872881355932204
ridge,2016-01,1,239,123,0.4853556485355649
ridge,2016-02,1,239,124,0.4811715481171548
ridge,2016-03,1,244,116,0.5245901639344263
ridge,2016-04,1,245,116,0.5265306122448979
ridge,2016-05,1,246,128,0.4796747967479674
ridge,2016-06,1,250,123,0.508
ridge,2016-07,1,254,111,0.562992125984252
ridge,2016-08,1,256,126,0.5078125
ridge,2016-09,1,257,126,0.5097276264591439
ridge,2016-10,1,256,133,0.48046875
ridge,2016-11,1,260,132,0.49230769230769234
ridge,2016-12,1,261,130,0.5019157088122606
ridge,2017-01,1,261,138,0.47126436781609193
ridge,2017-02,1,260,139,0.4653846153846154
ridge,2017-03,1,263,134,0.49049429657794674
ridge,2017-04,1,263,149,0.4334600760456274
ridge,2017-05,1,261,168,0.3563218390804598
ridge,2017-06,1,262,161,0.3854961832061069
ridge,2017-07,1,264,135,0.48863636363636365
ridge,2017-08,1,267,152,0.43071161048689144
ridge,2017-09,1,272,132,0.5147058823529411
ridge,2017-10,1,274,135,0.5072992700729927
ridge,2017-11,1,280,142,0.4928571428571429
ridge,2017-12,1,282,173,0.3865248226950354
ridge,2018-01,1,288,147,0.48958333333333337
ridge,2018-02,1,285,142,0.5017543859649123
ridge,2018-03,1,290,134,0.5379310344827586
ridge,2018-04,1,294,152,0.48299319727891155
ridge,2018-05,1,301,136,0.548172757475083
ridge,2018-06,1,305,160,0.47540983606557374
ridge,2018-07,1,309,184,0.40453074433656955
ridge,2018-08,1,317,180,0.43217665615141954
ridge,2018-09,1,323,164,0.49226006191950467
ridge,2018-10,1,327,166,0.4923547400611621
ridge,2018-11,1,334,140,0.5808383233532934
ridge,2018-12,1,336,150,0.5535714285714286
ridge,2019-01,1,338,180,0.4674556213017751
ridge,2019-02,1,340,143,0.5794117647058823
ridge,2019-03,1,341,140,0.5894428152492668
ridge,2019-04,1,342,128,0.6257309941520468
ridge,2019-05,1,337,147,0.5637982195845697
ridge,2019-06,1,338,153,0.5473372781065089
ridge,2019-07,1,338,143,0.5769230769230769
ridge,2019-08,1,339,161,0.5250737463126844
ridge,2019-09,1,339,152,0.551622418879056
ridge,2019-10,1,340,148,0.5647058823529412
ridge,2019-11,1,340,148,0.5647058823529412
ridge,2019-12,1,341,169,0.5043988269794721
ridge,2020-01,1,342,163,0.5233918128654971
ridge,2020-02,1,343,171,0.5014577259475219
ridge,2020-03,1,344,108,0.686046511627907
ridge,2020-04,1,345,169,0.5101449275362319
ridge,2020-05,1,340,150,0.5588235294117647
ridge,2020-06,1,341,141,0.5865102639296187
ridge,2020-07,1,343,129,0.6239067055393586
ridge,2020-08,1,344,131,0.6191860465116279
ridge,2020-09,1,345,130,0.6231884057971014
ridge,2020-10,1,346,198,0.4277456647398844
ridge,2020-11,1,349,157,0.5501432664756447
ridge,2020-12,1,352,137,0.6107954545454546
ridge,2021-01,1,354,166,0.5310734463276836
ridge,2021-02,1,356,160,0.550561797752809
ridge,2021-03,1,358,128,0.6424581005586592
ridge,2021-04,1,362,144,0.6022099447513812
ridge,2021-05,1,361,192,0.4681440443213296
ridge,2021-06,1,366,175,0.5218579234972678
ridge,2021-07,1,370,193,0.4783783783783784
ridge,2021-08,1,377,185,0.5092838196286472
ridge,2021-09,1,383,168,0.5613577023498695
ridge,2021-10,1,385,181,0.5298701298701298
ridge,2021-11,1,388,169,0.5644329896907216
ridge,2021-12,1,393,130,0.6692111959287532
ridge,2022-01,1,396,159,0.5984848484848485
ridge,2022-02,1,399,204,0.4887218045112782
ridge,2022-03,1,403,196,0.5136476426799008
ridge,2022-04,1,409,174,0.5745721271393642
ridge,2022-05,1,412,204,0.5048543689320388
ridge,2022-06,1,417,196,0.5299760191846523
ridge,2022-07,1,421,181,0.5700712589073634
ridge,2022-08,1,426,166,0.6103286384976525
ridge,2022-09,1,430,204,0.5255813953488372
ridge,2022-10,1,434,202,0.5345622119815668
ridge,2022-11,1,438,185,0.5776255707762556
ridge,2022-12,1,442,199,0.5497737556561086
ridge,2023-01,1,445,203,0.5438202247191011
ridge,2023-02,1,446,174,0.6098654708520179
ridge,2023-03,1,450,190,0.5777777777777777
ridge,2023-04,1,454,254,0.44052863436123346
ridge,2023-05,1,451,249,0.44789356984478934
ridge,2023-06,1,455,261,0.4263736263736264
ridge,2023-07,1,457,202,0.5579868708971554
ridge,2023-08,1,461,223,0.5162689804772234
ridge,2023-09,1,465,206,0.556989247311828
ridge,2023-10,1,468,223,0.5235042735042735
ridge,2023-11,1,471,230,0.5116772823779193
ridge,2023-12,1,474,206,0.5654008438818565
ridge,2024-01,1,474,230,0.5147679324894514
ridge,2024-02,1,476,217,0.5441176470588236
ridge,2024-03,1,478,246,0.4853556485355649
ridge,2024-04,1,481,199,0.5862785862785862
ridge,2024-05,1,477,194,0.5932914046121593
ridge,2024-06,1,481,197,0.5904365904365905
ridge,2024-07,1,485,221,0.5443298969072166
ridge,2024-08,1,487,204,0.5811088295687885
ridge,2024-09,1,489,213,0.5644171779141105
ridge,2024-10,1,489,241,0.5071574642126789
ridge,2024-11,1,490,200,0.5918367346938775
ridge,2024-12,1,491,205,0.5824847250509164
ridge,2025-01,1,492,267,0.45731707317073167
ridge,2025-02,1,492,238,0.516260162601626
ridge,2025-03,1,493,198,0.5983772819472617
ridge,2025-04,1,493,200,0.5943204868154158
ridge,2025-05,1,486,216,0.5555555555555556
ridge,2025-06,1,488,208,0.5737704918032787
ridge,2025-07,1,489,229,0.5316973415132924
ridge,2025-08,1,489,227,0.5357873210633947
ridge,2025-09,1,490,210,0.5714285714285714
ridge,2025-10,1,490,219,0.5530612244897959
ridge,2025-11,1,490,233,0.5244897959183674
ridge,2025-12,1,492,231,0.5304878048780488
ridge,2026-01,1,492,240,0.5121951219512195
ridge,2026-02,1,492,269,0.4532520325203252
ridge,2026-03,1,493,224,0.5456389452332657
ridge,2026-04,1,495,253,0.48888888888888893
ridge,2026-05,1,487,236,0.515400410677618
ridge,2026-06,1,491,243,0.505091649694501
ridge,2013-02,10,222,61,0.7252252252252251
ridge,2013-03,10,225,80,0.6444444444444444
ridge,2013-04,10,227,90,0.6035242290748899
ridge,2013-05,10,231,91,0.6060606060606061
ridge,2013-06,10,231,100,0.5670995670995671
ridge,2013-07,10,233,110,0.5278969957081545
ridge,2013-08,10,235,90,0.6170212765957447
ridge,2013-09,10,235,102,0.5659574468085107
ridge,2013-10,10,236,84,0.6440677966101696
ridge,2013-11,10,235,76,0.676595744680851
ridge,2013-12,10,236,91,0.6144067796610169
ridge,2014-01,10,235,89,0.6212765957446809
ridge,2014-02,10,233,104,0.5536480686695279
ridge,2014-03,10,235,93,0.6042553191489362
ridge,2014-04,10,233,98,0.5793991416309012
ridge,2014-05,10,229,96,0.5807860262008734
ridge,2014-06,10,230,92,0.6
ridge,2014-07,10,230,67,0.7086956521739131
ridge,2014-08,10,230,79,0.6565217391304348
ridge,2014-09,10,230,69,0.7
ridge,2014-10,10,227,64,0.7180616740088106
ridge,2014-11,10,227,98,0.5682819383259912
ridge,2014-12,10,229,106,0.537117903930131
ridge,2015-01,10,231,80,0.6536796536796536
ridge,2015-02,10,229,101,0.5589519650655022
ridge,2015-03,10,230,79,0.6565217391304348
ridge,2015-04,10,229,70,0.6943231441048034
ridge,2015-05,10,224,71,0.6830357142857143
ridge,2015-06,10,222,56,0.7477477477477478
ridge,2015-07,10,213,61,0.7136150234741784
ridge,2015-08,10,214,69,0.677570093457944
ridge,2015-09,10,214,67,0.6869158878504673
ridge,2015-10,10,219,71,0.6757990867579908
ridge,2015-11,10,228,79,0.6535087719298245
ridge,2015-12,10,237,57,0.759493670886076
ridge,2016-01,10,240,93,0.6125
ridge,2016-02,10,240,102,0.575
ridge,2016-03,10,245,85,0.653061224489796
ridge,2016-04,10,246,62,0.7479674796747968
ridge,2016-05,10,247,70,0.7165991902834008
ridge,2016-06,10,251,97,0.6135458167330677
ridge,2016-07,10,255,75,0.7058823529411764
ridge,2016-08,10,257,103,0.5992217898832685
ridge,2016-09,10,258,100,0.6124031007751938
ridge,2016-10,10,257,97,0.622568093385214
ridge,2016-11,10,260,90,0.6538461538461539
ridge,2016-12,10,262,105,0.5992366412213741
ridge,2017-01,10,262,143,0.4541984732824428
ridge,2017-02,10,261,129,0.5057471264367817
ridge,2017-03,10,264,98,0.6287878787878788
ridge,2017-04,10,264,123,0.5340909090909092
ridge,2017-05,10,262,141,0.46183206106870234
ridge,2017-06,10,263,109,0.5855513307984791
ridge,2017-07,10,265,151,0.43018867924528303
ridge,2017-08,10,268,111,0.585820895522388
ridge,2017-09,10,273,106,0.6117216117216118
ridge,2017-10,10,275,109,0.6036363636363636
ridge,2017-11,10,281,119,0.5765124555160142
ridge,2017-12,10,283,123,0.5653710247349824
ridge,2018-01,10,289,119,0.5882352941176471
ridge,2018-02,10,286,126,0.5594405594405594
ridge,2018-03,10,291,81,0.7216494845360825
ridge,2018-04,10,295,96,0.6745762711864407
ridge,2018-05,10,301,123,0.5913621262458472
ridge,2018-06,10,306,115,0.6241830065359477
ridge,2018-07,10,310,98,0.6838709677419355
ridge,2018-08,10,318,149,0.5314465408805031
ridge,2018-09,10,324,138,0.5740740740740741
ridge,2018-10,10,328,126,0.6158536585365854
ridge,2018-11,10,334,115,0.655688622754491
ridge,2018-12,10,337,111,0.6706231454005935
ridge,2019-01,10,339,135,0.6017699115044248
ridge,2019-02,10,340,143,0.5794117647058823
ridge,2019-03,10,341,142,0.5835777126099706
ridge,2019-04,10,343,126,0.6326530612244898
ridge,2019-05,10,338,136,0.5976331360946745
ridge,2019-06,10,339,115,0.6607669616519174
ridge,2019-07,10,339,117,0.6548672566371682
ridge,2019-08,10,340,135,0.6029411764705883
ridge,2019-09,10,340,140,0.5882352941176471
ridge,2019-10,10,341,124,0.6363636363636364
ridge,2019-11,10,341,143,0.5806451612903225
ridge,2019-12,10,342,134,0.6081871345029239
ridge,2020-01,10,343,169,0.5072886297376094
ridge,2020-02,10,344,195,0.4331395348837209
ridge,2020-03,10,345,126,0.6347826086956522
ridge,2020-04,10,346,134,0.6127167630057804
ridge,2020-05,10,341,109,0.6803519061583578
ridge,2020-06,10,342,132,0.6140350877192983
ridge,2020-07,10,344,118,0.6569767441860466
ridge,2020-08,10,345,105,0.6956521739130435
ridge,2020-09,10,346,121,0.6502890173410405
ridge,2020-10,10,347,147,0.5763688760806917
ridge,2020-11,10,350,127,0.6371428571428571
ridge,2020-12,10,353,149,0.5779036827195467
ridge,2021-01,10,355,168,0.5267605633802817
ridge,2021-02,10,357,154,0.5686274509803921
ridge,2021-03,10,359,138,0.6155988857938719
ridge,2021-04,10,363,140,0.6143250688705234
ridge,2021-05,10,362,155,0.5718232044198894
ridge,2021-06,10,367,172,0.5313351498637602
ridge,2021-07,10,371,181,0.5121293800539084
ridge,2021-08,10,378,186,0.5079365079365079
ridge,2021-09,10,384,172,0.5520833333333333
ridge,2021-10,10,386,185,0.5207253886010363
ridge,2021-11,10,389,176,0.5475578406169666
ridge,2021-12,10,394,163,0.5862944162436547
ridge,2022-01,10,397,190,0.5214105793450882
ridge,2022-02,10,400,192,0.52
ridge,2022-03,10,404,198,0.5099009900990099
ridge,2022-04,10,410,209,0.4902439024390244
ridge,2022-05,10,413,213,0.4842615012106537
ridge,2022-06,10,418,219,0.47607655502392343
ridge,2022-07,10,422,206,0.5118483412322274
ridge,2022-08,10,427,204,0.522248243559719
ridge,2022-09,10,431,209,0.5150812064965198
ridge,2022-10,10,435,240,0.4482758620689655
ridge,2022-11,10,438,234,0.4657534246575342
ridge,2022-12,10,443,258,0.417607223476298
ridge,2023-01,10,446,217,0.5134529147982063
ridge,2023-02,10,447,203,0.5458612975391499
ridge,2023-03,10,451,198,0.5609756097560976
ridge,2023-04,10,454,235,0.48237885462555063
ridge,2023-05,10,452,222,0.5088495575221239
ridge,2023-06,10,456,229,0.4978070175438597
ridge,2023-07,10,458,198,0.5676855895196506
ridge,2023-08,10,462,189,0.5909090909090908
ridge,2023-09,10,466,209,0.5515021459227467
ridge,2023-10,10,469,234,0.5010660980810235
ridge,2023-11,10,472,260,0.4491525423728814
ridge,2023-12,10,475,253,0.46736842105263154
ridge,2024-01,10,475,254,0.4652631578947368
ridge,2024-02,10,477,153,0.679245283018868
ridge,2024-03,10,479,205,0.5720250521920668
ridge,2024-04,10,482,185,0.6161825726141079
ridge,2024-05,10,478,204,0.5732217573221757
ridge,2024-06,10,482,199,0.5871369294605809
ridge,2024-07,10,486,195,0.5987654320987654
ridge,2024-08,10,488,212,0.5655737704918034
ridge,2024-09,10,489,235,0.5194274028629857
ridge,2024-10,10,490,259,0.4714285714285714
ridge,2024-11,10,491,237,0.5173116089613035
ridge,2024-12,10,492,258,0.47560975609756095
ridge,2025-01,10,493,242,0.5091277890466531
ridge,2025-02,10,493,217,0.5598377281947262
ridge,2025-03,10,494,232,0.5303643724696356
ridge,2025-04,10,494,227,0.5404858299595141
ridge,2025-05,10,487,229,0.5297741273100616
ridge,2025-06,10,489,206,0.5787321063394684
ridge,2025-07,10,490,230,0.5306122448979591
ridge,2025-08,10,490,254,0.4816326530612245
ridge,2025-09,10,491,251,0.48879837067209775
ridge,2025-10,10,491,242,0.5071283095723014
ridge,2025-11,10,491,242,0.5071283095723014
ridge,2025-12,10,493,269,0.4543610547667343
ridge,2026-01,10,493,274,0.44421906693711966
ridge,2026-02,10,493,275,0.4421906693711968
ridge,2026-03,10,494,241,0.5121457489878543
ridge,2026-04,10,495,252,0.49090909090909096
ridge,2026-05,10,488,261,0.4651639344262295
ridge,2026-06,10,492,246,0.5
ridge_cto_family,2013-02,1,221,51,0.7692307692307692
ridge_cto_family,2013-03,1,224,41,0.8169642857142857
ridge_cto_family,2013-04,1,226,44,0.8053097345132744
ridge_cto_family,2013-05,1,230,46,0.8
ridge_cto_family,2013-06,1,230,72,0.6869565217391305
ridge_cto_family,2013-07,1,233,64,0.7253218884120172
ridge_cto_family,2013-08,1,234,36,0.8461538461538461
ridge_cto_family,2013-09,1,234,50,0.7863247863247863
ridge_cto_family,2013-10,1,235,26,0.8893617021276596
ridge_cto_family,2013-11,1,234,50,0.7863247863247863
ridge_cto_family,2013-12,1,235,47,0.8
ridge_cto_family,2014-01,1,235,50,0.7872340425531915
ridge_cto_family,2014-02,1,232,29,0.875
ridge_cto_family,2014-03,1,234,20,0.9145299145299145
ridge_cto_family,2014-04,1,232,42,0.8189655172413793
ridge_cto_family,2014-05,1,228,46,0.7982456140350878
ridge_cto_family,2014-06,1,229,55,0.759825327510917
ridge_cto_family,2014-07,1,229,28,0.8777292576419214
ridge_cto_family,2014-08,1,229,23,0.8995633187772926
ridge_cto_family,2014-09,1,229,35,0.8471615720524017
ridge_cto_family,2014-10,1,226,29,0.8716814159292036
ridge_cto_family,2014-11,1,226,38,0.831858407079646
ridge_cto_family,2014-12,1,228,52,0.7719298245614035
ridge_cto_family,2015-01,1,230,19,0.9173913043478261
ridge_cto_family,2015-02,1,228,70,0.6929824561403508
ridge_cto_family,2015-03,1,229,42,0.8165938864628821
ridge_cto_family,2015-04,1,228,31,0.8640350877192983
ridge_cto_family,2015-05,1,223,27,0.8789237668161435
ridge_cto_family,2015-06,1,221,12,0.9457013574660633
ridge_cto_family,2015-07,1,212,35,0.8349056603773585
ridge_cto_family,2015-08,1,213,29,0.863849765258216
ridge_cto_family,2015-09,1,213,37,0.8262910798122065
ridge_cto_family,2015-10,1,219,45,0.7945205479452055
ridge_cto_family,2015-11,1,227,39,0.8281938325991189
ridge_cto_family,2015-12,1,236,33,0.8601694915254238
ridge_cto_family,2016-01,1,239,32,0.8661087866108786
ridge_cto_family,2016-02,1,239,34,0.8577405857740585
ridge_cto_family,2016-03,1,244,26,0.8934426229508197
ridge_cto_family,2016-04,1,245,33,0.8653061224489795
ridge_cto_family,2016-05,1,246,40,0.8373983739837398
ridge_cto_family,2016-06,1,250,42,0.832
ridge_cto_family,2016-07,1,254,19,0.9251968503937008
ridge_cto_family,2016-08,1,256,41,0.83984375
ridge_cto_family,2016-09,1,257,41,0.8404669260700389
ridge_cto_family,2016-10,1,256,52,0.796875
ridge_cto_family,2016-11,1,260,43,0.8346153846153846
ridge_cto_family,2016-12,1,261,57,0.7816091954022988
ridge_cto_family,2017-01,1,261,51,0.8045977011494253
ridge_cto_family,2017-02,1,260,55,0.7884615384615384
ridge_cto_family,2017-03,1,263,42,0.8403041825095057
ridge_cto_family,2017-04,1,263,66,0.7490494296577948
ridge_cto_family,2017-05,1,261,62,0.7624521072796935
ridge_cto_family,2017-06,1,262,38,0.8549618320610687
ridge_cto_family,2017-07,1,264,56,0.7878787878787878
ridge_cto_family,2017-08,1,267,59,0.7790262172284644
ridge_cto_family,2017-09,1,272,55,0.7977941176470589
ridge_cto_family,2017-10,1,274,36,0.8686131386861313
ridge_cto_family,2017-11,1,280,47,0.8321428571428572
ridge_cto_family,2017-12,1,282,63,0.7765957446808511
ridge_cto_family,2018-01,1,288,30,0.8958333333333334
ridge_cto_family,2018-02,1,285,56,0.8035087719298246
ridge_cto_family,2018-03,1,290,43,0.8517241379310345
ridge_cto_family,2018-04,1,294,58,0.8027210884353742
ridge_cto_family,2018-05,1,301,58,0.8073089700996677
ridge_cto_family,2018-06,1,305,51,0.8327868852459016
ridge_cto_family,2018-07,1,309,52,0.8317152103559871
ridge_cto_family,2018-08,1,317,69,0.7823343848580442
ridge_cto_family,2018-09,1,323,66,0.7956656346749226
ridge_cto_family,2018-10,1,327,68,0.7920489296636086
ridge_cto_family,2018-11,1,334,50,0.8502994011976048
ridge_cto_family,2018-12,1,336,88,0.7380952380952381
ridge_cto_family,2019-01,1,338,67,0.8017751479289941
ridge_cto_family,2019-02,1,340,77,0.7735294117647059
ridge_cto_family,2019-03,1,341,96,0.718475073313783
ridge_cto_family,2019-04,1,342,61,0.8216374269005848
ridge_cto_family,2019-05,1,337,59,0.8249258160237389
ridge_cto_family,2019-06,1,338,73,0.7840236686390533
ridge_cto_family,2019-07,1,338,60,0.8224852071005917
ridge_cto_family,2019-08,1,339,88,0.7404129793510325
ridge_cto_family,2019-09,1,339,66,0.8053097345132744
ridge_cto_family,2019-10,1,340,73,0.7852941176470588
ridge_cto_family,2019-11,1,340,76,0.7764705882352941
ridge_cto_family,2019-12,1,341,110,0.6774193548387097
ridge_cto_family,2020-01,1,342,113,0.6695906432748537
ridge_cto_family,2020-02,1,343,102,0.7026239067055393
ridge_cto_family,2020-03,1,344,45,0.8691860465116279
ridge_cto_family,2020-04,1,345,97,0.7188405797101449
ridge_cto_family,2020-05,1,340,87,0.7441176470588236
ridge_cto_family,2020-06,1,341,86,0.7478005865102639
ridge_cto_family,2020-07,1,343,88,0.7434402332361516
ridge_cto_family,2020-08,1,344,56,0.8372093023255813
ridge_cto_family,2020-09,1,345,105,0.6956521739130435
ridge_cto_family,2020-10,1,346,147,0.5751445086705202
ridge_cto_family,2020-11,1,349,80,0.7707736389684814
ridge_cto_family,2020-12,1,352,103,0.7073863636363636
ridge_cto_family,2021-01,1,354,71,0.7994350282485876
ridge_cto_family,2021-02,1,356,72,0.797752808988764
ridge_cto_family,2021-03,1,358,95,0.7346368715083799
ridge_cto_family,2021-04,1,362,82,0.7734806629834254
ridge_cto_family,2021-05,1,361,108,0.7008310249307479
ridge_cto_family,2021-06,1,366,109,0.7021857923497268
ridge_cto_family,2021-07,1,370,112,0.6972972972972973
ridge_cto_family,2021-08,1,377,124,0.6710875331564987
ridge_cto_family,2021-09,1,383,78,0.7963446475195822
ridge_cto_family,2021-10,1,385,110,0.7142857142857143
ridge_cto_family,2021-11,1,388,96,0.7525773195876289
ridge_cto_family,2021-12,1,393,64,0.8371501272264631
ridge_cto_family,2022-01,1,396,115,0.7095959595959596
ridge_cto_family,2022-02,1,399,122,0.6942355889724311
ridge_cto_family,2022-03,1,403,143,0.6451612903225806
ridge_cto_family,2022-04,1,409,106,0.7408312958435208
ridge_cto_family,2022-05,1,412,112,0.7281553398058253
ridge_cto_family,2022-06,1,417,98,0.7649880095923262
ridge_cto_family,2022-07,1,421,111,0.7363420427553444
ridge_cto_family,2022-08,1,426,112,0.7370892018779343
ridge_cto_family,2022-09,1,430,103,0.7604651162790698
ridge_cto_family,2022-10,1,434,115,0.7350230414746544
ridge_cto_family,2022-11,1,438,116,0.7351598173515982
ridge_cto_family,2022-12,1,442,138,0.6877828054298643
ridge_cto_family,2023-01,1,445,94,0.7887640449438202
ridge_cto_family,2023-02,1,446,99,0.7780269058295964
ridge_cto_family,2023-03,1,450,139,0.6911111111111111
ridge_cto_family,2023-04,1,454,176,0.6123348017621145
ridge_cto_family,2023-05,1,451,169,0.6252771618625277
ridge_cto_family,2023-06,1,455,167,0.6329670329670329
ridge_cto_family,2023-07,1,457,96,0.7899343544857769
ridge_cto_family,2023-08,1,461,132,0.7136659436008677
ridge_cto_family,2023-09,1,465,112,0.7591397849462366
ridge_cto_family,2023-10,1,468,178,0.6196581196581197
ridge_cto_family,2023-11,1,471,159,0.6624203821656052
ridge_cto_family,2023-12,1,474,138,0.7088607594936709
ridge_cto_family,2024-01,1,474,110,0.7679324894514767
ridge_cto_family,2024-02,1,476,111,0.7668067226890756
ridge_cto_family,2024-03,1,478,137,0.7133891213389121
ridge_cto_family,2024-04,1,481,104,0.7837837837837838
ridge_cto_family,2024-05,1,477,124,0.740041928721174
ridge_cto_family,2024-06,1,481,121,0.7484407484407485
ridge_cto_family,2024-07,1,485,140,0.711340206185567
ridge_cto_family,2024-08,1,487,141,0.7104722792607803
ridge_cto_family,2024-09,1,489,126,0.7423312883435582
ridge_cto_family,2024-10,1,489,178,0.6359918200408998
ridge_cto_family,2024-11,1,490,126,0.7428571428571429
ridge_cto_family,2024-12,1,491,147,0.7006109979633401
ridge_cto_family,2025-01,1,492,171,0.6524390243902439
ridge_cto_family,2025-02,1,492,165,0.6646341463414633
ridge_cto_family,2025-03,1,493,105,0.7870182555780934
ridge_cto_family,2025-04,1,493,119,0.7586206896551724
ridge_cto_family,2025-05,1,486,144,0.7037037037037037
ridge_cto_family,2025-06,1,488,126,0.7418032786885246
ridge_cto_family,2025-07,1,489,135,0.7239263803680982
ridge_cto_family,2025-08,1,489,142,0.7096114519427403
ridge_cto_family,2025-09,1,490,103,0.789795918367347
ridge_cto_family,2025-10,1,490,116,0.763265306122449
ridge_cto_family,2025-11,1,490,134,0.726530612244898
ridge_cto_family,2025-12,1,492,142,0.7113821138211383
ridge_cto_family,2026-01,1,492,158,0.6788617886178862
ridge_cto_family,2026-02,1,492,166,0.6626016260162602
ridge_cto_family,2026-03,1,493,129,0.7383367139959431
ridge_cto_family,2026-04,1,495,142,0.7131313131313131
ridge_cto_family,2026-05,1,487,140,0.7125256673511293
ridge_cto_family,2026-06,1,491,163,0.6680244399185336
ridge_cto_family,2013-02,10,222,33,0.8513513513513513
ridge_cto_family,2013-03,10,225,21,0.9066666666666666
ridge_cto_family,2013-04,10,227,14,0.9383259911894273
ridge_cto_family,2013-05,10,231,21,0.9090909090909091
ridge_cto_family,2013-06,10,231,41,0.8225108225108225
ridge_cto_family,2013-07,10,233,14,0.9399141630901288
ridge_cto_family,2013-08,10,235,11,0.9531914893617022
ridge_cto_family,2013-09,10,235,27,0.8851063829787233
ridge_cto_family,2013-10,10,236,11,0.9533898305084746
ridge_cto_family,2013-11,10,235,11,0.9531914893617022
ridge_cto_family,2013-12,10,236,35,0.8516949152542372
ridge_cto_family,2014-01,10,235,37,0.8425531914893617
ridge_cto_family,2014-02,10,233,18,0.9227467811158798
ridge_cto_family,2014-03,10,235,36,0.8468085106382979
ridge_cto_family,2014-04,10,233,17,0.927038626609442
ridge_cto_family,2014-05,10,229,23,0.8995633187772926
ridge_cto_family,2014-06,10,230,24,0.8956521739130435
ridge_cto_family,2014-07,10,230,10,0.9565217391304348
ridge_cto_family,2014-08,10,230,16,0.9304347826086956
ridge_cto_family,2014-09,10,230,43,0.8130434782608695
ridge_cto_family,2014-10,10,227,31,0.8634361233480177
ridge_cto_family,2014-11,10,227,27,0.8810572687224669
ridge_cto_family,2014-12,10,229,21,0.9082969432314411
ridge_cto_family,2015-01,10,231,3,0.987012987012987
ridge_cto_family,2015-02,10,229,22,0.9039301310043668
ridge_cto_family,2015-03,10,230,28,0.8782608695652174
ridge_cto_family,2015-04,10,229,17,0.9257641921397379
ridge_cto_family,2015-05,10,224,21,0.90625
ridge_cto_family,2015-06,10,222,12,0.9459459459459459
ridge_cto_family,2015-07,10,213,27,0.8732394366197183
ridge_cto_family,2015-08,10,214,24,0.8878504672897196
ridge_cto_family,2015-09,10,214,13,0.9392523364485982
ridge_cto_family,2015-10,10,219,12,0.9452054794520548
ridge_cto_family,2015-11,10,228,41,0.8201754385964912
ridge_cto_family,2015-12,10,237,14,0.9409282700421941
ridge_cto_family,2016-01,10,240,15,0.9375
ridge_cto_family,2016-02,10,240,20,0.9166666666666666
ridge_cto_family,2016-03,10,245,18,0.926530612244898
ridge_cto_family,2016-04,10,246,14,0.943089430894309
ridge_cto_family,2016-05,10,247,14,0.9433198380566802
ridge_cto_family,2016-06,10,251,24,0.9043824701195219
ridge_cto_family,2016-07,10,255,11,0.9568627450980393
ridge_cto_family,2016-08,10,257,24,0.9066147859922179
ridge_cto_family,2016-09,10,258,34,0.8682170542635659
ridge_cto_family,2016-10,10,257,17,0.933852140077821
ridge_cto_family,2016-11,10,260,38,0.8538461538461538
ridge_cto_family,2016-12,10,262,37,0.8587786259541985
ridge_cto_family,2017-01,10,262,37,0.8587786259541985
ridge_cto_family,2017-02,10,261,19,0.9272030651340997
ridge_cto_family,2017-03,10,264,23,0.9128787878787878
ridge_cto_family,2017-04,10,264,31,0.8825757575757576
ridge_cto_family,2017-05,10,262,47,0.8206106870229007
ridge_cto_family,2017-06,10,263,12,0.9543726235741445
ridge_cto_family,2017-07,10,265,50,0.8113207547169812
ridge_cto_family,2017-08,10,268,20,0.9253731343283582
ridge_cto_family,2017-09,10,273,26,0.9047619047619048
ridge_cto_family,2017-10,10,275,16,0.9418181818181818
ridge_cto_family,2017-11,10,281,31,0.8896797153024911
ridge_cto_family,2017-12,10,283,33,0.88339222614841
ridge_cto_family,2018-01,10,289,23,0.9204152249134948
ridge_cto_family,2018-02,10,286,26,0.9090909090909091
ridge_cto_family,2018-03,10,291,33,0.8865979381443299
ridge_cto_family,2018-04,10,295,27,0.9084745762711864
ridge_cto_family,2018-05,10,301,43,0.8571428571428572
ridge_cto_family,2018-06,10,306,29,0.9052287581699346
ridge_cto_family,2018-07,10,310,33,0.8935483870967742
ridge_cto_family,2018-08,10,318,68,0.7861635220125787
ridge_cto_family,2018-09,10,324,43,0.8672839506172839
ridge_cto_family,2018-10,10,328,32,0.9024390243902439
ridge_cto_family,2018-11,10,334,28,0.9161676646706587
ridge_cto_family,2018-12,10,337,31,0.9080118694362018
ridge_cto_family,2019-01,10,339,30,0.911504424778761
ridge_cto_family,2019-02,10,340,21,0.9382352941176471
ridge_cto_family,2019-03,10,341,80,0.7653958944281525
ridge_cto_family,2019-04,10,343,27,0.9212827988338192
ridge_cto_family,2019-05,10,338,42,0.8757396449704142
ridge_cto_family,2019-06,10,339,50,0.8525073746312685
ridge_cto_family,2019-07,10,339,49,0.855457227138643
ridge_cto_family,2019-08,10,340,40,0.8823529411764706
ridge_cto_family,2019-09,10,340,23,0.9323529411764706
ridge_cto_family,2019-10,10,341,42,0.8768328445747801
ridge_cto_family,2019-11,10,341,29,0.9149560117302052
ridge_cto_family,2019-12,10,342,39,0.8859649122807017
ridge_cto_family,2020-01,10,343,40,0.8833819241982508
ridge_cto_family,2020-02,10,344,32,0.9069767441860466
ridge_cto_family,2020-03,10,345,34,0.9014492753623189
ridge_cto_family,2020-04,10,346,37,0.8930635838150289
ridge_cto_family,2020-05,10,341,40,0.8826979472140762
ridge_cto_family,2020-06,10,342,34,0.9005847953216375
ridge_cto_family,2020-07,10,344,33,0.9040697674418605
ridge_cto_family,2020-08,10,345,66,0.808695652173913
ridge_cto_family,2020-09,10,346,60,0.8265895953757225
ridge_cto_family,2020-10,10,347,80,0.7694524495677233
ridge_cto_family,2020-11,10,350,60,0.8285714285714285
ridge_cto_family,2020-12,10,353,42,0.8810198300283286
ridge_cto_family,2021-01,10,355,62,0.8253521126760563
ridge_cto_family,2021-02,10,357,32,0.9103641456582633
ridge_cto_family,2021-03,10,359,68,0.8105849582172702
ridge_cto_family,2021-04,10,363,47,0.8705234159779615
ridge_cto_family,2021-05,10,362,46,0.8729281767955801
ridge_cto_family,2021-06,10,367,72,0.8038147138964578
ridge_cto_family,2021-07,10,371,73,0.8032345013477089
ridge_cto_family,2021-08,10,378,49,0.8703703703703703
ridge_cto_family,2021-09,10,384,60,0.84375
ridge_cto_family,2021-10,10,386,56,0.8549222797927462
ridge_cto_family,2021-11,10,389,59,0.8483290488431876
ridge_cto_family,2021-12,10,394,44,0.8883248730964467
ridge_cto_family,2022-01,10,397,72,0.818639798488665
ridge_cto_family,2022-02,10,400,53,0.8674999999999999
ridge_cto_family,2022-03,10,404,91,0.7747524752475248
ridge_cto_family,2022-04,10,410,70,0.8292682926829268
ridge_cto_family,2022-05,10,413,66,0.8401937046004843
ridge_cto_family,2022-06,10,418,75,0.8205741626794258
ridge_cto_family,2022-07,10,422,53,0.8744075829383886
ridge_cto_family,2022-08,10,427,45,0.8946135831381733
ridge_cto_family,2022-09,10,431,73,0.8306264501160092
ridge_cto_family,2022-10,10,435,65,0.8505747126436781
ridge_cto_family,2022-11,10,438,45,0.8972602739726028
ridge_cto_family,2022-12,10,443,97,0.781038374717833
ridge_cto_family,2023-01,10,446,41,0.9080717488789237
ridge_cto_family,2023-02,10,447,56,0.8747203579418344
ridge_cto_family,2023-03,10,451,79,0.8248337028824834
ridge_cto_family,2023-04,10,454,76,0.8325991189427313
ridge_cto_family,2023-05,10,452,59,0.8694690265486725
ridge_cto_family,2023-06,10,456,58,0.8728070175438596
ridge_cto_family,2023-07,10,458,56,0.8777292576419214
ridge_cto_family,2023-08,10,462,62,0.8658008658008658
ridge_cto_family,2023-09,10,466,81,0.8261802575107297
ridge_cto_family,2023-10,10,469,86,0.8166311300639659
ridge_cto_family,2023-11,10,472,83,0.8241525423728814
ridge_cto_family,2023-12,10,475,78,0.8357894736842105
ridge_cto_family,2024-01,10,475,117,0.7536842105263157
ridge_cto_family,2024-02,10,477,58,0.8784067085953878
ridge_cto_family,2024-03,10,479,45,0.906054279749478
ridge_cto_family,2024-04,10,482,48,0.9004149377593361
ridge_cto_family,2024-05,10,478,95,0.801255230125523
ridge_cto_family,2024-06,10,482,96,0.8008298755186722
ridge_cto_family,2024-07,10,486,87,0.8209876543209876
ridge_cto_family,2024-08,10,488,97,0.8012295081967213
ridge_cto_family,2024-09,10,489,81,0.834355828220859
ridge_cto_family,2024-10,10,490,76,0.8448979591836735
ridge_cto_family,2024-11,10,491,77,0.8431771894093687
ridge_cto_family,2024-12,10,492,90,0.8170731707317074
ridge_cto_family,2025-01,10,493,96,0.8052738336713996
ridge_cto_family,2025-02,10,493,68,0.8620689655172413
ridge_cto_family,2025-03,10,494,46,0.9068825910931174
ridge_cto_family,2025-04,10,494,91,0.8157894736842105
ridge_cto_family,2025-05,10,487,52,0.893223819301848
ridge_cto_family,2025-06,10,489,57,0.8834355828220859
ridge_cto_family,2025-07,10,490,104,0.7877551020408163
ridge_cto_family,2025-08,10,490,99,0.7979591836734694
ridge_cto_family,2025-09,10,491,65,0.8676171079429735
ridge_cto_family,2025-10,10,491,63,0.8716904276985743
ridge_cto_family,2025-11,10,491,89,0.8187372708757638
ridge_cto_family,2025-12,10,493,89,0.8194726166328601
ridge_cto_family,2026-01,10,493,69,0.8600405679513184
ridge_cto_family,2026-02,10,493,80,0.8377281947261663
ridge_cto_family,2026-03,10,494,84,0.8299595141700404
ridge_cto_family,2026-04,10,495,88,0.8222222222222222
ridge_cto_family,2026-05,10,488,86,0.8237704918032787
ridge_cto_family,2026-06,10,492,100,0.7967479674796748
