formation_month,holding_month,low_decile,high_decile,effective_bins,ew_long_short,vw_long_short,ew_nav,vw_nav,d1_turnover,d10_turnover,two_leg_buy_sell_turnover,cost_10bps,ew_net_10bps,vw_net_10bps,cost_15bps,ew_net_15bps,vw_net_15bps,cost_25bps,ew_net_25bps,vw_net_25bps
2010-01,2010-02,1,10,10,0.0003565770354422,-0.0333581115294714,1.0003565770354423,0.9666418884705286,,,,,,,,,,,,
2010-02,2010-03,1,10,10,0.0136977049818642,0.0146321940956733,1.0140591663043417,0.9807859802036376,0.8263888888888888,0.8689655172413793,3.390708812260536,0.0033907088122605363,0.010306996169603665,0.011241485283412764,0.005086063218390805,0.008611641763473395,0.009546130877282497,0.008476772030651341,0.0052209329512128595,0.006155422065021959
2010-03,2010-04,1,10,10,0.0319872524637727,0.0514417816718394,1.0464961328701214,1.031239358464074,0.7622377622377623,0.8333333333333334,3.191142191142191,0.003191142191142191,0.02879611027263051,0.04825063948069721,0.0047867132867132865,0.027200539177059415,0.04665506838512612,0.007977855477855478,0.024009396985917225,0.043463926193983926
2010-04,2010-05,1,10,10,0.0052229870273572,0.0136321216012371,1.0519619685962815,1.045297338798638,0.7832167832167832,0.8472222222222222,3.260878010878011,0.0032608780108780108,0.001962109016479189,0.01037124359035909,0.004891317016317016,0.0003316700110401836,0.008740804584920084,0.008152195027195027,-0.0029292079998378268,0.005479926574042074
2010-05,2010-06,1,10,10,-0.0090736995851401,0.0114950440315376,1.042416781718246,1.0573130777341773,0.75177304964539,0.8309859154929577,3.1655179302766956,0.0031655179302766956,-0.012239217515416796,0.008329526101260904,0.004748276895415043,-0.013821976480555144,0.006746767136122557,0.007913794825691739,-0.01698749441083184,0.003581249205845861
2010-06,2010-07,1,10,10,-0.0376150706960418,-0.0522755140952523,1.0032062007791738,1.0020414930359896,0.7730496453900709,0.7464788732394366,3.039057037259015,0.0030390570372590153,-0.040654127733300814,-0.055314571132511314,0.004558585555888523,-0.04217365625193033,-0.05683409965114082,0.007597642593147538,-0.04521271328918934,-0.05987315668839984
2010-07,2010-08,1,10,10,0.0210456279507965,0.0209677348552918,1.0243193052387043,1.023052033375969,0.7659574468085106,0.8591549295774648,3.2502247527719508,0.003250224752771951,0.01779540319802455,0.01771751010251985,0.004875337129157926,0.016170290821638574,0.016092397726133877,0.008125561881929876,0.012920066068866625,0.012842172973361925
2010-08,2010-09,1,10,10,0.028600455706445,0.0473645756781587,1.0536153041574403,1.071508458833499,0.8169014084507042,0.8601398601398601,3.354082537181129,0.003354082537181129,0.02524637316926387,0.044010493140977575,0.0050311238057716935,0.023569331900673306,0.04233345187238701,0.008385206342952823,0.02021524936349218,0.03897936933520588
2010-09,2010-10,1,10,10,0.0548502293431353,0.111484650677645,1.1114063452299132,1.1909652050646935,0.7847222222222222,0.8620689655172413,3.293582375478927,0.003293582375478927,0.05155664696765637,0.10819106830216607,0.00494037356321839,0.04990985577991691,0.10654427711442661,0.008233955938697317,0.04661627340443798,0.10325069473894768
2010-10,2010-11,1,10,10,0.0580098303152404,0.0619367141344718,1.175878838727982,1.264729676514888,0.7430555555555556,0.8275862068965517,3.141283524904215,0.003141283524904215,0.05486854679033619,0.05879543060956759,0.004711925287356322,0.05329790502788408,0.057224788847115474,0.007853208812260537,0.050156621502979865,0.05408350532221126
2010-11,2010-12,1,10,10,0.0164284226334245,0.004903170263708,1.1951966732563055,1.2709308614564048,0.8513513513513513,0.8657718120805369,3.4342463268637764,0.0034342463268637767,0.012994176306560721,0.0014689239368442233,0.005151369490295665,0.011277053143128834,-0.0002481992265876646,0.00858561581715944,0.007842806816265058,-0.0036824455534514404
2010-12,2011-01,1,10,10,0.031329722553544,0.0082252781961351,1.2326418534263446,1.2813846213599374,0.8079470198675497,0.8421052631578947,3.300104566050889,0.003300104566050889,0.02802961798749311,0.004925173630084211,0.004950156849076333,0.026379565704467665,0.003275121347058767,0.008250261415127223,0.023079461138416777,-2.4983218992122302e-05
2011-01,2011-02,1,10,10,0.0076724184087974,0.0408810203177386,1.2420991974740272,1.3337689321005908,0.7727272727272727,0.7677419354838709,3.0809384164222875,0.0030809384164222874,0.0045914799923751125,0.03780008190131631,0.004621407624633431,0.003051010784163969,0.036259612693105174,0.007702346041055719,-2.992763225831939e-05,0.03317867427668288
2011-02,2011-03,1,10,10,-0.0023882005675257,0.0550333911827162,1.2391328154656964,1.4071707594882363,0.6687898089171975,0.8726114649681529,3.082802547770701,0.0030828025477707007,-0.005471003115296401,0.0519505886349455,0.004624203821656052,-0.007012404389181752,0.05040918736106015,0.007707006369426752,-0.010095206936952452,0.04732638481328945
2011-03,2011-04,1,10,10,-0.0053457704393163,0.0373027883998576,1.232508695890393,1.4596621525718931,0.7735849056603774,0.85625,3.2596698113207547,0.0032596698113207547,-0.008605440250637055,0.03404311858853685,0.004889504716981132,-0.010235275156297432,0.03241328368287647,0.008149174528301887,-0.013494944967618187,0.029153613871555715
2011-04,2011-05,1,10,10,0.0161753163314334,0.0281199100684134,1.2524449139276628,1.5007077210324813,0.7239263803680982,0.8658536585365854,3.1795600778093673,0.0031795600778093676,0.012995756253624032,0.024940349990604033,0.004769340116714051,0.011405976214719348,0.02335056995169935,0.007948900194523418,0.008226416136909982,0.020171009873889985
2011-05,2011-06,1,10,10,0.0044646639439895,-0.0055923175807556,1.2580366595767087,1.4923152868605756,0.7454545454545455,0.8484848484848485,3.187878787878788,0.003187878787878788,0.001276785156110712,-0.008780196368634387,0.004781818181818182,-0.00031715423782868214,-0.010374135762573782,0.00796969696969697,-0.0035050330257074703,-0.01356201455045257
2011-06,2011-07,1,10,10,0.0195669585872836,0.0051207287260569,1.282652610795931,1.4999570286183366,0.6666666666666667,0.8284023668639053,2.990138067061144,0.0029901380670611442,0.016576820520222454,0.002130590658995756,0.004485207100591716,0.015081751486691882,0.000635521625465184,0.007475345167652861,0.012091613419630737,-0.0023546164415959607
2011-07,2011-08,1,10,10,0.0197186571096419,0.0137267400213178,1.307944797819003,1.520546548793329,0.7192982456140351,0.8662790697674418,3.171154630762954,0.003171154630762954,0.016547502478878946,0.010555585390554845,0.004756731946144431,0.01496192516349747,0.008970008075173369,0.007927886576907385,0.011790770532734515,0.005798853444410414
2011-08,2011-09,1,10,10,0.02667136102911,0.0858430830378777,1.3428294657277802,1.651074952444353,0.7828571428571429,0.8457142857142858,3.257142857142857,0.0032571428571428573,0.023414218171967142,0.08258594018073484,0.004885714285714286,0.021785646743395715,0.08095736875216342,0.008142857142857143,0.018528503886252858,0.07770022589502056
2011-09,2011-10,1,10,10,-0.0051337417314455,0.0130101982468983,1.335935726061359,1.6725557648961424,0.8089887640449438,0.8370786516853932,3.292134831460674,0.003292134831460674,-0.008425876562906175,0.009718063415437624,0.004938202247191011,-0.010071943978636512,0.008071995999707288,0.008230337078651685,-0.013364078810097185,0.004779861168246614
2011-10,2011-11,1,10,10,0.0148629160349196,-0.0085729000392834,1.355791626585858,1.6582171115135604,0.7777777777777778,0.8388888888888889,3.2333333333333334,0.0032333333333333333,0.011629582701586268,-0.011806233372616734,0.00485,0.0100129160349196,-0.013422900039283401,0.008083333333333333,0.0067795827015862675,-0.016656233372616736
2011-11,2011-12,1,10,10,0.0049438989561445,0.0419163018737913,1.3624945233932857,1.7277234405320492,0.7377049180327868,0.8369565217391304,3.1493228795438344,0.0031493228795438344,0.0017945760766006655,0.03876697899424746,0.0047239843193157514,0.00021991463682874846,0.03719231755447555,0.007873307198859586,-0.0029294082427150864,0.034042994674931715
2011-12,2012-01,1,10,10,0.0271507088505742,0.0679373857900684,1.3994872155084386,1.8451004544500191,0.7096774193548387,0.8288770053475936,3.0771088494048646,0.003077108849404865,0.024073600001169336,0.06486027694066354,0.004615663274107297,0.022535045576466906,0.0633217225159611,0.007692772123512162,0.019457936727062038,0.06024461366655624
2012-01,2012-02,1,10,10,-0.0345840087421819,-0.0739329458271568,1.3510873374127228,1.7086867425055037,0.7301587301587302,0.8210526315789474,3.102422723475355,0.0031024227234753552,-0.037686431465657255,-0.07703536855063216,0.004653634085213032,-0.039237642827394933,-0.07858657991236984,0.007756056808688388,-0.04234006555087029,-0.08168900263584519
2012-02,2012-03,1,10,10,0.0322892879135938,0.0237609755380748,1.3947129854468532,1.7492868063964095,0.7135416666666667,0.9067357512953368,3.240554835924007,0.0032405548359240068,0.02904873307766979,0.020520420702150793,0.00486083225388601,0.027428455659707786,0.018900143284188792,0.008101387089810017,0.024187900823783783,0.01565958844826478
2012-03,2012-04,1,10,10,0.0172365215327963,0.0165954679014787,1.4187529858525785,1.7783170394424417,0.7448979591836735,0.868020304568528,3.225836527504403,0.003225836527504403,0.014010685005291897,0.013369631373974296,0.004838754791256604,0.012397766741539697,0.011756713110222096,0.008064591318761008,0.009171930214035293,0.008530876582717692
2012-04,2012-05,1,10,10,0.0141200147720647,-0.0146451186666659,1.438785798970728,1.7522733753728528,0.7969543147208122,0.8686868686868687,3.331282366815362,0.003331282366815362,0.010788732405249338,-0.017976401033481262,0.004996923550223043,0.009123091221841658,-0.019642042216888943,0.008328205917038405,0.005791808855026295,-0.022973324583704303
2012-05,2012-06,1,10,10,0.0092320836593045,-0.0040083068029832,1.452068789834645,1.7452497260816593,0.775,0.8557213930348259,3.2614427860696518,0.003261442786069652,0.005970640873234848,-0.0072697495890528515,0.004892164179104478,0.004339919480200022,-0.008900470982087677,0.008153606965174129,0.0010784766941303713,-0.01216191376815733
2012-06,2012-07,1,10,10,0.0208462726964289,0.0040839745430772,1.4823390118015114,1.7523772815342893,0.8235294117647058,0.8634146341463415,3.373888091822095,0.003373888091822095,0.017472384604606806,0.0007100864512551053,0.005060832137733142,0.015785440558695758,-0.000976857594655942,0.008434720229555237,0.012411552466873662,-0.004350745686478037
2012-07,2012-08,1,10,10,-0.0064164478161432,0.0042725347288736,1.4728276608864537,1.7598643743277338,0.7342995169082125,0.8461538461538461,3.160906726124117,0.003160906726124117,-0.009577354542267318,0.0011116280027494829,0.004741360089186176,-0.011157807905329376,-0.00046882536031257575,0.007902266815310293,-0.014318714631453493,-0.003629732086436693
2012-08,2012-09,1,10,10,0.019083852211092,0.0199551872368899,1.5009348862992191,1.7949827974289758,0.7251184834123223,0.8301886792452831,3.1106143253152108,0.003110614325315211,0.01597323788577679,0.01684457291157469,0.004665921487972817,0.014417930723119183,0.015289265748917083,0.007776535813288027,0.011307316397803972,0.012178651423601871
2012-09,2012-10,1,10,10,-0.0018033024133966,-0.0176931806653914,1.4982282467964043,1.763223842502795,0.8317757009345794,0.8744186046511628,3.4123886111714845,0.0034123886111714847,-0.005215691024568085,-0.021105569276562885,0.0051185829167572265,-0.006921885330153827,-0.022811763582148627,0.008530971527928711,-0.01033427394132531,-0.02622415219332011
2012-10,2012-11,1,10,10,0.0135273306896897,-0.0049529032620755,1.5184952757394536,1.7544907653814936,0.7162790697674419,0.875,3.182558139534884,0.003182558139534884,0.010344772550154816,-0.008135461401610384,0.004773837209302326,0.008753493480387373,-0.009726740471377827,0.00795639534883721,0.005570935340852489,-0.01290929861091271
2012-11,2012-12,1,10,10,-0.0166619325290531,-0.0073670412348423,1.4931942099093969,1.7415653595667782,0.7522935779816513,0.863013698630137,3.2306145532235764,0.0032306145532235765,-0.01989254708227668,-0.010597655788065876,0.004845921829835365,-0.021507854358888467,-0.012212963064677665,0.008076536383058941,-0.02473846891211204,-0.01544357761790124
2012-12,2013-01,1,10,10,0.0398538851507854,0.0653090200385393,1.5527038004589435,1.8553052865331507,0.6666666666666667,0.8136363636363636,2.960606060606061,0.002960606060606061,0.03689327909017934,0.06234841397793325,0.004440909090909092,0.035412976059876304,0.06086811094763021,0.007401515151515152,0.032452369999270245,0.057907504887024154
2013-01,2013-02,1,10,10,0.0058238429327044,0.0021291892771526,1.5617465035138298,1.8592555826550816,0.740909090909091,0.8642533936651584,3.2103249691484987,0.003210324969148499,0.002613517963555901,-0.001081135691995899,0.004815487453722748,0.001008355478981652,-0.002686298176570148,0.008025812422871247,-0.002201969490166847,-0.005896623145718647
2013-02,2013-03,1,10,10,0.0201392308553308,0.043012793944759,1.5931988768856005,1.939227359922468,0.8063063063063063,0.8295964125560538,3.27180543772472,0.00327180543772472,0.01686742541760608,0.03974098850703428,0.00490770815658708,0.01523152269874372,0.03810508578817192,0.0081795135943118,0.011959717261019,0.0348332803504472
2013-03,2013-04,1,10,10,0.009129778959001,-0.0173341602184045,1.6077444304692947,1.9056124821656584,0.7555555555555555,0.8362831858407079,3.183677482792527,0.003183677482792527,0.0059461014762084725,-0.020517837701197028,0.00477551622418879,0.00435426273481221,-0.02210967644259329,0.007959193706981319,0.0011705852520196812,-0.02529335392538582
2013-04,2013-05,1,10,10,0.009129119667674,-0.0087671856688197,1.6224217217700856,1.8889056237216917,0.8149779735682819,0.8859649122807017,3.4018857716979674,0.0034018857716979676,0.005727233895976031,-0.012169071440517668,0.005102828657546951,0.004026291010127048,-0.01387001432636665,0.00850471442924492,0.00062440523842908,-0.01727190009806462
2013-05,2013-06,1,10,10,-0.0300303903866873,-0.0201196671329824,1.5736997640934884,1.8509014713267928,0.8130434782608695,0.8571428571428572,3.3403726708074535,0.0033403726708074537,-0.03337076305749476,-0.023460039803789853,0.00501055900621118,-0.03504094939289848,-0.02513022613919358,0.008350931677018635,-0.03838132206370594,-0.028470598810001035
2013-06,2013-07,1,10,10,-0.0750142808858188,-0.1044137620037378,1.4556498079598326,1.6576418856073087,0.7402597402597403,0.9094827586206896,3.29948499776086,0.0032994849977608597,-0.07831376588357966,-0.10771324700149866,0.00494922749664129,-0.07996350838246008,-0.10936298950037908,0.00824871249440215,-0.08326299338022095,-0.11266247449813994
2013-07,2013-08,1,10,10,0.0188632312600409,0.0174794020873143,1.483108066921013,1.6866164746426129,0.7124463519313304,0.8760683760683761,3.177029455999413,0.003177029455999413,0.015686201804041486,0.014302372631314886,0.00476554418399912,0.01409768707604178,0.01271385790331518,0.007942573639998533,0.010920657620042367,0.009536828447315767
2013-08,2013-09,1,10,10,-0.0015656428109342,-0.0302993898934971,1.4807860494381997,1.6355130244766205,0.7702127659574468,0.8305084745762712,3.201442481067436,0.003201442481067436,-0.0047670852920016354,-0.03350083237456453,0.004802163721601154,-0.006367806532535354,-0.03510155361509825,0.00800360620266859,-0.009569249013602791,-0.03830299609616569
2013-09,2013-10,1,10,10,0.0370871219499686,0.0461225105989882,1.5357041422355262,1.7109469912828266,0.7574468085106383,0.8,3.1148936170212767,0.0031148936170212766,0.03397222833294732,0.04300761698196692,0.004672340425531915,0.032414781524436685,0.041450170173456286,0.0077872340425531915,0.029299887907415407,0.038335276556435004
2013-10,2013-11,1,10,10,0.0041325361405313,0.0030349166860289,1.5420504951044782,1.7161395728555815,0.7584745762711864,0.8516949152542372,3.2203389830508473,0.0032203389830508474,0.0009121971574804527,-0.0001854222970219476,0.004830508474576271,-0.0006979723340449712,-0.0017955917885473715,0.008050847457627118,-0.003918311317095818,-0.0050159307715982185
2013-11,2013-12,1,10,10,0.0183292241386142,-5.955898428819384e-06,1.5703150842623097,1.7161293517025962,0.6893617021276596,0.8813559322033898,3.1414352686620988,0.003141435268662099,0.015187788869952102,-0.003147391167090918,0.004712152902993148,0.013617071235621054,-0.004718108801421967,0.007853588171655247,0.010475635966958954,-0.007859544070084067
2013-12,2014-01,1,10,10,-0.0668228838262528,-0.1399749048410356,1.465382101816037,1.4759143090031173,0.7542372881355932,0.8813559322033898,3.2711864406779663,0.0032711864406779665,-0.07009407026693076,-0.1432460912817136,0.0049067796610169495,-0.07172966348726975,-0.14488168450205258,0.008177966101694916,-0.07500084992794771,-0.14815287094273052
2014-01,2014-02,1,10,10,0.0291940904582984,0.0337643432628104,1.508162599452426,1.5257475863587924,0.7276595744680852,0.8983050847457628,3.251929318427696,0.003251929318427696,0.025942161139870707,0.030512413944382706,0.004877893977641544,0.02431619648065686,0.028886449285168855,0.00812982329606924,0.021064267162229162,0.02563451996674116
2014-02,2014-03,1,10,10,0.0038759435016751,0.0079782750753366,1.514008152479243,1.5379204202982937,0.7296137339055794,0.8376068376068376,3.134441143024834,0.003134441143024834,0.000741502358650266,0.004843833932311766,0.004701661714537251,-0.0008257182128621507,0.003276613360799349,0.007836102857562085,-0.003960159355886984,0.00014217221777451487
2014-03,2014-04,1,10,10,0.0129153979010029,0.0309796417124337,1.5335621701938746,1.5855646439013702,0.7702127659574468,0.8813559322033898,3.3031373963216732,0.0033031373963216732,0.009612260504681227,0.027676504316112027,0.00495470609448251,0.00796069180652039,0.02602493561795119,0.008257843490804183,0.0046575544101987165,0.022721798221629518
2014-04,2014-05,1,10,10,-0.0083219541742789,-0.0104250052632629,1.5207999360901134,1.5690351241434548,0.7339055793991416,0.811965811965812,3.091742782729907,0.003091742782729907,-0.011413696957008806,-0.013516748045992807,0.004637614174094861,-0.012959568348373762,-0.01506261943735776,0.007729356956824768,-0.016051311131103668,-0.018154362220087667
2014-05,2014-06,1,10,10,0.0149094792653354,0.0206954438068955,1.5434742712039724,1.601507002386211,0.7117903930131004,0.8304347826086956,3.084450351243592,0.003084450351243592,0.011825028914091807,0.017610993455651907,0.004626675526865388,0.010282803738470011,0.01606876828003011,0.00771112587810898,0.0071983533872264195,0.012984317928786519
2014-06,2014-07,1,10,10,-0.0151752335429614,-0.0206652267154079,1.5200516886709,1.5684114970955867,0.7565217391304347,0.8787878787878788,3.270619235836627,0.003270619235836627,-0.018445852778798025,-0.02393584595124453,0.00490592885375494,-0.02008116239671634,-0.02557115556916284,0.008176548089591567,-0.023351781632552967,-0.02884177480499947
2014-07,2014-08,1,10,10,0.0119468780478256,0.0038851405348983,1.5382115608218423,1.5745049961783533,0.7532467532467533,0.8571428571428572,3.220779220779221,0.003220779220779221,0.00872609882704638,0.0006643613141190793,0.004831168831168832,0.0071157092166567685,-0.0009460282962705318,0.008051948051948053,0.003894929995877547,-0.0041668075170497535
2014-08,2014-09,1,10,10,-0.004979064178855,-0.0161590130953439,1.5305527067398537,1.5490625493264227,0.7521739130434782,0.8484848484848485,3.2013175230566535,0.0032013175230566535,-0.008180381701911654,-0.01936033061840055,0.00480197628458498,-0.00978104046343998,-0.02096098937992888,0.008003293807641634,-0.012982357986496634,-0.024162306902985535
2014-09,2014-10,1,10,10,0.024370086500528,0.0254482232178873,1.5678524085967214,1.588483438860151,0.8095238095238095,0.8706896551724138,3.360426929392447,0.003360426929392447,0.021009659571135552,0.022087796288494853,0.00504064039408867,0.01932944610643933,0.02040758282379863,0.008401067323481117,0.015969019177046885,0.017047155894406182
2014-10,2014-11,1,10,10,0.0161472723811987,-0.0004580327065161,1.5931689484918512,1.5877558614913936,0.801762114537445,0.881578947368421,3.366682123811732,0.003366682123811732,0.012780590257386967,-0.003824714830327832,0.005050023185717598,0.0110972491954811,-0.005508055892233698,0.00841670530952933,0.007730567071669369,-0.008874738016045429
2014-11,2014-12,1,10,10,0.1294494892947002,0.3021119646054022,1.799403855234296,2.0674359041203014,0.775330396475771,0.8859649122807017,3.3225906175129456,0.0033225906175129456,0.12612689867718727,0.29878937398788924,0.004983885926269418,0.1244656033684308,0.29712807867913277,0.008306476543782365,0.12114301275091785,0.2938054880616198
2014-12,2015-01,1,10,10,-0.0083983580153921,0.0172520031638705,1.7842918174437614,2.1031033148792844,0.8,0.8311688311688312,3.2623376623376625,0.0032623376623376627,-0.011660695677729763,0.013989665501532836,0.004893506493506494,-0.013291864508898594,0.012358496670364004,0.008155844155844156,-0.01655420217123626,0.009096159008026343
2015-01,2015-02,1,10,10,0.0266691576221285,0.0782731724243615,1.8318773771670431,2.2677198832710768,0.7835497835497836,0.8793103448275862,3.3257202567547397,0.0033257202567547398,0.02334343736537376,0.07494745216760676,0.00498858038513211,0.02168057723699639,0.0732845920392294,0.00831430064188685,0.01835485698024165,0.06995887178247466
2015-02,2015-03,1,10,10,0.0026359476972674,0.0016272667905159,1.836706110121063,2.2714100685273166,0.8165938864628821,0.9260869565217392,3.4853616859692425,0.0034853616859692425,-0.0008494139887018424,-0.0018580948954533426,0.005228042528953864,-0.0025920948316864637,-0.003600775738437964,0.008713404214923106,-0.006077456517655707,-0.007086137424407207
2015-03,2015-04,1,10,10,0.0034278682214646,-0.0183678952730566,1.843002096628117,2.2296890462664405,0.7575757575757576,0.8922413793103449,3.299634273772205,0.003299634273772205,0.00012823394769239478,-0.021667529546828806,0.004949451410658307,-0.0015215831891937075,-0.023317346683714907,0.008249085684430512,-0.004821217462965912,-0.026616980957487112
2015-04,2015-05,1,10,10,0.0197036313908049,-0.0228929108060017,1.8793159305925584,2.178644973805144,0.7586206896551724,0.8922413793103449,3.3017241379310347,0.003301724137931035,0.016401907252873868,-0.026194634943932732,0.004952586206896552,0.01475104518390835,-0.02784549701289825,0.008254310344827587,0.011449321045977314,-0.031147221150829286
2015-05,2015-06,1,10,10,0.0155910166459237,-0.0140876987265343,1.9086163765493769,2.147952879782099,0.7587719298245614,0.868421052631579,3.254385964912281,0.003254385964912281,0.012336630681011419,-0.01734208469144658,0.004881578947368422,0.010709437698555278,-0.01896927767390272,0.008135964912280701,0.007455051733642998,-0.022223663638815002
2015-06,2015-07,1,10,10,0.0644378291353257,0.1015936015975414,2.03160347250635,2.366171148900973,0.8,0.8805309734513275,3.3610619469026553,0.0033610619469026555,0.061076767188423045,0.09823253965063874,0.005041592920353983,0.05939623621497171,0.09655200867718741,0.008402654867256639,0.05603517426806906,0.09319094673028476
2015-07,2015-08,1,10,10,-0.0106718479465179,0.011887028782147,2.0099225091601443,2.3942978934514447,0.8348623853211009,0.8721461187214612,3.414017008085124,0.0034140170080851242,-0.014085864954603025,0.008473011774061876,0.005121025512127686,-0.015792873458645586,0.006766003270019315,0.00853504252021281,-0.01920689046673071,0.003351986261934191
2015-08,2015-09,1,10,10,-0.0218657352644713,0.0015140529821648,1.9659740756727464,2.397922987317216,0.8930232558139535,0.8888888888888888,3.5638242894056846,0.003563824289405685,-0.025429559553876983,-0.0020497713072408852,0.005345736434108527,-0.027211471698579827,-0.003831683451943727,0.008909560723514212,-0.030775295987985514,-0.007395507741349412
2015-09,2015-10,1,10,10,0.0206509446233209,0.0267663992877795,2.006573297440349,2.462106751457094,0.8425925925925926,0.8894009216589862,3.4639870285031575,0.0034639870285031577,0.017186957594817743,0.023302412259276345,0.005195980542754736,0.015454964080566163,0.021570418745024765,0.008659967571257894,0.011990977052063005,0.018106431716521605
2015-10,2015-11,1,10,10,0.0270064653835881,0.0214253413518454,2.0607637497373044,2.5148582290517454,0.7792792792792793,0.8699551569506727,3.298468872459904,0.003298468872459904,0.023707996511128194,0.018126872479385495,0.004947703308689856,0.022058762074898243,0.016477638043155544,0.00824617218114976,0.01876029320243834,0.013179169170695641
2015-11,2015-12,1,10,10,0.0066709004445128,0.0248657171051027,2.074510899551463,2.577391982334786,0.7782608695652173,0.8658008658008658,3.2881234707321663,0.0032881234707321664,0.003382776973780634,0.021577593634370534,0.004932185206098249,0.0017387152384145512,0.01993353189900445,0.008220308676830415,-0.0015494082323176152,0.016645408428272286
2015-12,2016-01,1,10,10,-0.0027814660374855,-0.025005473230655,2.068740717939967,2.5129430761156084,0.7983193277310925,0.8739495798319328,3.3445378151260505,0.0033445378151260507,-0.0061260038526115505,-0.02835001104578105,0.005016806722689076,-0.007798272760174576,-0.030022279953344076,0.008361344537815127,-0.011142810575300628,-0.03336681776847013
2016-01,2016-02,1,10,10,0.0138152406435346,0.0246466026216967,2.0973208687873868,2.574878585523574,0.8166666666666667,0.9128630705394192,3.4590594744121717,0.003459059474412172,0.010356181169122429,0.021187543147284528,0.005188589211618257,0.008626651431916342,0.019458013410078443,0.00864764868603043,0.005167591957504171,0.01599895393566627
2016-02,2016-03,1,10,10,0.003646699012188,-0.0153034446595086,2.1049691667278347,2.53547407358506,0.7302904564315353,0.8966942148760331,3.253969342615137,0.003253969342615137,0.00039272966957286295,-0.018557414002123736,0.004880954013922706,-0.0012342550017347058,-0.020184398673431306,0.008134923356537841,-0.004488224344349841,-0.023438368016046443
2016-03,2016-04,1,10,10,0.0183532212802026,0.0169150261813985,2.1436021316327944,2.578361683922009,0.763265306122449,0.8943089430894309,3.31514849842376,0.0033151484984237597,0.01503807278177884,0.01359987768297474,0.00497272274763564,0.01338049853256696,0.01194230343376286,0.008287871246059399,0.010065350034143201,0.008627154935339101
2016-04,2016-05,1,10,10,0.0125017940343281,0.0009311349820414,2.1704010039740145,2.580762486682264,0.7935222672064777,0.8588709677419355,3.3047864698968263,0.0033047864698968264,0.009197007564431273,-0.0023736514878554263,0.004957179704845239,0.00754461432948286,-0.00402604472280384,0.008261966174742065,0.004239827859586034,-0.007330831192700666
2016-05,2016-06,1,10,10,1.6350235349821274e-05,-0.0517792797823375,2.170436490541233,2.4471324638325815,0.8299595141700404,0.8709677419354839,3.401854512211049,0.003401854512211049,-0.0033855042768612276,-0.055181134294548545,0.005102781768316573,-0.005086431532966752,-0.05688206155065407,0.008504636280527623,-0.008488286045177802,-0.06028391606286512
2016-06,2016-07,1,10,10,0.038382676026359,0.0656772079755347,2.253743651193465,2.607853291603397,0.7341269841269842,0.8221343873517787,3.112522742957526,0.003112522742957526,0.035270153283401474,0.06256468523257717,0.004668784114436289,0.033713891911922714,0.06100842386109841,0.007781306857393815,0.03060136916896519,0.05789590111814088
2016-07,2016-08,1,10,10,0.0027191206695167,-0.0315761396314406,2.259871852139218,2.525507351929416,0.7764705882352941,0.890625,3.334191176470588,0.003334191176470588,-0.0006150705069538878,-0.034910330807911186,0.005001286764705883,-0.0022821660951891825,-0.03657742639614648,0.008335477941176471,-0.005616357271659771,-0.03991161757261707
2016-08,2016-09,1,10,10,0.0220018091540569,0.0150214171558048,2.3095931213426097,2.5634440513928003,0.71875,0.8326848249027238,3.1028696498054478,0.003102869649805448,0.018898939504251453,0.011918547505999352,0.004654304474708172,0.01734750467934873,0.010367112681096628,0.007757174124513619,0.01424463502954328,0.007264243031291181
2016-09,2016-10,1,10,10,-0.0158601259803307,-0.0042686338232269,2.2729626834748107,2.552501647411075,0.7558139534883721,0.8262548262548263,3.164137559486397,0.003164137559486397,-0.019024263539817097,-0.007432771382713296,0.004746206339229595,-0.020606332319560296,-0.009014840162456496,0.007910343898715992,-0.023770469879046692,-0.012178977721942891
2016-10,2016-11,1,10,10,0.0024284722673496,-0.0214330455699571,2.27848251031635,2.4977937632847227,0.7431906614785992,0.8333333333333334,3.1530479896238655,0.0031530479896238655,-0.0007245757222742654,-0.024586093559580965,0.004729571984435799,-0.0023010997170861986,-0.0261626175543929,0.007882619974059663,-0.005454147706710063,-0.029315665544016763
2016-11,2016-12,1,10,10,-0.011339679300816,-0.0272511146506563,2.2526452493568443,2.4297260990677563,0.7192307692307692,0.9195402298850576,3.2775419982316536,0.0032775419982316537,-0.014617221299047654,-0.03052865664888795,0.004916312997347481,-0.01625599229816348,-0.03216742764800378,0.008193854995579133,-0.019533534296395136,-0.03544496964623543
2016-12,2017-01,1,10,10,0.0077927846217459,-0.0244415124403599,2.270199628614282,2.3703399183907243,0.7137404580152672,0.8288973384030418,3.0852755928366182,0.0030852755928366185,0.0047075090289092816,-0.02752678803319652,0.004627913389254928,0.0031648712324909723,-0.029069425829614828,0.007713188982091545,7.959563965435467e-05,-0.03215470142245144
2017-01,2017-02,1,10,10,-0.0090195108794196,-0.0074542259799219,2.2497235383655405,2.35267086898981,0.6908396946564885,0.8022813688212928,2.9862421269555623,0.0029862421269555624,-0.012005753006375162,-0.010440468106877463,0.004479363190433344,-0.013498874069852944,-0.011933589170355243,0.007465605317388906,-0.016485116196808505,-0.014919831297310806
2017-02,2017-03,1,10,10,0.0190021832660825,0.0217456214228286,2.292473197339582,2.4038311590393797,0.6053639846743295,0.8206106870229007,2.8519493433944607,0.0028519493433944608,0.016150233922688037,0.01889367207943414,0.004277924015091692,0.014724259250990808,0.01746769740773691,0.007129873358486152,0.011872309907596346,0.01461574806434245
2017-03,2017-04,1,10,10,0.0306898540056732,0.0427035522628084,2.362828865077853,2.506483288570385,0.6692015209125475,0.8295454545454546,2.997493950916004,0.0029974939509160043,0.027692360054757198,0.039706058311892396,0.0044962409263740065,0.026193613079299193,0.038207311336434395,0.007493734877290011,0.02319611912838319,0.035209817385518385
2017-04,2017-05,1,10,10,0.0548611888930731,0.0408396779764443,2.492456465766894,2.608847258928939,0.7245283018867925,0.868421052631579,3.185898709036743,0.003185898709036743,0.051675290184036354,0.03765377926740755,0.004778848063555115,0.050082340829517985,0.036060829912889183,0.007964746772591857,0.046896442120481246,0.032874931203852445
2017-05,2017-06,1,10,10,0.0288127730756019,0.0325465571198023,2.564271048315853,2.6937562552585095,0.7786259541984732,0.8250950570342206,3.2074420224653877,0.0032074420224653876,0.02560533105313651,0.02933911509733691,0.004811163033698082,0.024001610041903817,0.027735394086104214,0.00801860505616347,0.020794168019438432,0.02452795206363883
2017-06,2017-07,1,10,10,0.0262383823911072,0.0165789023755749,2.6315533726360094,2.738415777238034,0.6870229007633588,0.8022813688212928,2.9786085391693033,0.0029786085391693036,0.023259773851937896,0.013600293836405597,0.004467912808753955,0.021770469582353243,0.012110989566820945,0.007446521347923258,0.018791861043183943,0.009132381027651643
2017-07,2017-08,1,10,10,-0.0003694738029193,-0.0012394351065296,2.6305810826038365,2.735021688587451,0.803030303030303,0.8113207547169812,3.2287021154945683,0.0032287021154945683,-0.0035981759184138683,-0.004468137222024169,0.004843053173241852,-0.005212526976161152,-0.006082488279771452,0.00807175528873642,-0.00844122909165572,-0.00931119039526602
2017-08,2017-09,1,10,10,0.034664806281801,0.0548840572690438,2.7217696662408692,2.885130775575962,0.7602996254681648,0.8246268656716418,3.169852982279613,0.003169852982279613,0.031494953299521386,0.05171420428676419,0.00475477947341942,0.02991002680838158,0.05012927779562438,0.007924632455699031,0.026740173826101967,0.046959424813344766
2017-09,2017-10,1,10,10,0.0439115697289671,0.0767407463007065,2.8412868447261928,3.1065378644687978,0.6886446886446886,0.8576642335766423,3.092617844442662,0.0030926178444426623,0.04081895188452444,0.07364812845626384,0.004638926766663993,0.03927264296230311,0.0721018195340425,0.007731544611106656,0.03618002511786044,0.06900920168959984
2017-10,2017-11,1,10,10,0.0293454255434514,0.0739474843310869,2.9246656162756928,3.3362585245255327,0.7163636363636363,0.8731884057971014,3.1791040843214757,0.003179104084321476,0.026166321459129924,0.07076838024676542,0.004768656126482214,0.024576769416969187,0.06917882820460469,0.007947760210803689,0.02139766533264771,0.06599972412028321
2017-11,2017-12,1,10,10,-0.0028409482742102,-0.0170418354160274,2.9163567925404923,3.27940255584525,0.7935943060498221,0.8505338078291815,3.288256227758007,0.003288256227758007,-0.0061292045019682075,-0.02033009164378541,0.004932384341637011,-0.007773332615847211,-0.021974219757664414,0.008220640569395019,-0.011061588843605218,-0.02526247598542242
2017-12,2018-01,1,10,10,0.0268851952410609,0.0696445593679959,2.994763614300538,3.507795101837372,0.7279151943462898,0.852112676056338,3.1600557408052556,0.003160055740805256,0.023725139500255645,0.06648450362719065,0.004740083611207884,0.02214511162985302,0.06490447575678802,0.00790013935201314,0.01898505588904776,0.061744420015982765
2018-01,2018-02,1,10,10,0.0084192858479354,-0.0207793010256453,3.0199773852163303,3.434905571480009,0.7604166666666666,0.8546712802768166,3.2301758938869662,0.0032301758938869662,0.005189109954048433,-0.024009476919532265,0.004845263840830449,0.00357402200710495,-0.025624564866475748,0.008075439734717416,0.0003438461132179837,-0.028854740760362714
2018-02,2018-03,1,10,10,-0.0102260450336488,0.0102065890626339,2.9890949604745067,3.4699642411170575,0.7743055555555556,0.8442906574394464,3.237192425990004,0.003237192425990004,-0.013463237459638804,0.0069693966366438966,0.004855788638985006,-0.015081833672633806,0.005350800423648894,0.00809298106497501,-0.018319026098623813,0.0021136079976588895
2018-03,2018-04,1,10,10,0.0465085088756692,0.0400576460572346,3.128113309973953,3.608962840518985,0.7903780068728522,0.8424657534246576,3.2656875205950193,0.0032656875205950195,0.04324282135507418,0.03679195853663958,0.004898531280892529,0.04160997759477667,0.03515911477634207,0.008164218801487549,0.03834429007418165,0.03189342725574705
2018-04,2018-05,1,10,10,0.0388549081221056,0.102980406483187,3.249655865228527,3.980615300818348,0.7627118644067796,0.8547297297297297,3.2348831882730185,0.0032348831882730187,0.03562002493383258,0.09974552329491398,0.004852324782409528,0.034002583339696066,0.09812808170077747,0.008087207970682546,0.03076770015142305,0.09489319851250445
2018-05,2018-06,1,10,10,0.002849335814859,0.0203689500199726,3.258915226071289,4.061696254929455,0.8013245033112583,0.8448844884488449,3.292417983520206,0.003292417983520206,-0.0004430821686612061,0.017076532036452395,0.004938626975280309,-0.0020892911604213095,0.01543032304469229,0.008231044958800515,-0.005381709143941515,0.012137905061172086
2018-06,2018-07,1,10,10,0.0226878926214012,0.0190910337788956,3.3328531447826433,4.139238235331927,0.7817589576547231,0.8534201954397393,3.2703583061889248,0.003270358306188925,0.019417534315212273,0.015820675472706675,0.004905537459283387,0.017782355162117812,0.014185496319612214,0.008175895765472311,0.014511996855928888,0.01091513801342329
2018-07,2018-08,1,10,10,0.0358721440654144,0.0416702924808374,3.4524097329411556,4.311721503246074,0.7290322580645161,0.8810289389067524,3.220122393942537,0.003220122393942537,0.03265202167147186,0.038450170086894865,0.004830183590913806,0.031041960474500592,0.036840108889923597,0.008050305984856343,0.027821838080558055,0.03361998649598106
2018-08,2018-09,1,10,10,0.0049464836210869,0.0564661189747921,3.4694870211384305,4.555187682634536,0.7981072555205048,0.8238993710691824,3.244013253179374,0.003244013253179374,0.0017024703679075254,0.05322210572161272,0.0048660198797690615,8.046374131783808e-05,0.051600099095023035,0.008110033132948436,-0.0031635495118615365,0.04835608584184366
2018-09,2018-10,1,10,10,0.0169517314204913,0.013389589501787,3.52830083328765,4.616179775808608,0.7461300309597523,0.8580246913580247,3.208309444635554,0.003208309444635554,0.013743421975855746,0.010181280057151446,0.004812464166953331,0.012139267253537967,0.00857712533483367,0.008020773611588886,0.008930957808902414,0.005368815890198114
2018-10,2018-11,1,10,10,0.0427283067764206,0.0144063663539561,3.6790591536918655,4.68268215281463,0.7560975609756098,0.8389057750759878,3.190006672103195,0.003190006672103195,0.03953830010431741,0.011216359681852906,0.004785010008154793,0.037943296768265806,0.009621356345801309,0.007975016680257989,0.03475329009616261,0.006431349673698112
2018-11,2018-12,1,10,10,0.0058125167371461,0.0079162333422923,3.70044374659965,4.719751357404099,0.7574850299401198,0.8626865671641791,3.240343194208598,0.003240343194208598,0.0025721735429375015,0.004675890148083702,0.004860514791312897,0.0009520019458332026,0.0030557185509794034,0.008100857985521496,-0.002288341248375396,-0.00018462464322919515
2018-12,2019-01,1,10,10,0.0752144379343934,0.0896058298179029,3.978770543107984,5.142668594318467,0.7270029673590505,0.8254437869822485,3.104893508682598,0.003104893508682598,0.07210954442571081,0.0865009363092203,0.004657340263023897,0.0705570976713695,0.08494848955487899,0.007762233771706495,0.06745220416268691,0.0818435960461964
2019-01,2019-02,1,10,10,-0.0923611523952653,-0.2273581039409741,3.6112867106301954,3.9734412135174257,0.7109144542772861,0.8441176470588235,3.110064202672219,0.003110064202672219,-0.09547121659793752,-0.23046816814364632,0.004665096304008329,-0.09702624869927362,-0.23202320024498244,0.007775160506680548,-0.10013631290194584,-0.23513326444765464
2019-02,2019-03,1,10,10,0.0111953556734389,0.011727155934074,3.651716349794464,4.020038378223221,0.75,0.844574780058651,3.1891495601173023,0.0031891495601173024,0.008006206113321599,0.008538006373956698,0.004783724340175954,0.006411631333262947,0.006943431593898046,0.007972873900293257,0.003222481773145644,0.0037542820337807432
2019-03,2019-04,1,10,10,0.0403948644712418,0.0677469999273833,3.79922693683183,4.292383917940787,0.7390029325513197,0.8771929824561404,3.23239183001492,0.0032323918300149203,0.03716247264122688,0.06451460809736838,0.00484858774502238,0.03554627672621942,0.06289841218236092,0.008080979575037301,0.0323138848962045,0.059666020352346
2019-04,2019-05,1,10,10,0.0348277617979072,,3.931545507604002,4.292383917940787,0.6812865497076024,0.8513119533527697,3.0651970061207443,0.0030651970061207445,0.031762564791786456,,0.0045977955091811165,0.03022996628872608,,0.007662992515301861,0.027164769282605337,
2019-05,2019-06,1,10,10,0.0242281943484167,,4.026799756251875,4.292383917940787,0.7781065088757396,0.8672566371681416,3.2907262920877622,0.0032907262920877623,0.02093746805632894,,0.004936089438131643,0.019292104910285057,,0.008226815730219406,0.016001378618197296,
2019-06,2019-07,1,10,10,0.0360032145583578,0.0543687134626454,4.171777491859753,4.5257553092469776,0.8047337278106509,0.8407079646017699,3.2908833848248413,0.0032908833848248414,0.03271233117353296,0.05107783007782056,0.004936325077237262,0.03106688948112054,0.04943238838540814,0.008227208462062104,0.0277760060962957,0.0461415050005833
2019-07,2019-08,1,10,10,0.0235726550744443,0.027659109412778,4.270117363722695,4.650933670520901,0.7810650887573964,0.8849557522123894,3.3320416819395717,0.0033320416819395716,0.020240613392504728,0.02432706773083843,0.0049980625229093575,0.018574592551534944,0.02266104688986864,0.008330104204848929,0.01524255086959537,0.019329005207929073
2019-08,2019-09,1,10,10,0.0195169948867374,-0.0228673277074933,4.35345722247624,4.544579246131285,0.7433628318584071,0.8382352941176471,3.163196251952108,0.003163196251952108,0.016353798634785293,-0.02603052395944541,0.004744794377928162,0.01477220050880924,-0.02761212208542146,0.007907990629880271,0.01160900425685713,-0.03077531833737357
2019-09,2019-10,1,10,10,0.0203153617582294,0.0297561914919753,4.441899280849821,4.679808616429624,0.7352941176470589,0.8651026392961877,3.2007935138864934,0.003200793513886493,0.017114568244342907,0.026555397978088806,0.00480119027082974,0.015514171487399659,0.024955001221145558,0.008001983784716234,0.012313377973513166,0.021754207707259065
2019-10,2019-11,1,10,10,0.0159961829995105,0.0137823281561428,4.512952714611689,4.744307274489202,0.7411764705882353,0.8533724340175953,3.1890978092116615,0.0031890978092116618,0.012807085190298838,0.010593230346931139,0.004783646713817492,0.011212536285693008,0.008998681442325308,0.007972744523029153,0.008023438476481346,0.005809583633113647
2019-11,2019-12,1,10,10,-0.0075484756836252,-0.0137193949428628,4.4788868007840925,4.679218249260187,0.7096774193548387,0.847953216374269,3.1152612714582153,0.0031152612714582155,-0.010663736955083415,-0.016834656214321016,0.004672891907187323,-0.012221367590812523,-0.01839228685005012,0.007788153178645538,-0.015336628862270739,-0.02150754812150834
2019-12,2020-01,1,10,10,0.0122386635365619,-0.1268691570893121,4.533702389357237,4.08556977413962,0.6568914956011731,0.8128654970760234,2.939513985354393,0.002939513985354393,0.009299149551207506,-0.12980867107466648,0.00440927097803159,0.00782939255853031,-0.1312784280673437,0.007348784963385983,0.004889878573175917,-0.13421794205269807
2020-01,2020-02,1,10,10,0.0445034251952572,0.0050191588000501,4.735467674499556,4.106075897624712,0.7280701754385965,0.8746355685131195,3.205411487903432,0.003205411487903432,0.04129801370735377,0.001813747312146668,0.004808117231855149,0.03969530796340205,0.0002110415681949515,0.00801352871975858,0.03648989647549862,-0.0029943699197084797
2020-02,2020-03,1,10,10,0.0651363946291304,0.1108496700831677,5.043918965699249,4.561233056212859,0.7638483965014577,0.6627906976744187,2.853278188351753,0.002853278188351753,0.06228311644077865,0.10799639189481595,0.004279917282527629,0.06085647734660277,0.10656975280064007,0.0071331954708793825,0.058003199158251015,0.10371647461228832
2020-03,2020-04,1,10,10,0.0864248183140613,0.0870490392599192,5.479838745900656,4.958284011596773,0.8691860465116279,0.8231884057971015,3.384748904617459,0.003384748904617459,0.08304006940944385,0.08366429035530175,0.0050771233569261885,0.08134769495713512,0.08197191590299302,0.008461872261543647,0.07796294605251766,0.07858716699837556
2020-04,2020-05,1,10,10,0.0478961411943383,0.0312641090502597,5.74230187619652,5.113300343637493,0.6869565217391305,0.7687861271676301,2.9114852978135213,0.0029114852978135214,0.044984655896524776,0.028352623752446175,0.004367227946720282,0.04352891324761802,0.026896881103539418,0.007278713244533803,0.0406174279498045,0.023985395805725895
2020-05,2020-06,1,10,10,0.0402624241092465,,5.973500869699267,5.113300343637493,0.7323529411764707,0.7595307917888563,2.983767465930654,0.002983767465930654,0.037278656643315845,,0.004475651198895981,0.03578677291035052,,0.0074594186648266345,0.032803005444419865,
2020-06,2020-07,1,10,10,0.0370744446441845,-0.0386005031465416,6.194965097024921,4.915924377633702,0.7456140350877193,0.7784256559766763,3.0480793821287913,0.0030480793821287913,0.03402636526205571,-0.04164858252867039,0.004572119073193187,0.032502325570991315,-0.04317262221973479,0.007620198455321978,0.029454246188862526,-0.046220701601863576
2020-07,2020-08,1,10,10,0.0187842093859391,-0.0100336252062218,6.311332618546023,4.8665998348863955,0.7819767441860466,0.8260869565217391,3.216127401415571,0.0032161274014155714,0.015568081984523528,-0.013249752607637371,0.004824191102123357,0.013960018283815743,-0.014857816308345156,0.008040318503538929,0.010743890882400171,-0.018073943709760728
2020-08,2020-09,1,10,10,0.0002744015956977,0.0158851504817442,6.31306445828753,4.943906505597998,0.7797101449275362,0.8179190751445087,3.19525844014409,0.00319525844014409,-0.00292085684444639,0.01268989204160011,0.004792887660216135,-0.004518486064518435,0.011092262821528066,0.007988146100360225,-0.007713744504662525,0.007897004381383976
2020-09,2020-10,1,10,10,-0.0265626710698732,0.0176877685659887,6.145372603639131,5.0313531796809015,0.7225433526011561,0.7572254335260116,2.9595375722543356,0.0029595375722543354,-0.029522208642127536,0.014728230993734364,0.004439306358381504,-0.031001977428254703,0.013248462207607196,0.007398843930635839,-0.03396151500050904,0.010288924635352862
2020-10,2020-11,1,10,10,0.0182653038283858,0.0079884981553833,6.257619701383239,5.071546135275864,0.6358381502890174,0.7723342939481268,2.8163448884742883,0.002816344888474288,0.015448958939911512,0.005172153266909012,0.004224517332711433,0.01404078649567437,0.0037639808226718674,0.007040862221185721,0.01122444160720008,0.0009476359341975792
2020-11,2020-12,1,10,10,0.0233258179680993,,6.403583799451296,5.071546135275864,0.7371428571428571,0.7692307692307692,3.0127472527472525,0.0030127472527472525,0.020313070715352047,,0.004519120879120879,0.018806697088978423,,0.007531868131868132,0.01579394983623117,
2020-12,2021-01,1,10,10,0.0880136384399755,0.1040628559873129,6.967186508696288,5.5993057103840895,0.7677053824362606,0.7960339943342776,3.1274787535410766,0.0031274787535410767,0.08488615968643443,0.10093537723377181,0.004691218130311615,0.08332242030966389,0.09937163785700127,0.007818696883852692,0.0801949415561228,0.09624415910346021
2021-01,2021-02,1,10,10,-0.0020537357769126,0.027243444429831,6.952877748498955,5.751850084350575,0.6892655367231638,0.8,2.9785310734463275,0.0029785310734463276,-0.005032266850358928,0.02426491335638467,0.004467796610169492,-0.006521532387082092,0.02277564781966151,0.007446327683615819,-0.009500063460528419,0.01979711674621518
2021-02,2021-03,1,10,10,-0.0109445168779783,-0.0188888031679448,6.876781860629988,5.6432045202557495,0.800561797752809,0.8291316526610644,3.2593869008277467,0.003259386900827747,-0.014203903778806048,-0.02214819006877255,0.0048890803512416205,-0.015833597229219922,-0.02377788351918642,0.008148467252069367,-0.019092984130047667,-0.027037270420014164
2021-03,2021-04,1,10,10,0.0577211271042783,0.0234207845915653,7.273717460475807,5.775372797730807,0.7541899441340782,0.8635097493036212,3.235399386875399,0.003235399386875399,0.0544857277174029,0.0201853852046899,0.004853099080313099,0.0528680280239652,0.0185676855112522,0.008088498467188497,0.0496326286370898,0.015332286124376803
2021-04,2021-05,1,10,10,-0.0390494699568294,-0.0690753242896873,6.989682649028492,5.376437048833712,0.7134986225895317,0.8076923076923077,3.0423818605636788,0.0030423818605636787,-0.042091851817393076,-0.07211770615025097,0.0045635727908455185,-0.04361304274767491,-0.07363889708053281,0.007605954651409197,-0.04665542460823859,-0.0766812789410965
2021-05,2021-06,1,10,10,0.0459393648757649,0.0365454358218799,7.310784230608014,5.572921283952242,0.6767955801104972,0.8154269972451791,2.9844451547113526,0.0029844451547113527,0.04295491972105355,0.03356099066716855,0.004476667732067029,0.04146269714369787,0.03206876808981287,0.007461112886778381,0.03847825198898652,0.029084322935101516
2021-06,2021-07,1,10,10,0.013483986223942,-0.0216860659067967,7.409362744459745,5.452066545695064,0.6994535519125683,0.8392370572207084,3.077381218266553,0.0030773812182665534,0.010406605005675447,-0.024763447125063256,0.00461607182739983,0.00886791439654217,-0.026302137734196533,0.007693453045666383,0.005790533178275617,-0.029379518952463084
2021-07,2021-08,1,10,10,0.0813146231150517,,8.011852283548194,5.452066545695064,0.7035040431266846,0.8091397849462365,3.025287656145842,0.0030252876561458423,0.07828933545890586,,0.004537931484218763,0.07677669163083295,,0.007563219140364606,0.0737514039746871,
2021-08,2021-09,1,10,10,0.0055634272064272,-0.0720396823853574,8.056425640516363,5.059301403399359,0.7108753315649867,0.8201058201058201,3.0619623033416135,0.0030619623033416137,0.0025014649030855865,-0.07510164468869902,0.0045929434550124205,0.0009704837514147796,-0.07663262584036983,0.007654905758354034,-0.002091478551926834,-0.07969458814371144
2021-09,2021-10,1,10,10,-0.0069911815721868,-0.0270106174332362,8.000101706040692,4.922646548712703,0.7369791666666667,0.8515625,3.1770833333333335,0.0031770833333333334,-0.010168264905520133,-0.030187700766569535,0.004765625,-0.0117568065721868,-0.0317762424332362,0.007942708333333335,-0.014933889905520133,-0.03495332576656954
2021-10,2021-11,1,10,10,0.0682095389511718,0.0545530272784159,8.545784954972211,5.191191820166627,0.7512953367875648,0.8087855297157622,3.120161733006654,0.0031201617330066543,0.06508937721816514,0.05143286554540925,0.004680242599509981,0.06352929635166181,0.04987278467890592,0.007800404332516635,0.06040913461865516,0.04675262294589926
2021-11,2021-12,1,10,10,0.0223124799083786,-0.0338998183547785,8.736462610081354,5.015211360418166,0.7474226804123711,0.8200514138817481,3.1349481885882384,0.0031349481885882386,0.019177531719790364,-0.037034766543366744,0.004702422282882358,0.017610057625496243,-0.038602240637660865,0.007837370471470597,0.014475109436908004,-0.0417371888262491
2021-12,2022-01,1,10,10,0.0199188316766726,0.0249927497792306,8.910482738261107,5.140555283039053,0.7766497461928934,0.8045685279187818,3.1624365482233503,0.00316243654822335,0.01675639512844925,0.02183031323100725,0.0047436548223350255,0.015175176854337575,0.020249094956895572,0.007906091370558376,0.012012740306114225,0.017086658408672222
2022-01,2022-02,1,10,10,0.0049323348549917,-0.0156967778166973,8.954432222845835,5.059865128906739,0.7229219143576826,0.8165829145728644,3.0790096578610937,0.003079009657861094,0.001853325197130606,-0.01877578747455839,0.004618514486791641,0.00031382036820005923,-0.02031529230348894,0.007697524144652734,-0.0027651892896610342,-0.023394301961350034
2022-02,2022-03,1,10,10,-0.0549327848228826,-0.0822500142876735,8.462540324337157,4.643691149760458,0.736842105263158,0.8375,3.1486842105263158,0.0031486842105263157,-0.05808146903340892,-0.08539869849819982,0.0047230263157894735,-0.05965581113867208,-0.08697304060346298,0.00787171052631579,-0.0628044953491984,-0.09012172481398929
2022-03,2022-04,1,10,10,0.033660330271259,-0.0123530712733228,8.747392226588193,4.586327302016168,0.6856435643564356,0.8197530864197531,3.0107933015523773,0.0030107933015523776,0.03064953696970662,-0.015363864574875178,0.004516189952328566,0.02914414031893043,-0.016869261225651366,0.007526983253880943,0.02613334701737805,-0.019880054527203744
2022-04,2022-05,1,10,10,0.025390164142668,0.0394850462268243,8.969489951041567,4.767418647547624,0.7097560975609756,0.8467153284671532,3.112942852056258,0.003112942852056258,0.02227722129061174,0.03637210337476804,0.004669414278084387,0.02072074986458361,0.03481563194873991,0.007782357130140645,0.017607807012527354,0.03170268909668365
2022-05,2022-06,1,10,10,0.0454959859487535,-0.0550900797203336,9.37756573982164,4.50478117419402,0.6900726392251816,0.8526570048309179,3.085459288112199,0.003085459288112199,0.0424105266606413,-0.0581755390084458,0.004628188932168299,0.0408677970165852,-0.0597182686525019,0.007713648220280498,0.037782337728473,-0.06280372794061409
2022-06,2022-07,1,10,10,0.0189612937510383,-0.0075370847493116,9.555376518484072,4.470828256707016,0.7666666666666666,0.847980997624703,3.2292953285827393,0.0032292953285827392,0.01573199842245556,-0.01076638007789434,0.004843942992874109,0.014117350758164192,-0.012381027742185708,0.008073238321456849,0.010888055429581453,-0.015610323070768449
2022-07,2022-08,1,10,10,0.02729228921791,0.0353173858490535,9.816164618012564,4.628726223313989,0.7582938388625593,0.8368794326241135,3.1903465429733453,0.0031903465429733453,0.024101942674936656,0.03212703930608016,0.004785519814460018,0.02250676940344998,0.030531866034593482,0.007975866357433364,0.019316422860476634,0.027341519491620135
2022-08,2022-09,1,10,10,0.0197112467877716,0.024628542629088,10.009653461307602,4.742725004423255,0.7259953161592505,0.8032786885245902,3.0585480093676813,0.0030585480093676815,0.016652698778403918,0.02156999461972032,0.004587822014051522,0.015123424773720077,0.020040720615036478,0.007646370023419204,0.012064876764352396,0.016982172605668797
2022-09,2022-10,1,10,10,0.0351863712095059,0.0417606803015919,10.361856843675689,4.940784427091341,0.839907192575406,0.8009259259259259,3.281666237002664,0.0032816662370026644,0.03190470497250324,0.038479014064589236,0.004922499355503996,0.0302638718540019,0.0368381809460879,0.008204165592506661,0.02698220561699924,0.03355651470908524
2022-10,2022-11,1,10,10,-0.0308377512783851,-0.0662558539580711,10.042320479548184,4.613428535651664,0.8179723502304148,0.8206896551724138,3.277324010805657,0.003277324010805657,-0.034115075289190756,-0.06953317796887676,0.004915986016208486,-0.035753737294593586,-0.07117183997427959,0.008193310027014143,-0.03903106130539924,-0.07444916398508525
2022-11,2022-12,1,10,10,-0.013907369210026,-0.0049032866596313,9.9026582209137,4.590807573057641,0.7191780821917808,0.8246013667425969,3.0875588978687554,0.0030875588978687553,-0.016994928107894755,-0.007990845557500055,0.0046313383468031336,-0.018538707556829133,-0.009534625006434434,0.007718897244671888,-0.02162626645469789,-0.012622183904303188
2022-12,2023-01,1,10,10,0.0238183451886826,-0.0118970144644353,10.13852315270497,4.536190668957535,0.7149321266968326,0.8442437923250564,3.118351838043778,0.003118351838043778,0.02069999335063882,-0.015015366302479079,0.004677527757065667,0.01914081743161693,-0.016574542221500968,0.007795879595109446,0.016022465593573152,-0.019692894059544747
2023-01,2023-02,1,10,10,0.019209746057174,-0.0328286283540563,10.333281607863212,4.38727375134319,0.701123595505618,0.8834080717488789,3.169063334508994,0.003169063334508994,0.016040682722665008,-0.03599769168856529,0.004753595001763491,0.01445615105541051,-0.03758222335581979,0.007922658336272485,0.011287087720901517,-0.04075128669032878
2023-02,2023-03,1,10,10,0.010158155227323,0.0302081621226973,10.43824868644353,4.519805228100419,0.7718120805369127,0.8772321428571429,3.2980884467881113,0.0032980884467881115,0.006860066780534888,0.02691007367590919,0.0049471326701821675,0.005211022557140832,0.025261029452515134,0.008245221116970278,0.0019129341103527216,0.021962941005727023
2023-03,2023-04,1,10,10,0.0066157242054934,-0.0102389227436582,10.507305260941392,4.473527291553516,0.7533333333333333,0.8181818181818181,3.1430303030303026,0.003143030303030303,0.003472693902463097,-0.013381953046688502,0.004714545454545454,0.001901178750947946,-0.014953468198203654,0.007857575757575756,-0.001241851552082356,-0.018096498501233956
2023-04,2023-05,1,10,10,0.0031133067980383,,10.540017725839348,4.473527291553516,0.7290748898678414,0.865934065934066,3.1900179116038148,0.003190017911603815,-7.671111356551477e-05,,0.004785026867405722,-0.0016717200693674222,,0.007975044779009536,-0.004861737980971236,
2023-05,2023-06,1,10,10,0.0073469661847677,0.0471540594356693,10.617454879657943,4.68447226334652,0.7405764966740577,0.8296460176991151,3.1404450287463455,0.0031404450287463455,0.004206521156021355,0.04401361440692295,0.004710667543119518,0.002636298641648182,0.04244339189254978,0.007851112571865864,-0.0005041463870981639,0.03930294686380344
2023-06,2023-07,1,10,10,0.0323629888521233,0.0555004611785634,10.961067453566235,4.944462634340441,0.6951754385964912,0.8140043763676149,3.018359629928212,0.003018359629928212,0.029344629222195086,0.05248210154863519,0.004527539444892318,0.02783544940723098,0.05097292173367109,0.00754589907482053,0.024817089777302768,0.04795456210374287
2023-07,2023-08,1,10,10,-0.0016449446745347,0.0026521382507054,10.943037104031276,4.95757603282216,0.7145969498910676,0.8326086956521739,3.094411291086483,0.003094411291086483,-0.004739355965621183,-0.000442273040381083,0.004641616936629725,-0.006286561611164424,-0.0019894786859243245,0.007736028227716208,-0.009380972902250907,-0.005083889977010808
2023-08,2023-09,1,10,10,0.0454201285615384,-0.0099656684590373,11.44007125615006,4.9081704737185845,0.7164502164502164,0.796976241900648,3.0268529167017286,0.003026852916701729,0.04239327564483667,-0.012992521375739028,0.004540279375052593,0.04087984918648581,-0.014505947834089893,0.007567132291754322,0.037852996269784084,-0.01753280075079162
2023-09,2023-10,1,10,10,0.0053325324120306,-0.0346181363047417,11.50107580691942,4.738258759252486,0.6909871244635193,0.8008565310492506,2.9836873110255397,0.00298368731102554,0.00234884510100506,-0.037601823615767235,0.00447553096653831,0.0008570014454922902,-0.03909366727128001,0.00745921827756385,-0.00212668586553325,-0.04207735458230555
2023-10,2023-11,1,10,10,0.007768135101175,0.022323470948723,11.590417717596427,4.844033141012191,0.6503198294243071,0.825531914893617,2.9517034886358484,0.0029517034886358483,0.004816431612539151,0.019371767460087154,0.004427555232953773,0.0033405798682212265,0.017895915715769227,0.007379258721589621,0.00038887637958537856,0.01494421222713338
2023-11,2023-12,1,10,10,0.0006015329093891,-0.0048622668366526,11.597389735287129,4.820480159315001,0.6709129511677283,0.847457627118644,3.0367411565727447,0.0030367411565727447,-0.0024352082471836446,-0.007899007993225345,0.004555111734859117,-0.003953578825470017,-0.009417378571511717,0.007591852891431862,-0.006990319982042762,-0.012454119728084462
2023-12,2024-01,1,10,10,0.0037647064311442,0.0496534236014409,11.64105050300805,5.059833502627811,0.7194092827004219,0.7810526315789473,3.0009238285587383,0.0030009238285587385,0.0007637826025854613,0.04665249977288216,0.004501385742838107,-0.0007366793116939073,0.04515203785860279,0.007502309571396846,-0.0037376031402526462,0.042151114030044054
2024-01,2024-02,1,10,10,-0.0642826751637094,-0.0582967371951722,10.892732634958849,4.76486171867379,0.7494736842105263,0.7178947368421053,2.934736842105263,0.002934736842105263,-0.06721741200581467,-0.06123147403727746,0.004402105263157895,-0.06868478042686729,-0.0626988424583301,0.007336842105263157,-0.07161951726897256,-0.06563357930043535
2024-02,2024-03,1,10,10,0.015859019247489,0.011450445469516,11.065480691474413,4.819421507953248,0.7941176470588236,0.8553459119496856,3.2989271180170183,0.0032989271180170186,0.012560092129471982,0.008151518351498983,0.004948390677025527,0.010910628570463474,0.006502054792490474,0.008247317795042546,0.007611701452446454,0.0032031276744734546
2024-03,2024-04,1,10,10,0.0612416723734672,0.060952634084139,11.743149234636617,5.113177943624752,0.7677824267782427,0.8204592901878914,3.176483433932268,0.003176483433932268,0.05806518893953493,0.057776150650206734,0.004764725150898402,0.056476947222568796,0.0561879089332406,0.00794120858483067,0.05330046378863653,0.05301142549930833
2024-04,2024-05,1,10,10,0.0420970221496543,0.0306310136390167,12.23750084807381,5.269799766954641,0.7983367983367984,0.8174273858921162,3.231528368457829,0.0032315283684578294,0.03886549378119647,0.027399485270558868,0.004847292552686744,0.037249729596967554,0.025783721086329956,0.008078820921144573,0.03401820122850973,0.02255219271787213
2024-05,2024-06,1,10,10,0.0049899732197729,0.0010903468206797,12.298565649582644,5.275545676376159,0.7526205450733753,0.8389121338912133,3.183065357929177,0.003183065357929177,0.0018069078618437235,-0.002092718537249477,0.0047745980368937655,0.00021537518287913487,-0.0036842512162140652,0.007957663394822942,-0.0029676901750500416,-0.006867316574143242
2024-06,2024-07,1,10,10,0.0121290863641372,-0.0246371445533812,12.447736014501444,5.145571294949313,0.7634854771784232,0.8074534161490683,3.141877786654983,0.003141877786654983,0.008987208577482218,-0.027779022340036184,0.004712816679982475,0.007416269684154726,-0.029349961233363676,0.007854694466637457,0.004274391897499744,-0.03249183902001866
2024-07,2024-08,1,10,10,0.0285937750223873,0.035299242134455,12.803663777638166,5.3272060620098305,0.7345679012345678,0.8049281314168377,3.078992065302811,0.0030789920653028113,0.025514782957084488,0.03222025006915218,0.004618488097954216,0.023975286924433084,0.03068075403650078,0.007697480163257028,0.02089629485913027,0.027601761971197968
2024-08,2024-09,1,10,10,-0.0401803999909658,-0.0392837324722174,12.289207445702823,5.117933524245461,0.7213114754098361,0.8135245901639344,3.069672131147541,0.003069672131147541,-0.04325007212211334,-0.04235340460336494,0.004604508196721311,-0.044784908187687114,-0.04388824066893871,0.007674180327868853,-0.047854580318834654,-0.04695791280008625
2024-09,2024-10,1,10,10,-0.0616626940041731,0.0011889892630635,11.531421807424644,5.124018692254861,0.7137014314928425,0.846938775510204,3.121280414006093,0.003121280414006093,-0.0647839744181792,-0.001932291150942593,0.00468192062100914,-0.06634461462518225,-0.00349293135794564,0.007803201035015233,-0.06946589503918833,-0.0066142117719517335
2024-10,2024-11,1,10,10,0.0093179235317233,-0.014171285284661,11.638870714038276,5.051404761562981,0.7551020408163265,0.8024439918533605,3.1150920653393737,0.0031150920653393735,0.006202831466383926,-0.017286377350000375,0.004672638098009061,0.004645285433714239,-0.01884392338267006,0.007787730163348434,0.0015301933683748653,-0.021959015448009434
2024-11,2024-12,1,10,10,0.0256763455337023,0.0485895239168497,11.937714380114013,5.2968501140386355,0.6918367346938776,0.7393075356415479,2.862288540670851,0.002862288540670851,0.022814056993031448,0.04572723537617885,0.004293432811006277,0.021382912722696025,0.04429609110584343,0.007155721351677128,0.018520624182025172,0.041433802565172574
2024-12,2025-01,1,10,10,0.0168864999555178,0.0016974206832265,12.13930059346279,5.305841096978155,0.6537678207739308,0.7621951219512195,2.8319258854503007,0.0028319258854503006,0.014054574070067499,-0.0011345052022238007,0.004247888828175451,0.01263861112734235,-0.002550468144948951,0.007079814713625752,0.009806685241892047,-0.005382394030399251
2025-01,2025-02,1,10,10,-0.0157169678509964,-0.0063811963702284,11.948507596301754,5.271983483029109,0.6971544715447154,0.8052738336713996,3.0048566104322303,0.0030048566104322306,-0.01872182446142863,-0.00938605298066063,0.004507284915648346,-0.020224252766644746,-0.010888481285876744,0.007512141526080576,-0.023229109377076975,-0.013893337896308975
2025-02,2025-03,1,10,10,0.0188590847794826,-0.01331043928675,12.1738455140487,5.201811066957501,0.6896551724137931,0.8218623481781376,3.023035041183862,0.0030230350411838617,0.01583604973829874,-0.01633347432793386,0.004534552561775792,0.014324532217706808,-0.017844991848525792,0.007557587602959655,0.011301497176522946,-0.020868026889709654
2025-03,2025-04,1,10,10,0.0256889366573797,0.0214933148711618,12.486578660335825,5.313615230119913,0.7383367139959431,0.8461538461538461,3.168981120299579,0.003168981120299579,0.022519955537080118,0.018324333750862218,0.004753471680449368,0.02093546497693033,0.01673984319071243,0.007922452800748946,0.017766483856630752,0.013570862070412852
2025-04,2025-05,1,10,10,-0.01903150408214,,12.24894028758968,5.313615230119913,0.7748478701825557,0.8360323886639676,3.2217605176930464,0.0032217605176930466,-0.022253264599833046,,0.00483264077653957,-0.02386414485867957,,0.008054401294232617,-0.027085905376372617,
2025-05,2025-06,1,10,10,0.0253825215325107,,12.559849278189862,5.313615230119913,0.7716049382716049,0.8151950718685832,3.173600020280376,0.0031736000202803763,0.022208921512230324,,0.004760400030420564,0.020622121502090137,,0.00793400005070094,0.01744852148180976,
2025-06,2025-07,1,10,10,0.0415690097732268,0.0778614640454341,13.081949775585192,5.727341091311167,0.6993865030674846,0.7959183673469388,2.990609740828847,0.002990609740828847,0.03857840003239795,0.07487085430460526,0.00448591461124327,0.03708309516198353,0.07337554943419083,0.007476524352072117,0.03409248542115468,0.07038493969336199
2025-07,2025-08,1,10,10,-0.0122207158164608,0.0594949395893378,12.92207898505255,6.068088903546257,0.6918367346938776,0.8387755102040817,3.0612244897959187,0.0030612244897959186,-0.015281940306256719,0.05643371509954188,0.004591836734693878,-0.01681255255115468,0.05490310285464392,0.007653061224489797,-0.019873777040950596,0.051841878364848
2025-08,2025-09,1,10,10,0.0663920210603059,0.0181171605860591,13.780001925171096,6.178025444662289,0.6789366053169734,0.8510204081632653,3.0599140269604774,0.0030599140269604776,0.06333210703334542,0.015057246559098623,0.0045898710404407165,0.06180215001986518,0.013527289545618385,0.007649785067401194,0.0587422359929047,0.010467375518657906
2025-09,2025-10,1,10,10,-0.0144811757110499,-0.0401391996130429,13.580451295994086,5.930044448124531,0.7489795918367347,0.8105906313645621,3.119140446402594,0.003119140446402594,-0.017600316157452493,-0.043258340059445496,0.0046787106696038906,-0.01915988638065379,-0.04481791028264679,0.0077978511160064845,-0.022279026827056386,-0.047937050729049385
2025-10,2025-11,1,10,10,0.0222385395153482,0.0302494597026417,13.882460698776312,6.109425088692948,0.773469387755102,0.8044806517311609,3.155900078972526,0.0031559000789725257,0.019082639436375674,0.027093559623669175,0.004733850118458789,0.01750468939688941,0.025515609584182912,0.007889750197431315,0.014348789317916884,0.022359709505210386
2025-11,2025-12,1,10,10,0.0113255715740532,0.011793508736907,14.039687501044284,6.181476646853927,0.7433808553971486,0.8431771894093687,3.1731160896130346,0.0031731160896130346,0.008152455484440166,0.008620392647293966,0.004759674134419552,0.006565897439633648,0.007033834602487448,0.007932790224032586,0.003392781350020614,0.003860718512874414
2025-12,2026-01,1,10,10,0.0688297016417441,0.1175316935246775,15.006035002884488,6.907996065641914,0.7134146341463414,0.7768762677484787,2.98058180378964,0.0029805818037896403,0.06584911983795445,0.11455111172088786,0.00447087270568446,0.06435882893605964,0.11306082081899305,0.007451454509474101,0.06137824713227,0.1100802390152034
2026-01,2026-02,1,10,10,-0.0066093885781058,-0.0159466890060273,14.906854286533768,6.7978364007282615,0.693089430894309,0.8255578093306288,3.0372944804498756,0.0030372944804498755,-0.009646683058555676,-0.018983983486477174,0.004555941720674813,-0.011165330298780612,-0.020502630726702113,0.0075932362011246896,-0.01420262477923049,-0.02353992520715199
2026-02,2026-03,1,10,10,0.0329771357192817,0.0237908037132549,15.398439643488349,6.959562392212806,0.7723577235772358,0.8559837728194726,3.256682992793417,0.003256682992793417,0.029720452726488284,0.02053412072046148,0.004885024489190125,0.028092111230091577,0.018905779224064775,0.008141707481983543,0.02483542823729816,0.015649096231271357
2026-03,2026-04,1,10,10,0.0162964234344596,-0.0637885363715995,15.6493791361486,6.515622093426724,0.757085020242915,0.7894736842105263,3.093117408906883,0.003093117408906883,0.013203306025552718,-0.06688165378050638,0.004639676113360324,0.011656747321099278,-0.06842821248495982,0.007732793522267208,0.008563629912192394,-0.0715213298938667
2026-04,2026-05,1,10,10,0.0949877736909087,0.1703958403995897,17.135878819936316,7.625856995762304,0.8101010101010101,0.8548387096774194,3.329879439556859,0.0033298794395568592,0.09165789425135185,0.16706596096003282,0.004994819159335288,0.08999295453157341,0.1654010212402544,0.008324698598892148,0.08666307509201655,0.16207114180069754
2026-05,2026-06,1,10,10,0.0864102621285217,0.1454098733404736,18.6165946005696,8.734731895628666,0.8008213552361396,0.7766393442622951,3.154921398996869,0.003154921398996869,0.08325534072952483,0.14225495194147672,0.004732382098495304,0.08167788003002639,0.1406774912419783,0.007887303497492172,0.07852295863102952,0.13752256984298142
2026-06,2026-07,1,10,10,-0.0037396191872209,-0.0583644412429544,18.546975626200595,8.224934149133286,0.7479674796747968,0.8012170385395537,3.098369036428701,0.003098369036428701,-0.0068379882236496,-0.06146281027938311,0.0046475535546430516,-0.00838717274186395,-0.06301199479759745,0.007745922591071752,-0.011485541778292651,-0.06611036383402616
